{
  "parameters": {
    "dataset": "app_final_120_very_loose",
    "t_max": 1000.0,
    "t_min": 10.0,
    "alpha": 0.9,
    "iters_per_T": 1000,
    "neighborhood": "mixed",
    "day_horizon": 600,
    "time_weight": 1.0
  },
  "initial_cost": 9577.64,
  "best_cost": 9494.79,
  "improvement_pct": 0.00865035645524352,
  "best_routes": [
    [
      0,
      26,
      72,
      12,
      32,
      41,
      100,
      80,
      2,
      17,
      103,
      73,
      109,
      49,
      34,
      106,
      82,
      44,
      0
    ],
    [
      0,
      36,
      112,
      115,
      7,
      116,
      119,
      81,
      65,
      114,
      105,
      118,
      60,
      23,
      5,
      62,
      31,
      35,
      67,
      6,
      77,
      113,
      8,
      48,
      51,
      85,
      52,
      0
    ],
    [
      0,
      101,
      70,
      33,
      58,
      59,
      25,
      47,
      38,
      55,
      50,
      39,
      76,
      3,
      20,
      74,
      69,
      61,
      27,
      37,
      87,
      66,
      117,
      40,
      14,
      45,
      24,
      93,
      56,
      13,
      29,
      110,
      0
    ],
    [
      0,
      104,
      10,
      96,
      15,
      71,
      54,
      68,
      64,
      92,
      102,
      83,
      97,
      75,
      108,
      88,
      99,
      63,
      95,
      28,
      46,
      9,
      86,
      94,
      91,
      0
    ],
    [
      0,
      111,
      107,
      18,
      1,
      89,
      43,
      78,
      22,
      11,
      4,
      98,
      30,
      53,
      90,
      19,
      84,
      16,
      21,
      42,
      57,
      120,
      79,
      0
    ]
  ],
  "metrics_initial": {
    "vehicles_used": 5,
    "total_distance_km": 2635.55,
    "cost_distance": 2635.55,
    "cost_time": 2442.09,
    "vehicle_cost": 4500.0,
    "waiting_E": 92.49000000000004,
    "horizon_excess_E": 0.0,
    "makespan_E": 595.2700000000001,
    "sum_route_time_E": 2442.09,
    "avg_route_time_E": 488.418
  },
  "metrics_best": {
    "vehicles_used": 5,
    "total_distance_km": 2451.2700000000013,
    "cost_distance": 2451.2700000000013,
    "cost_time": 2543.52,
    "vehicle_cost": 4500.0,
    "waiting_E": 310.7299999999999,
    "horizon_excess_E": 0.0,
    "makespan_E": 547.77,
    "sum_route_time_E": 2543.52,
    "avg_route_time_E": 508.704
  },
  "metrics_delta": {
    "vehicles_used": 0,
    "total_distance_km": -184.27999999999884,
    "cost_distance": -184.27999999999884,
    "cost_time": 101.42999999999984,
    "vehicle_cost": 0.0,
    "waiting_E": 218.23999999999987,
    "horizon_excess_E": 0.0,
    "makespan_E": -47.500000000000114,
    "sum_route_time_E": 101.42999999999984,
    "avg_route_time_E": 20.286
  },
  "process": {
    "runtime_seconds": 16.94586730003357,
    "epochs": 44,
    "accepted_moves": 4883,
    "improving_moves": 1110,
    "rejected_window_E_moves": 37895,
    "rejected_window_P_moves": 37438,
    "rejected_window_both_moves": 36805
  },
  "trace_improvements": [
    [
      0,
      9577.64
    ],
    [
      43,
      9494.79
    ]
  ]
}