{
  "parameters": {
    "dataset": "app_final_120_loose",
    "t_max": 1000.0,
    "t_min": 10.0,
    "alpha": 0.9,
    "iters_per_T": 500,
    "neighborhood": "mixed",
    "day_horizon": 600,
    "time_weight": 1.0
  },
  "initial_cost": 7944.5599999999995,
  "best_cost": 7944.5599999999995,
  "improvement_pct": 0.0,
  "best_routes": [
    [
      0,
      89,
      112,
      22,
      71,
      108,
      67,
      16,
      85,
      82,
      117,
      50,
      69,
      102,
      64,
      47,
      42,
      32,
      87,
      8,
      76,
      38,
      49,
      96,
      65,
      7,
      81,
      6,
      26,
      83,
      86,
      14,
      72,
      34,
      24,
      100,
      73,
      31,
      90,
      17,
      0
    ],
    [
      0,
      91,
      51,
      18,
      29,
      13,
      68,
      111,
      84,
      55,
      61,
      66,
      109,
      2,
      43,
      1,
      25,
      4,
      56,
      99,
      46,
      57,
      105,
      28,
      74,
      15,
      37,
      3,
      118,
      5,
      98,
      104,
      54,
      19,
      0
    ],
    [
      0,
      97,
      110,
      114,
      79,
      88,
      115,
      9,
      41,
      35,
      21,
      30,
      39,
      78,
      103,
      106,
      58,
      101,
      10,
      48,
      116,
      75,
      53,
      107,
      44,
      52,
      12,
      62,
      40,
      36,
      93,
      119,
      77,
      60,
      33,
      45,
      0
    ],
    [
      0,
      20,
      120,
      70,
      63,
      113,
      95,
      80,
      92,
      59,
      23,
      94,
      11,
      27,
      0
    ]
  ],
  "metrics_initial": {
    "vehicles_used": 4,
    "total_distance_km": 2222.48,
    "cost_distance": 2222.48,
    "cost_time": 2122.08,
    "vehicle_cost": 3600.0,
    "waiting_E": 105.83999999999997,
    "horizon_excess_E": 0.0,
    "makespan_E": 599.2300000000001,
    "sum_route_time_E": 2122.08,
    "avg_route_time_E": 530.52
  },
  "metrics_best": {
    "vehicles_used": 4,
    "total_distance_km": 2222.48,
    "cost_distance": 2222.48,
    "cost_time": 2122.08,
    "vehicle_cost": 3600.0,
    "waiting_E": 105.83999999999997,
    "horizon_excess_E": 0.0,
    "makespan_E": 599.2300000000001,
    "sum_route_time_E": 2122.08,
    "avg_route_time_E": 530.52
  },
  "metrics_delta": {
    "vehicles_used": 0,
    "total_distance_km": 0.0,
    "cost_distance": 0.0,
    "cost_time": 0.0,
    "vehicle_cost": 0.0,
    "waiting_E": 0.0,
    "horizon_excess_E": 0.0,
    "makespan_E": 0.0,
    "sum_route_time_E": 0.0,
    "avg_route_time_E": 0.0
  },
  "process": {
    "runtime_seconds": 7.452486515045166,
    "epochs": 44,
    "accepted_moves": 1515,
    "improving_moves": 254,
    "rejected_window_E_moves": 20290,
    "rejected_window_P_moves": 20010,
    "rejected_window_both_moves": 19848
  },
  "trace_improvements": [
    [
      0,
      7944.5599999999995
    ]
  ]
}