{
  "parameters": {
    "dataset": "app_final_120_medium",
    "t_max": 1000.0,
    "t_min": 10.0,
    "alpha": 0.9,
    "iters_per_T": 10000,
    "neighborhood": "mixed",
    "day_horizon": 600,
    "time_weight": 1.0
  },
  "initial_cost": 13892.869999999999,
  "best_cost": 10887.98,
  "improvement_pct": 0.21629008261072044,
  "best_routes": [
    [
      0,
      62,
      117,
      52,
      5,
      64,
      40,
      59,
      77,
      98,
      1,
      6,
      89,
      120,
      95,
      16,
      99,
      41,
      116,
      103,
      0
    ],
    [
      0,
      53,
      78,
      43,
      66,
      115,
      114,
      87,
      118,
      70,
      111,
      83,
      36,
      92,
      93,
      81,
      34,
      91,
      85,
      0
    ],
    [
      0,
      82,
      45,
      71,
      74,
      50,
      7,
      48,
      13,
      8,
      108,
      32,
      3,
      97,
      61,
      101,
      46,
      20,
      55,
      0
    ],
    [
      0,
      31,
      25,
      19,
      106,
      29,
      88,
      42,
      112,
      33,
      75,
      94,
      18,
      27,
      65,
      84,
      107,
      24,
      39,
      76,
      0
    ],
    [
      0,
      28,
      10,
      102,
      105,
      2,
      73,
      100,
      60,
      56,
      12,
      109,
      37,
      26,
      9,
      15,
      4,
      30,
      23,
      49,
      44,
      86,
      80,
      22,
      68,
      119,
      67,
      0
    ],
    [
      0,
      54,
      96,
      51,
      90,
      57,
      47,
      38,
      21,
      58,
      35,
      11,
      72,
      14,
      63,
      110,
      113,
      69,
      79,
      104,
      17,
      0
    ]
  ],
  "metrics_initial": {
    "vehicles_used": 7,
    "total_distance_km": 3814.1899999999996,
    "cost_distance": 3814.1899999999996,
    "cost_time": 3778.6800000000003,
    "vehicle_cost": 6300.0,
    "waiting_E": 367.19000000000005,
    "horizon_excess_E": 0.0,
    "makespan_E": 585.98,
    "sum_route_time_E": 3778.6800000000003,
    "avg_route_time_E": 539.8114285714286
  },
  "metrics_best": {
    "vehicles_used": 6,
    "total_distance_km": 2540.889999999999,
    "cost_distance": 2540.889999999999,
    "cost_time": 2947.09,
    "vehicle_cost": 5400.0,
    "waiting_E": 646.59,
    "horizon_excess_E": 0.0,
    "makespan_E": 535.63,
    "sum_route_time_E": 2947.09,
    "avg_route_time_E": 491.1816666666667
  },
  "metrics_delta": {
    "vehicles_used": -1,
    "total_distance_km": -1273.3000000000006,
    "cost_distance": -1273.3000000000006,
    "cost_time": -831.5900000000001,
    "vehicle_cost": -900.0,
    "waiting_E": 279.4,
    "horizon_excess_E": 0.0,
    "makespan_E": -50.35000000000002,
    "sum_route_time_E": -831.5900000000001,
    "avg_route_time_E": -48.62976190476189
  },
  "process": {
    "runtime_seconds": 172.92154026031494,
    "epochs": 44,
    "accepted_moves": 55355,
    "improving_moves": 11453,
    "rejected_window_E_moves": 372891,
    "rejected_window_P_moves": 372793,
    "rejected_window_both_moves": 367597
  },
  "trace_improvements": [
    [
      0,
      13892.869999999999
    ],
    [
      20,
      13832.310000000001
    ],
    [
      21,
      13756.31
    ],
    [
      23,
      13744.36
    ],
    [
      24,
      13648.279999999999
    ],
    [
      27,
      13553.29
    ],
    [
      28,
      13494.43
    ],
    [
      30,
      13259.189999999999
    ],
    [
      31,
      13181.31
    ],
    [
      32,
      13158.380000000001
    ],
    [
      33,
      13100.620000000003
    ],
    [
      34,
      13011.900000000001
    ],
    [
      36,
      12804.649999999998
    ],
    [
      37,
      12535.100000000002
    ],
    [
      38,
      11349.84
    ],
    [
      39,
      11227.72
    ],
    [
      40,
      11152.349999999999
    ],
    [
      41,
      11067.94
    ],
    [
      42,
      10902.679999999998
    ],
    [
      43,
      10887.98
    ]
  ]
}