{
  "parameters": {
    "dataset": "app_final_40_medium",
    "t_max": 1000.0,
    "t_min": 10.0,
    "alpha": 0.9,
    "iters_per_T": 15000,
    "neighborhood": "mixed",
    "day_horizon": 600,
    "time_weight": 1.0
  },
  "initial_cost": 6085.45,
  "best_cost": 5271.73,
  "improvement_pct": 0.1337156660559203,
  "best_routes": [
    [
      0,
      14,
      33,
      27,
      3,
      36,
      1,
      28,
      38,
      8,
      21,
      9,
      0
    ],
    [
      0,
      37,
      39,
      35,
      7,
      32,
      23,
      30,
      29,
      6,
      24,
      4,
      34,
      31,
      25,
      2,
      15,
      19,
      22,
      0
    ],
    [
      0,
      11,
      5,
      17,
      12,
      16,
      40,
      13,
      20,
      18,
      10,
      26,
      0
    ]
  ],
  "metrics_initial": {
    "vehicles_used": 3,
    "total_distance_km": 1722.8400000000004,
    "cost_distance": 1722.8400000000004,
    "cost_time": 1662.61,
    "vehicle_cost": 2700.0,
    "waiting_E": 126.65,
    "horizon_excess_E": 0.0,
    "makespan_E": 589.23,
    "sum_route_time_E": 1662.61,
    "avg_route_time_E": 554.2033333333333
  },
  "metrics_best": {
    "vehicles_used": 3,
    "total_distance_km": 1168.9299999999998,
    "cost_distance": 1168.9299999999998,
    "cost_time": 1402.8000000000002,
    "vehicle_cost": 2700.0,
    "waiting_E": 347.1300000000001,
    "horizon_excess_E": 0.0,
    "makespan_E": 543.8000000000001,
    "sum_route_time_E": 1402.8000000000002,
    "avg_route_time_E": 467.6000000000001
  },
  "metrics_delta": {
    "vehicles_used": 0,
    "total_distance_km": -553.9100000000005,
    "cost_distance": -553.9100000000005,
    "cost_time": -259.8099999999997,
    "vehicle_cost": 0.0,
    "waiting_E": 220.4800000000001,
    "horizon_excess_E": 0.0,
    "makespan_E": -45.42999999999995,
    "sum_route_time_E": -259.8099999999997,
    "avg_route_time_E": -86.60333333333318
  },
  "process": {
    "runtime_seconds": 100.75124335289001,
    "epochs": 44,
    "accepted_moves": 99460,
    "improving_moves": 18356,
    "rejected_window_E_moves": 535855,
    "rejected_window_P_moves": 539682,
    "rejected_window_both_moves": 530518
  },
  "trace_improvements": [
    [
      0,
      5831.599999999999
    ],
    [
      1,
      5827.650000000001
    ],
    [
      2,
      5823.639999999999
    ],
    [
      3,
      5704.8099999999995
    ],
    [
      24,
      5506.089999999999
    ],
    [
      26,
      5505.94
    ],
    [
      35,
      5422.7
    ],
    [
      39,
      5348.09
    ],
    [
      40,
      5326.719999999999
    ],
    [
      41,
      5308.0599999999995
    ],
    [
      42,
      5295.2
    ],
    [
      43,
      5271.73
    ]
  ]
}