{
  "parameters": {
    "dataset": "app_final_200_medium",
    "t_max": 1000.0,
    "t_min": 10.0,
    "alpha": 0.9,
    "iters_per_T": 10000,
    "neighborhood": "mixed",
    "day_horizon": 600,
    "time_weight": 1.0
  },
  "initial_cost": 16855.43,
  "best_cost": 15242.530000000002,
  "improvement_pct": 0.09569023157522519,
  "best_routes": [
    [
      0,
      184,
      177,
      174,
      100,
      82,
      118,
      115,
      52,
      54,
      30,
      114,
      18,
      143,
      155,
      107,
      71,
      31,
      63,
      7,
      51,
      181,
      131,
      186,
      154,
      194,
      0
    ],
    [
      0,
      180,
      122,
      195,
      77,
      41,
      138,
      141,
      117,
      166,
      10,
      108,
      150,
      16,
      48,
      163,
      98,
      24,
      156,
      1,
      109,
      21,
      153,
      128,
      160,
      112,
      29,
      147,
      47,
      0
    ],
    [
      0,
      111,
      197,
      67,
      64,
      61,
      182,
      44,
      94,
      26,
      80,
      165,
      161,
      27,
      129,
      158,
      175,
      14,
      132,
      200,
      96,
      87,
      11,
      68,
      22,
      120,
      45,
      0
    ],
    [
      0,
      192,
      86,
      15,
      162,
      176,
      139,
      145,
      76,
      148,
      70,
      2,
      126,
      43,
      123,
      93,
      37,
      12,
      59,
      72,
      103,
      66,
      78,
      178,
      169,
      106,
      89,
      110,
      144,
      62,
      95,
      38,
      193,
      151,
      20,
      97,
      0
    ],
    [
      0,
      65,
      133,
      135,
      4,
      8,
      102,
      34,
      6,
      140,
      0
    ],
    [
      0,
      171,
      28,
      190,
      36,
      130,
      58,
      33,
      125,
      189,
      74,
      23,
      79,
      35,
      116,
      187,
      152,
      113,
      9,
      55,
      39,
      84,
      57,
      40,
      92,
      75,
      13,
      42,
      0
    ],
    [
      0,
      142,
      196,
      179,
      136,
      188,
      127,
      159,
      56,
      49,
      105,
      17,
      90,
      60,
      91,
      50,
      69,
      191,
      0
    ],
    [
      0,
      173,
      73,
      185,
      83,
      170,
      88,
      3,
      121,
      99,
      183,
      81,
      137,
      134,
      146,
      104,
      172,
      32,
      101,
      157,
      19,
      198,
      124,
      5,
      119,
      168,
      46,
      199,
      25,
      53,
      167,
      149,
      85,
      164,
      0
    ]
  ],
  "metrics_initial": {
    "vehicles_used": 8,
    "total_distance_km": 5197.43,
    "cost_distance": 5197.43,
    "cost_time": 4458.0,
    "vehicle_cost": 7200.0,
    "waiting_E": 506.91999999999996,
    "horizon_excess_E": 0.0,
    "makespan_E": 597.09,
    "sum_route_time_E": 4458.0,
    "avg_route_time_E": 557.25
  },
  "metrics_best": {
    "vehicles_used": 8,
    "total_distance_km": 4148.850000000001,
    "cost_distance": 4148.850000000001,
    "cost_time": 3893.68,
    "vehicle_cost": 7200.0,
    "waiting_E": 622.9299999999998,
    "horizon_excess_E": 0.0,
    "makespan_E": 587.8499999999999,
    "sum_route_time_E": 3893.68,
    "avg_route_time_E": 486.71
  },
  "metrics_delta": {
    "vehicles_used": 0,
    "total_distance_km": -1048.579999999999,
    "cost_distance": -1048.579999999999,
    "cost_time": -564.3200000000002,
    "vehicle_cost": 0.0,
    "waiting_E": 116.00999999999988,
    "horizon_excess_E": 0.0,
    "makespan_E": -9.240000000000123,
    "sum_route_time_E": -564.3200000000002,
    "avg_route_time_E": -70.54000000000002
  },
  "process": {
    "runtime_seconds": 269.09944343566895,
    "epochs": 44,
    "accepted_moves": 41208,
    "improving_moves": 8284,
    "rejected_window_E_moves": 390616,
    "rejected_window_P_moves": 388051,
    "rejected_window_both_moves": 384551
  },
  "trace_improvements": [
    [
      0,
      16855.43
    ],
    [
      23,
      16837.999999999996
    ],
    [
      28,
      16802.699999999997
    ],
    [
      29,
      16651.35
    ],
    [
      32,
      16573.909999999996
    ],
    [
      33,
      16307.569999999996
    ],
    [
      34,
      16099.619999999997
    ],
    [
      35,
      15822.8
    ],
    [
      36,
      15734.82
    ],
    [
      38,
      15540.389999999996
    ],
    [
      39,
      15374.929999999997
    ],
    [
      40,
      15301.09
    ],
    [
      41,
      15289.66
    ],
    [
      43,
      15242.530000000002
    ]
  ]
}