{
  "parameters": {
    "dataset": "app_final_80_very_loose",
    "t_max": 1000.0,
    "t_min": 10.0,
    "alpha": 0.9,
    "iters_per_T": 10000,
    "neighborhood": "mixed",
    "day_horizon": 600,
    "time_weight": 1.0
  },
  "initial_cost": 6154.709999999999,
  "best_cost": 5636.5199999999995,
  "improvement_pct": 0.08419405625935254,
  "best_routes": [
    [
      0,
      7,
      33,
      61,
      29,
      71,
      42,
      23,
      60,
      18,
      78,
      20,
      28,
      55,
      16,
      54,
      66,
      14,
      59,
      45,
      48,
      2,
      41,
      58,
      13,
      56,
      39,
      51,
      12,
      30,
      9,
      0
    ],
    [
      0,
      40,
      5,
      63,
      31,
      70,
      17,
      27,
      19,
      53,
      65,
      8,
      50,
      46,
      37,
      1,
      69,
      77,
      64,
      79,
      80,
      72,
      0
    ],
    [
      0,
      11,
      3,
      35,
      76,
      4,
      44,
      75,
      68,
      34,
      22,
      24,
      67,
      25,
      47,
      32,
      36,
      52,
      43,
      74,
      15,
      62,
      49,
      21,
      26,
      57,
      73,
      38,
      10,
      6,
      0
    ]
  ],
  "metrics_initial": {
    "vehicles_used": 3,
    "total_distance_km": 1864.99,
    "cost_distance": 1864.99,
    "cost_time": 1589.7199999999998,
    "vehicle_cost": 2700.0,
    "waiting_E": 20.30000000000001,
    "horizon_excess_E": 0.0,
    "makespan_E": 596.4899999999999,
    "sum_route_time_E": 1589.7199999999998,
    "avg_route_time_E": 529.9066666666666
  },
  "metrics_best": {
    "vehicles_used": 3,
    "total_distance_km": 1485.0499999999997,
    "cost_distance": 1485.0499999999997,
    "cost_time": 1451.47,
    "vehicle_cost": 2700.0,
    "waiting_E": 179.44000000000003,
    "horizon_excess_E": 0.0,
    "makespan_E": 540.05,
    "sum_route_time_E": 1451.47,
    "avg_route_time_E": 483.8233333333333
  },
  "metrics_delta": {
    "vehicles_used": 0,
    "total_distance_km": -379.9400000000003,
    "cost_distance": -379.9400000000003,
    "cost_time": -138.24999999999977,
    "vehicle_cost": 0.0,
    "waiting_E": 159.14000000000001,
    "horizon_excess_E": 0.0,
    "makespan_E": -56.43999999999994,
    "sum_route_time_E": -138.24999999999977,
    "avg_route_time_E": -46.083333333333314
  },
  "process": {
    "runtime_seconds": 107.20009875297546,
    "epochs": 44,
    "accepted_moves": 48040,
    "improving_moves": 12006,
    "rejected_window_E_moves": 378228,
    "rejected_window_P_moves": 369381,
    "rejected_window_both_moves": 363247
  },
  "trace_improvements": [
    [
      0,
      6154.709999999999
    ],
    [
      27,
      6127.780000000001
    ],
    [
      28,
      6108.970000000001
    ],
    [
      32,
      6105.61
    ],
    [
      34,
      6020.400000000001
    ],
    [
      35,
      5891.68
    ],
    [
      36,
      5867.17
    ],
    [
      37,
      5809.75
    ],
    [
      38,
      5799.539999999999
    ],
    [
      39,
      5695.55
    ],
    [
      43,
      5636.5199999999995
    ]
  ]
}