{
  "parameters": {
    "dataset": "app_final_40_medium",
    "t_max": 1000.0,
    "t_min": 10.0,
    "alpha": 0.9,
    "iters_per_T": 2000,
    "neighborhood": "mixed",
    "day_horizon": 600,
    "time_weight": 1.0
  },
  "initial_cost": 6085.45,
  "best_cost": 5386.98,
  "improvement_pct": 0.11477705017706173,
  "best_routes": [
    [
      0,
      11,
      5,
      17,
      13,
      40,
      24,
      29,
      6,
      31,
      25,
      36,
      1,
      28,
      38,
      8,
      21,
      9,
      0
    ],
    [
      0,
      30,
      23,
      32,
      35,
      7,
      4,
      34,
      2,
      15,
      19,
      22,
      0
    ],
    [
      0,
      16,
      37,
      12,
      39,
      3,
      27,
      33,
      10,
      18,
      20,
      26,
      14,
      0
    ]
  ],
  "metrics_initial": {
    "vehicles_used": 3,
    "total_distance_km": 1722.8400000000004,
    "cost_distance": 1722.8400000000004,
    "cost_time": 1662.61,
    "vehicle_cost": 2700.0,
    "waiting_E": 126.65,
    "horizon_excess_E": 0.0,
    "makespan_E": 589.23,
    "sum_route_time_E": 1662.61,
    "avg_route_time_E": 554.2033333333333
  },
  "metrics_best": {
    "vehicles_used": 3,
    "total_distance_km": 1241.8399999999997,
    "cost_distance": 1241.8399999999997,
    "cost_time": 1445.14,
    "vehicle_cost": 2700.0,
    "waiting_E": 326.1,
    "horizon_excess_E": 0.0,
    "makespan_E": 543.8000000000001,
    "sum_route_time_E": 1445.14,
    "avg_route_time_E": 481.71333333333337
  },
  "metrics_delta": {
    "vehicles_used": 0,
    "total_distance_km": -481.0000000000007,
    "cost_distance": -481.0000000000007,
    "cost_time": -217.4699999999998,
    "vehicle_cost": 0.0,
    "waiting_E": 199.45000000000002,
    "horizon_excess_E": 0.0,
    "makespan_E": -45.42999999999995,
    "sum_route_time_E": -217.4699999999998,
    "avg_route_time_E": -72.4899999999999
  },
  "process": {
    "runtime_seconds": 13.754611492156982,
    "epochs": 44,
    "accepted_moves": 13160,
    "improving_moves": 2408,
    "rejected_window_E_moves": 72056,
    "rejected_window_P_moves": 72424,
    "rejected_window_both_moves": 71216
  },
  "trace_improvements": [
    [
      0,
      5982.08
    ],
    [
      4,
      5917.43
    ],
    [
      10,
      5834.85
    ],
    [
      27,
      5734.27
    ],
    [
      28,
      5728.32
    ],
    [
      29,
      5698.09
    ],
    [
      35,
      5688.67
    ],
    [
      36,
      5601.98
    ],
    [
      38,
      5585.28
    ],
    [
      40,
      5578.7
    ],
    [
      41,
      5500.719999999999
    ],
    [
      42,
      5422.48
    ],
    [
      43,
      5386.98
    ]
  ]
}