{
  "parameters": {
    "dataset": "app_final_40_medium",
    "t_max": 1000.0,
    "t_min": 10.0,
    "alpha": 0.9,
    "iters_per_T": 500,
    "neighborhood": "mixed",
    "day_horizon": 600,
    "time_weight": 1.0
  },
  "initial_cost": 6085.45,
  "best_cost": 5503.59,
  "improvement_pct": 0.09561495041451326,
  "best_routes": [
    [
      0,
      11,
      5,
      17,
      27,
      33,
      40,
      13,
      18,
      10,
      14,
      26,
      22,
      20,
      19,
      2,
      15,
      0
    ],
    [
      0,
      30,
      29,
      35,
      7,
      4,
      34,
      31,
      25,
      8,
      0
    ],
    [
      0,
      16,
      37,
      39,
      12,
      32,
      23,
      6,
      24,
      3,
      36,
      1,
      28,
      38,
      21,
      9,
      0
    ]
  ],
  "metrics_initial": {
    "vehicles_used": 3,
    "total_distance_km": 1722.8400000000004,
    "cost_distance": 1722.8400000000004,
    "cost_time": 1662.61,
    "vehicle_cost": 2700.0,
    "waiting_E": 126.65,
    "horizon_excess_E": 0.0,
    "makespan_E": 589.23,
    "sum_route_time_E": 1662.61,
    "avg_route_time_E": 554.2033333333333
  },
  "metrics_best": {
    "vehicles_used": 3,
    "total_distance_km": 1319.43,
    "cost_distance": 1319.43,
    "cost_time": 1484.1600000000003,
    "vehicle_cost": 2700.0,
    "waiting_E": 280.17,
    "horizon_excess_E": 0.0,
    "makespan_E": 540.1700000000001,
    "sum_route_time_E": 1484.1600000000003,
    "avg_route_time_E": 494.7200000000001
  },
  "metrics_delta": {
    "vehicles_used": 0,
    "total_distance_km": -403.4100000000003,
    "cost_distance": -403.4100000000003,
    "cost_time": -178.4499999999996,
    "vehicle_cost": 0.0,
    "waiting_E": 153.52,
    "horizon_excess_E": 0.0,
    "makespan_E": -49.059999999999945,
    "sum_route_time_E": -178.4499999999996,
    "avg_route_time_E": -59.48333333333318
  },
  "process": {
    "runtime_seconds": 3.290215015411377,
    "epochs": 44,
    "accepted_moves": 3131,
    "improving_moves": 572,
    "rejected_window_E_moves": 18027,
    "rejected_window_P_moves": 18155,
    "rejected_window_both_moves": 17784
  },
  "trace_improvements": [
    [
      0,
      6072.84
    ],
    [
      8,
      5970.19
    ],
    [
      10,
      5895.610000000001
    ],
    [
      18,
      5877.570000000001
    ],
    [
      27,
      5826.3099999999995
    ],
    [
      28,
      5774.64
    ],
    [
      29,
      5735.73
    ],
    [
      38,
      5713.180000000001
    ],
    [
      39,
      5686.71
    ],
    [
      40,
      5624.02
    ],
    [
      41,
      5590.18
    ],
    [
      42,
      5503.59
    ]
  ]
}