{
  "parameters": {
    "dataset": "app_final_120_loose",
    "t_max": 1000.0,
    "t_min": 10.0,
    "alpha": 0.9,
    "iters_per_T": 15000,
    "neighborhood": "mixed",
    "day_horizon": 600,
    "time_weight": 1.0
  },
  "initial_cost": 7944.5599999999995,
  "best_cost": 7638.62,
  "improvement_pct": 0.03850936993364008,
  "best_routes": [
    [
      0,
      89,
      120,
      97,
      68,
      84,
      55,
      47,
      64,
      102,
      109,
      116,
      66,
      50,
      95,
      117,
      33,
      11,
      76,
      118,
      8,
      3,
      38,
      27,
      5,
      98,
      104,
      54,
      65,
      96,
      49,
      0
    ],
    [
      0,
      115,
      41,
      35,
      21,
      85,
      61,
      2,
      43,
      69,
      1,
      48,
      25,
      42,
      32,
      111,
      77,
      46,
      99,
      57,
      56,
      60,
      94,
      15,
      37,
      87,
      45,
      0
    ],
    [
      0,
      20,
      112,
      70,
      82,
      16,
      103,
      101,
      10,
      78,
      58,
      71,
      106,
      30,
      39,
      108,
      22,
      7,
      63,
      67,
      4,
      62,
      52,
      75,
      44,
      53,
      107,
      12,
      40,
      36,
      119,
      93,
      31,
      73,
      24,
      100,
      0
    ],
    [
      0,
      88,
      9,
      51,
      18,
      79,
      114,
      29,
      13,
      91,
      110,
      74,
      23,
      28,
      59,
      105,
      92,
      80,
      90,
      17,
      34,
      14,
      86,
      72,
      113,
      26,
      83,
      6,
      81,
      19,
      0
    ]
  ],
  "metrics_initial": {
    "vehicles_used": 4,
    "total_distance_km": 2222.48,
    "cost_distance": 2222.48,
    "cost_time": 2122.08,
    "vehicle_cost": 3600.0,
    "waiting_E": 105.83999999999997,
    "horizon_excess_E": 0.0,
    "makespan_E": 599.2300000000001,
    "sum_route_time_E": 2122.08,
    "avg_route_time_E": 530.52
  },
  "metrics_best": {
    "vehicles_used": 4,
    "total_distance_km": 1971.9499999999998,
    "cost_distance": 1971.9499999999998,
    "cost_time": 2066.67,
    "vehicle_cost": 3600.0,
    "waiting_E": 242.05999999999997,
    "horizon_excess_E": 0.0,
    "makespan_E": 577.49,
    "sum_route_time_E": 2066.67,
    "avg_route_time_E": 516.6675
  },
  "metrics_delta": {
    "vehicles_used": 0,
    "total_distance_km": -250.5300000000002,
    "cost_distance": -250.5300000000002,
    "cost_time": -55.409999999999854,
    "vehicle_cost": 0.0,
    "waiting_E": 136.22,
    "horizon_excess_E": 0.0,
    "makespan_E": -21.740000000000123,
    "sum_route_time_E": -55.409999999999854,
    "avg_route_time_E": -13.852499999999964
  },
  "process": {
    "runtime_seconds": 226.75336956977844,
    "epochs": 44,
    "accepted_moves": 53377,
    "improving_moves": 10511,
    "rejected_window_E_moves": 596761,
    "rejected_window_P_moves": 585171,
    "rejected_window_both_moves": 579333
  },
  "trace_improvements": [
    [
      0,
      7944.5599999999995
    ],
    [
      38,
      7914.1
    ],
    [
      39,
      7835.280000000001
    ],
    [
      41,
      7819.75
    ],
    [
      42,
      7733.81
    ],
    [
      43,
      7638.62
    ]
  ]
}