{
  "parameters": {
    "dataset": "app_final_200_tight",
    "t_max": 1000.0,
    "t_min": 10.0,
    "alpha": 0.9,
    "iters_per_T": 15000,
    "neighborhood": "mixed",
    "day_horizon": 600,
    "time_weight": 1.0
  },
  "initial_cost": 23984.11,
  "best_cost": 21035.379999999997,
  "improvement_pct": 0.12294514993468605,
  "best_routes": [
    [
      0,
      190,
      182,
      147,
      183,
      164,
      82,
      22,
      155,
      69,
      140,
      68,
      44,
      106,
      80,
      32,
      145,
      153,
      8,
      33,
      37,
      70,
      186,
      195,
      0
    ],
    [
      0,
      134,
      180,
      83,
      191,
      177,
      173,
      74,
      4,
      28,
      43,
      192,
      120,
      71,
      0
    ],
    [
      0,
      171,
      13,
      137,
      130,
      42,
      112,
      72,
      197,
      25,
      88,
      187,
      7,
      34,
      62,
      118,
      136,
      1,
      0
    ],
    [
      0,
      54,
      163,
      52,
      175,
      6,
      165,
      108,
      149,
      24,
      12,
      113,
      45,
      189,
      146,
      78,
      158,
      0
    ],
    [
      0,
      148,
      169,
      104,
      119,
      76,
      170,
      79,
      90,
      154,
      30,
      26,
      0
    ],
    [
      0,
      64,
      75,
      5,
      144,
      194,
      127,
      103,
      20,
      10,
      99,
      110,
      35,
      107,
      40,
      122,
      151,
      9,
      63,
      193,
      87,
      141,
      156,
      0
    ],
    [
      0,
      174,
      89,
      94,
      166,
      128,
      95,
      0
    ],
    [
      0,
      31,
      73,
      49,
      142,
      85,
      65,
      58,
      11,
      98,
      93,
      19,
      126,
      14,
      109,
      178,
      157,
      97,
      125,
      17,
      77,
      135,
      60,
      38,
      0
    ],
    [
      0,
      143,
      184,
      159,
      50,
      138,
      188,
      23,
      53,
      114,
      66,
      161,
      102,
      81,
      117,
      0
    ],
    [
      0,
      27,
      56,
      67,
      181,
      2,
      101,
      132,
      115,
      196,
      100,
      123,
      39,
      139,
      3,
      131,
      0
    ],
    [
      0,
      57,
      162,
      129,
      167,
      18,
      92,
      36,
      41,
      21,
      198,
      61,
      160,
      199,
      48,
      150,
      168,
      51,
      55,
      84,
      111,
      116,
      0
    ],
    [
      0,
      172,
      176,
      59,
      200,
      124,
      121,
      91,
      152,
      46,
      185,
      96,
      16,
      105,
      86,
      179,
      29,
      47,
      15,
      133,
      0
    ]
  ],
  "metrics_initial": {
    "vehicles_used": 13,
    "total_distance_km": 6224.23,
    "cost_distance": 6224.23,
    "cost_time": 6059.88,
    "vehicle_cost": 11700.0,
    "waiting_E": 964.6600000000002,
    "horizon_excess_E": 0.0,
    "makespan_E": 582.22,
    "sum_route_time_E": 6059.88,
    "avg_route_time_E": 466.1446153846154
  },
  "metrics_best": {
    "vehicles_used": 12,
    "total_distance_km": 4521.259999999999,
    "cost_distance": 4521.259999999999,
    "cost_time": 5714.119999999999,
    "vehicle_cost": 10800.0,
    "waiting_E": 1943.3600000000006,
    "horizon_excess_E": 0.0,
    "makespan_E": 574.4599999999999,
    "sum_route_time_E": 5714.119999999999,
    "avg_route_time_E": 476.17666666666656
  },
  "metrics_delta": {
    "vehicles_used": -1,
    "total_distance_km": -1702.9700000000003,
    "cost_distance": -1702.9700000000003,
    "cost_time": -345.7600000000011,
    "vehicle_cost": -900.0,
    "waiting_E": 978.7000000000004,
    "horizon_excess_E": 0.0,
    "makespan_E": -7.760000000000105,
    "sum_route_time_E": -345.7600000000011,
    "avg_route_time_E": 10.032051282051157
  },
  "process": {
    "runtime_seconds": 438.95060896873474,
    "epochs": 44,
    "accepted_moves": 75679,
    "improving_moves": 11428,
    "rejected_window_E_moves": 572483,
    "rejected_window_P_moves": 577449,
    "rejected_window_both_moves": 572205
  },
  "trace_improvements": [
    [
      0,
      23984.11
    ],
    [
      36,
      23612.950000000004
    ],
    [
      37,
      23377.89
    ],
    [
      38,
      22258.499999999996
    ],
    [
      39,
      21843.509999999995
    ],
    [
      40,
      21623.98
    ],
    [
      41,
      21361.53
    ],
    [
      42,
      21308.129999999997
    ],
    [
      43,
      21035.379999999997
    ]
  ]
}