{
  "parameters": {
    "dataset": "app_final_120_tight",
    "t_max": 1000.0,
    "t_min": 10.0,
    "alpha": 0.9,
    "iters_per_T": 15000,
    "neighborhood": "mixed",
    "day_horizon": 600,
    "time_weight": 1.0
  },
  "initial_cost": 15820.490000000003,
  "best_cost": 12375.199999999999,
  "improvement_pct": 0.2177739121860324,
  "best_routes": [
    [
      0,
      41,
      93,
      79,
      70,
      68,
      76,
      40,
      104,
      36,
      54,
      8,
      115,
      19,
      99,
      39,
      9,
      23,
      24,
      89,
      0
    ],
    [
      0,
      25,
      118,
      61,
      88,
      14,
      20,
      30,
      51,
      112,
      37,
      13,
      111,
      105,
      52,
      110,
      50,
      58,
      35,
      119,
      46,
      0
    ],
    [
      0,
      67,
      53,
      91,
      78,
      21,
      71,
      80,
      34,
      17,
      66,
      28,
      72,
      55,
      63,
      6,
      95,
      94,
      31,
      0
    ],
    [
      0,
      32,
      59,
      18,
      109,
      45,
      56,
      48,
      33,
      1,
      75,
      107,
      86,
      65,
      114,
      2,
      15,
      7,
      0
    ],
    [
      0,
      69,
      74,
      108,
      43,
      4,
      116,
      57,
      106,
      103,
      120,
      83,
      5,
      98,
      44,
      0
    ],
    [
      0,
      85,
      102,
      92,
      64,
      29,
      26,
      60,
      62,
      47,
      49,
      73,
      27,
      100,
      87,
      16,
      81,
      10,
      96,
      77,
      97,
      12,
      101,
      42,
      22,
      117,
      90,
      84,
      0
    ],
    [
      0,
      11,
      38,
      3,
      82,
      113,
      0
    ]
  ],
  "metrics_initial": {
    "vehicles_used": 8,
    "total_distance_km": 4535.980000000002,
    "cost_distance": 4535.980000000002,
    "cost_time": 4084.5100000000007,
    "vehicle_cost": 7200.0,
    "waiting_E": 389.52,
    "horizon_excess_E": 0.0,
    "makespan_E": 599.3900000000001,
    "sum_route_time_E": 4084.5100000000007,
    "avg_route_time_E": 510.5637500000001
  },
  "metrics_best": {
    "vehicles_used": 7,
    "total_distance_km": 2849.5399999999995,
    "cost_distance": 2849.5399999999995,
    "cost_time": 3225.6600000000003,
    "vehicle_cost": 6300.0,
    "waiting_E": 873.02,
    "horizon_excess_E": 0.0,
    "makespan_E": 589.6,
    "sum_route_time_E": 3225.6600000000003,
    "avg_route_time_E": 460.8085714285715
  },
  "metrics_delta": {
    "vehicles_used": -1,
    "total_distance_km": -1686.4400000000028,
    "cost_distance": -1686.4400000000028,
    "cost_time": -858.8500000000004,
    "vehicle_cost": -900.0,
    "waiting_E": 483.5,
    "horizon_excess_E": 0.0,
    "makespan_E": -9.790000000000077,
    "sum_route_time_E": -858.8500000000004,
    "avg_route_time_E": -49.75517857142859
  },
  "process": {
    "runtime_seconds": 271.51309871673584,
    "epochs": 44,
    "accepted_moves": 78374,
    "improving_moves": 11798,
    "rejected_window_E_moves": 569178,
    "rejected_window_P_moves": 573669,
    "rejected_window_both_moves": 567602
  },
  "trace_improvements": [
    [
      0,
      15819.040000000003
    ],
    [
      10,
      15808.67
    ],
    [
      11,
      15786.37
    ],
    [
      13,
      15509.73
    ],
    [
      14,
      15411.31
    ],
    [
      28,
      15391.2
    ],
    [
      30,
      15370.920000000002
    ],
    [
      31,
      15314.519999999999
    ],
    [
      32,
      15039.05
    ],
    [
      33,
      15019.99
    ],
    [
      34,
      14948.559999999998
    ],
    [
      35,
      14945.999999999998
    ],
    [
      36,
      14463.11
    ],
    [
      37,
      14402.180000000002
    ],
    [
      38,
      14126.939999999999
    ],
    [
      39,
      13696.16
    ],
    [
      43,
      12375.199999999999
    ]
  ]
}