{
  "parameters": {
    "dataset": "app_final_80_loose",
    "t_max": 1000.0,
    "t_min": 10.0,
    "alpha": 0.9,
    "iters_per_T": 15000,
    "neighborhood": "mixed",
    "day_horizon": 600,
    "time_weight": 1.0
  },
  "initial_cost": 6387.089999999999,
  "best_cost": 5878.33,
  "improvement_pct": 0.07965442791631233,
  "best_routes": [
    [
      0,
      78,
      65,
      52,
      70,
      58,
      59,
      28,
      10,
      18,
      37,
      26,
      5,
      62,
      64,
      4,
      44,
      51,
      33,
      73,
      53,
      32,
      43,
      60,
      40,
      1,
      31,
      67,
      50,
      72,
      16,
      39,
      0
    ],
    [
      0,
      20,
      25,
      34,
      42,
      63,
      19,
      8,
      35,
      27,
      29,
      14,
      24,
      2,
      17,
      11,
      38,
      48,
      61,
      69,
      74,
      0
    ],
    [
      0,
      66,
      15,
      76,
      55,
      6,
      7,
      75,
      56,
      23,
      46,
      36,
      49,
      3,
      30,
      9,
      80,
      71,
      13,
      57,
      47,
      68,
      54,
      77,
      21,
      12,
      41,
      45,
      79,
      22,
      0
    ]
  ],
  "metrics_initial": {
    "vehicles_used": 3,
    "total_distance_km": 1987.2299999999998,
    "cost_distance": 1987.2299999999998,
    "cost_time": 1699.8599999999997,
    "vehicle_cost": 2700.0,
    "waiting_E": 61.810000000000045,
    "horizon_excess_E": 0.0,
    "makespan_E": 580.3,
    "sum_route_time_E": 1699.8599999999997,
    "avg_route_time_E": 566.6199999999999
  },
  "metrics_best": {
    "vehicles_used": 3,
    "total_distance_km": 1647.7100000000003,
    "cost_distance": 1647.7100000000003,
    "cost_time": 1530.62,
    "vehicle_cost": 2700.0,
    "waiting_E": 165.24000000000004,
    "horizon_excess_E": 0.0,
    "makespan_E": 572.5,
    "sum_route_time_E": 1530.62,
    "avg_route_time_E": 510.20666666666665
  },
  "metrics_delta": {
    "vehicles_used": 0,
    "total_distance_km": -339.5199999999995,
    "cost_distance": -339.5199999999995,
    "cost_time": -169.23999999999978,
    "vehicle_cost": 0.0,
    "waiting_E": 103.42999999999999,
    "horizon_excess_E": 0.0,
    "makespan_E": -7.7999999999999545,
    "sum_route_time_E": -169.23999999999978,
    "avg_route_time_E": -56.41333333333324
  },
  "process": {
    "runtime_seconds": 155.7512400150299,
    "epochs": 44,
    "accepted_moves": 57473,
    "improving_moves": 10838,
    "rejected_window_E_moves": 592203,
    "rejected_window_P_moves": 581977,
    "rejected_window_both_moves": 576464
  },
  "trace_improvements": [
    [
      0,
      6308.370000000001
    ],
    [
      4,
      6301.49
    ],
    [
      29,
      6269.719999999999
    ],
    [
      30,
      6186.36
    ],
    [
      31,
      6167.41
    ],
    [
      37,
      6074.610000000001
    ],
    [
      40,
      6048.749999999999
    ],
    [
      41,
      5928.129999999999
    ],
    [
      42,
      5908.11
    ],
    [
      43,
      5878.33
    ]
  ]
}