{
  "parameters": {
    "dataset": "app_final_40_tight",
    "t_max": 1000.0,
    "t_min": 10.0,
    "alpha": 0.9,
    "iters_per_T": 5000,
    "neighborhood": "mixed",
    "day_horizon": 600,
    "time_weight": 1.0
  },
  "initial_cost": 9186.7,
  "best_cost": 7369.04,
  "improvement_pct": 0.1978577726495913,
  "best_routes": [
    [
      0,
      14,
      39,
      24,
      6,
      1,
      32,
      17,
      40,
      23,
      28,
      0
    ],
    [
      0,
      20,
      2,
      9,
      12,
      37,
      10,
      26,
      15,
      11,
      19,
      0
    ],
    [
      0,
      30,
      22,
      35,
      3,
      36,
      16,
      5,
      25,
      7,
      13,
      8,
      38,
      0
    ],
    [
      0,
      21,
      18,
      29,
      33,
      31,
      27,
      34,
      4,
      0
    ]
  ],
  "metrics_initial": {
    "vehicles_used": 5,
    "total_distance_km": 1991.9199999999998,
    "cost_distance": 1991.9199999999998,
    "cost_time": 2694.78,
    "vehicle_cost": 4500.0,
    "waiting_E": 869.1899999999998,
    "horizon_excess_E": 0.0,
    "makespan_E": 582.24,
    "sum_route_time_E": 2694.78,
    "avg_route_time_E": 538.956
  },
  "metrics_best": {
    "vehicles_used": 4,
    "total_distance_km": 1514.47,
    "cost_distance": 1514.47,
    "cost_time": 2254.5699999999997,
    "vehicle_cost": 3600.0,
    "waiting_E": 874.1700000000001,
    "horizon_excess_E": 0.0,
    "makespan_E": 584.43,
    "sum_route_time_E": 2254.5699999999997,
    "avg_route_time_E": 563.6424999999999
  },
  "metrics_delta": {
    "vehicles_used": -1,
    "total_distance_km": -477.4499999999998,
    "cost_distance": -477.4499999999998,
    "cost_time": -440.2100000000005,
    "vehicle_cost": -900.0,
    "waiting_E": 4.980000000000246,
    "horizon_excess_E": 0.0,
    "makespan_E": 2.189999999999941,
    "sum_route_time_E": -440.2100000000005,
    "avg_route_time_E": 24.68649999999991
  },
  "process": {
    "runtime_seconds": 38.642616510391235,
    "epochs": 44,
    "accepted_moves": 38894,
    "improving_moves": 4933,
    "rejected_window_E_moves": 176361,
    "rejected_window_P_moves": 177289,
    "rejected_window_both_moves": 174773
  },
  "trace_improvements": [
    [
      0,
      9186.7
    ],
    [
      1,
      9153.400000000001
    ],
    [
      7,
      9110.109999999999
    ],
    [
      17,
      9011.46
    ],
    [
      18,
      9005.47
    ],
    [
      19,
      9002.96
    ],
    [
      24,
      8951.51
    ],
    [
      28,
      8927.14
    ],
    [
      29,
      8906.02
    ],
    [
      30,
      8816.380000000001
    ],
    [
      31,
      8738.880000000001
    ],
    [
      32,
      7432.140000000001
    ],
    [
      37,
      7422.31
    ],
    [
      38,
      7411.459999999999
    ],
    [
      39,
      7369.04
    ]
  ]
}