{
  "parameters": {
    "dataset": "app_final_120_medium",
    "t_max": 1000.0,
    "t_min": 10.0,
    "alpha": 0.9,
    "iters_per_T": 15000,
    "neighborhood": "mixed",
    "day_horizon": 600,
    "time_weight": 1.0
  },
  "initial_cost": 13892.869999999999,
  "best_cost": 10882.96,
  "improvement_pct": 0.21665141903724716,
  "best_routes": [
    [
      0,
      102,
      48,
      8,
      108,
      7,
      50,
      71,
      114,
      74,
      13,
      87,
      61,
      97,
      81,
      1,
      6,
      89,
      93,
      27,
      94,
      18,
      65,
      84,
      4,
      107,
      24,
      39,
      116,
      0
    ],
    [
      0,
      73,
      56,
      37,
      43,
      26,
      78,
      66,
      3,
      115,
      44,
      32,
      30,
      49,
      86,
      23,
      101,
      46,
      76,
      0
    ],
    [
      0,
      59,
      62,
      64,
      31,
      112,
      25,
      88,
      106,
      29,
      19,
      58,
      47,
      38,
      57,
      21,
      110,
      113,
      69,
      79,
      17,
      0
    ],
    [
      0,
      82,
      2,
      117,
      40,
      90,
      77,
      42,
      98,
      33,
      14,
      72,
      11,
      63,
      35,
      104,
      55,
      0
    ],
    [
      0,
      105,
      51,
      45,
      53,
      10,
      109,
      28,
      100,
      60,
      12,
      85,
      91,
      34,
      119,
      68,
      80,
      22,
      67,
      0
    ],
    [
      0,
      54,
      96,
      5,
      52,
      83,
      111,
      36,
      92,
      9,
      15,
      70,
      118,
      120,
      95,
      16,
      75,
      99,
      41,
      20,
      103,
      0
    ]
  ],
  "metrics_initial": {
    "vehicles_used": 7,
    "total_distance_km": 3814.1899999999996,
    "cost_distance": 3814.1899999999996,
    "cost_time": 3778.6800000000003,
    "vehicle_cost": 6300.0,
    "waiting_E": 367.19000000000005,
    "horizon_excess_E": 0.0,
    "makespan_E": 585.98,
    "sum_route_time_E": 3778.6800000000003,
    "avg_route_time_E": 539.8114285714286
  },
  "metrics_best": {
    "vehicles_used": 6,
    "total_distance_km": 2461.989999999999,
    "cost_distance": 2461.989999999999,
    "cost_time": 3020.97,
    "vehicle_cost": 5400.0,
    "waiting_E": 810.68,
    "horizon_excess_E": 0.0,
    "makespan_E": 532.27,
    "sum_route_time_E": 3020.97,
    "avg_route_time_E": 503.49499999999995
  },
  "metrics_delta": {
    "vehicles_used": -1,
    "total_distance_km": -1352.2000000000007,
    "cost_distance": -1352.2000000000007,
    "cost_time": -757.7100000000005,
    "vehicle_cost": -900.0,
    "waiting_E": 443.4899999999999,
    "horizon_excess_E": 0.0,
    "makespan_E": -53.710000000000036,
    "sum_route_time_E": -757.7100000000005,
    "avg_route_time_E": -36.31642857142862
  },
  "process": {
    "runtime_seconds": 257.09409260749817,
    "epochs": 44,
    "accepted_moves": 83774,
    "improving_moves": 17704,
    "rejected_window_E_moves": 557791,
    "rejected_window_P_moves": 558215,
    "rejected_window_both_moves": 550715
  },
  "trace_improvements": [
    [
      0,
      13892.869999999999
    ],
    [
      7,
      13844.15
    ],
    [
      24,
      13760.340000000002
    ],
    [
      25,
      13721.52
    ],
    [
      26,
      13718.579999999998
    ],
    [
      28,
      13423.220000000001
    ],
    [
      29,
      13405.91
    ],
    [
      32,
      13163.900000000001
    ],
    [
      33,
      13056.580000000002
    ],
    [
      34,
      13003.939999999999
    ],
    [
      35,
      12900.230000000001
    ],
    [
      37,
      12829.639999999998
    ],
    [
      38,
      12535.05
    ],
    [
      39,
      11282.410000000002
    ],
    [
      40,
      11107.66
    ],
    [
      41,
      10962.05
    ],
    [
      42,
      10942.380000000001
    ],
    [
      43,
      10882.96
    ]
  ]
}