{
  "parameters": {
    "dataset": "app_final_200_medium",
    "t_max": 1000.0,
    "t_min": 10.0,
    "alpha": 0.9,
    "iters_per_T": 1000,
    "neighborhood": "mixed",
    "day_horizon": 600,
    "time_weight": 1.0
  },
  "initial_cost": 16855.43,
  "best_cost": 16627.19,
  "improvement_pct": 0.013541036924006187,
  "best_routes": [
    [
      0,
      171,
      65,
      133,
      94,
      182,
      26,
      61,
      135,
      76,
      145,
      146,
      104,
      81,
      137,
      12,
      136,
      66,
      169,
      78,
      126,
      72,
      31,
      96,
      84,
      39,
      55,
      120,
      22,
      85,
      151,
      147,
      193,
      0
    ],
    [
      0,
      102,
      174,
      142,
      195,
      138,
      134,
      176,
      86,
      99,
      163,
      108,
      172,
      157,
      11,
      63,
      56,
      109,
      168,
      119,
      128,
      160,
      112,
      20,
      47,
      97,
      0
    ],
    [
      0,
      73,
      177,
      28,
      130,
      197,
      179,
      196,
      123,
      170,
      140,
      125,
      189,
      32,
      14,
      113,
      57,
      68,
      107,
      186,
      181,
      131,
      59,
      199,
      25,
      53,
      149,
      46,
      0
    ],
    [
      0,
      83,
      122,
      15,
      162,
      88,
      16,
      166,
      139,
      71,
      159,
      87,
      7,
      127,
      106,
      89,
      49,
      40,
      13,
      42,
      45,
      0
    ],
    [
      0,
      111,
      10,
      82,
      67,
      8,
      175,
      173,
      190,
      74,
      6,
      58,
      187,
      152,
      33,
      35,
      101,
      132,
      116,
      200,
      23,
      194,
      38,
      124,
      19,
      92,
      75,
      9,
      0
    ],
    [
      0,
      192,
      184,
      34,
      36,
      4,
      161,
      165,
      64,
      143,
      54,
      52,
      115,
      43,
      100,
      27,
      44,
      80,
      18,
      129,
      93,
      155,
      62,
      95,
      178,
      17,
      144,
      110,
      105,
      60,
      91,
      191,
      0
    ],
    [
      0,
      185,
      117,
      30,
      2,
      188,
      48,
      150,
      1,
      37,
      103,
      167,
      90,
      50,
      69,
      0
    ],
    [
      0,
      180,
      183,
      121,
      3,
      77,
      141,
      41,
      114,
      158,
      118,
      70,
      148,
      5,
      79,
      198,
      51,
      154,
      24,
      98,
      29,
      153,
      21,
      164,
      156,
      0
    ]
  ],
  "metrics_initial": {
    "vehicles_used": 8,
    "total_distance_km": 5197.43,
    "cost_distance": 5197.43,
    "cost_time": 4458.0,
    "vehicle_cost": 7200.0,
    "waiting_E": 506.91999999999996,
    "horizon_excess_E": 0.0,
    "makespan_E": 597.09,
    "sum_route_time_E": 4458.0,
    "avg_route_time_E": 557.25
  },
  "metrics_best": {
    "vehicles_used": 8,
    "total_distance_km": 5057.0999999999985,
    "cost_distance": 5057.0999999999985,
    "cost_time": 4370.09,
    "vehicle_cost": 7200.0,
    "waiting_E": 448.2200000000002,
    "horizon_excess_E": 0.0,
    "makespan_E": 589.61,
    "sum_route_time_E": 4370.09,
    "avg_route_time_E": 546.26125
  },
  "metrics_delta": {
    "vehicles_used": 0,
    "total_distance_km": -140.33000000000175,
    "cost_distance": -140.33000000000175,
    "cost_time": -87.90999999999985,
    "vehicle_cost": 0.0,
    "waiting_E": -58.69999999999976,
    "horizon_excess_E": 0.0,
    "makespan_E": -7.480000000000018,
    "sum_route_time_E": -87.90999999999985,
    "avg_route_time_E": -10.988749999999982
  },
  "process": {
    "runtime_seconds": 38.590327978134155,
    "epochs": 44,
    "accepted_moves": 3861,
    "improving_moves": 717,
    "rejected_window_E_moves": 39496,
    "rejected_window_P_moves": 39247,
    "rejected_window_both_moves": 38878
  },
  "trace_improvements": [
    [
      0,
      16855.43
    ],
    [
      40,
      16790.679999999997
    ],
    [
      41,
      16759.289999999997
    ],
    [
      42,
      16708.649999999994
    ],
    [
      43,
      16627.19
    ]
  ]
}