{
  "parameters": {
    "dataset": "app_final_40_tight",
    "t_max": 1000.0,
    "t_min": 10.0,
    "alpha": 0.9,
    "iters_per_T": 2000,
    "neighborhood": "mixed",
    "day_horizon": 600,
    "time_weight": 1.0
  },
  "initial_cost": 9186.7,
  "best_cost": 7339.170000000001,
  "improvement_pct": 0.2011092122307248,
  "best_routes": [
    [
      0,
      24,
      36,
      10,
      26,
      37,
      23,
      4,
      0
    ],
    [
      0,
      20,
      2,
      9,
      33,
      31,
      29,
      27,
      8,
      13,
      0
    ],
    [
      0,
      30,
      22,
      35,
      12,
      3,
      5,
      25,
      7,
      11,
      15,
      38,
      34,
      0
    ],
    [
      0,
      21,
      18,
      16,
      39,
      14,
      6,
      1,
      32,
      17,
      28,
      40,
      19,
      0
    ]
  ],
  "metrics_initial": {
    "vehicles_used": 5,
    "total_distance_km": 1991.9199999999998,
    "cost_distance": 1991.9199999999998,
    "cost_time": 2694.78,
    "vehicle_cost": 4500.0,
    "waiting_E": 869.1899999999998,
    "horizon_excess_E": 0.0,
    "makespan_E": 582.24,
    "sum_route_time_E": 2694.78,
    "avg_route_time_E": 538.956
  },
  "metrics_best": {
    "vehicles_used": 4,
    "total_distance_km": 1508.7000000000005,
    "cost_distance": 1508.7000000000005,
    "cost_time": 2230.4700000000003,
    "vehicle_cost": 3600.0,
    "waiting_E": 804.1000000000001,
    "horizon_excess_E": 0.0,
    "makespan_E": 594.2,
    "sum_route_time_E": 2230.4700000000003,
    "avg_route_time_E": 557.6175000000001
  },
  "metrics_delta": {
    "vehicles_used": -1,
    "total_distance_km": -483.21999999999935,
    "cost_distance": -483.21999999999935,
    "cost_time": -464.30999999999995,
    "vehicle_cost": -900.0,
    "waiting_E": -65.08999999999969,
    "horizon_excess_E": 0.0,
    "makespan_E": 11.960000000000036,
    "sum_route_time_E": -464.30999999999995,
    "avg_route_time_E": 18.661500000000046
  },
  "process": {
    "runtime_seconds": 15.580218076705933,
    "epochs": 44,
    "accepted_moves": 15832,
    "improving_moves": 2025,
    "rejected_window_E_moves": 69977,
    "rejected_window_P_moves": 70385,
    "rejected_window_both_moves": 69286
  },
  "trace_improvements": [
    [
      0,
      9186.7
    ],
    [
      2,
      9171.37
    ],
    [
      11,
      9141.380000000001
    ],
    [
      12,
      9116.59
    ],
    [
      24,
      8991.39
    ],
    [
      30,
      8789.87
    ],
    [
      31,
      8780.23
    ],
    [
      40,
      8664.59
    ],
    [
      41,
      7361.99
    ],
    [
      42,
      7355.289999999999
    ],
    [
      43,
      7339.170000000001
    ]
  ]
}