{
  "parameters": {
    "dataset": "app_final_120_tight",
    "t_max": 1000.0,
    "t_min": 10.0,
    "alpha": 0.9,
    "iters_per_T": 1000,
    "neighborhood": "mixed",
    "day_horizon": 600,
    "time_weight": 1.0
  },
  "initial_cost": 15820.490000000003,
  "best_cost": 14903.420000000002,
  "improvement_pct": 0.05796723110346148,
  "best_routes": [
    [
      0,
      38,
      102,
      26,
      64,
      62,
      60,
      73,
      47,
      10,
      87,
      16,
      96,
      97,
      117,
      90,
      0
    ],
    [
      0,
      85,
      118,
      61,
      76,
      40,
      68,
      75,
      54,
      112,
      72,
      4,
      7,
      15,
      46,
      119,
      0
    ],
    [
      0,
      53,
      67,
      91,
      1,
      33,
      37,
      111,
      52,
      63,
      50,
      6,
      95,
      55,
      94,
      0
    ],
    [
      0,
      32,
      74,
      69,
      43,
      100,
      49,
      20,
      13,
      81,
      105,
      27,
      57,
      77,
      12,
      101,
      22,
      42,
      31,
      0
    ],
    [
      0,
      41,
      70,
      79,
      93,
      88,
      36,
      18,
      78,
      86,
      56,
      104,
      107,
      115,
      19,
      99,
      39,
      5,
      98,
      0
    ],
    [
      0,
      109,
      25,
      45,
      48,
      116,
      113,
      108,
      34,
      17,
      66,
      28,
      110,
      58,
      35,
      44,
      0
    ],
    [
      0,
      59,
      82,
      80,
      71,
      21,
      65,
      2,
      0
    ],
    [
      0,
      92,
      11,
      14,
      29,
      3,
      51,
      30,
      8,
      114,
      103,
      106,
      9,
      120,
      83,
      23,
      24,
      89,
      84,
      0
    ]
  ],
  "metrics_initial": {
    "vehicles_used": 8,
    "total_distance_km": 4535.980000000002,
    "cost_distance": 4535.980000000002,
    "cost_time": 4084.5100000000007,
    "vehicle_cost": 7200.0,
    "waiting_E": 389.52,
    "horizon_excess_E": 0.0,
    "makespan_E": 599.3900000000001,
    "sum_route_time_E": 4084.5100000000007,
    "avg_route_time_E": 510.5637500000001
  },
  "metrics_best": {
    "vehicles_used": 8,
    "total_distance_km": 3694.4600000000005,
    "cost_distance": 3694.4600000000005,
    "cost_time": 4008.96,
    "vehicle_cost": 7200.0,
    "waiting_E": 930.2100000000003,
    "horizon_excess_E": 0.0,
    "makespan_E": 585.53,
    "sum_route_time_E": 4008.96,
    "avg_route_time_E": 501.12
  },
  "metrics_delta": {
    "vehicles_used": 0,
    "total_distance_km": -841.5200000000018,
    "cost_distance": -841.5200000000018,
    "cost_time": -75.55000000000064,
    "vehicle_cost": 0.0,
    "waiting_E": 540.6900000000003,
    "horizon_excess_E": 0.0,
    "makespan_E": -13.860000000000127,
    "sum_route_time_E": -75.55000000000064,
    "avg_route_time_E": -9.44375000000008
  },
  "process": {
    "runtime_seconds": 17.511906623840332,
    "epochs": 44,
    "accepted_moves": 5340,
    "improving_moves": 810,
    "rejected_window_E_moves": 37860,
    "rejected_window_P_moves": 38228,
    "rejected_window_both_moves": 37759
  },
  "trace_improvements": [
    [
      0,
      15820.490000000003
    ],
    [
      30,
      15714.390000000001
    ],
    [
      31,
      15654.469999999998
    ],
    [
      32,
      15492.870000000003
    ],
    [
      35,
      15327.680000000002
    ],
    [
      36,
      15136.050000000001
    ],
    [
      37,
      15069.640000000001
    ],
    [
      38,
      15031.050000000001
    ],
    [
      39,
      14966.3
    ],
    [
      43,
      14903.420000000002
    ]
  ]
}