{
  "parameters": {
    "dataset": "app_final_120_medium",
    "t_max": 1000.0,
    "t_min": 10.0,
    "alpha": 0.9,
    "iters_per_T": 5000,
    "neighborhood": "mixed",
    "day_horizon": 600,
    "time_weight": 1.0
  },
  "initial_cost": 13892.869999999999,
  "best_cost": 12355.81,
  "improvement_pct": 0.11063660712293426,
  "best_routes": [
    [
      0,
      96,
      5,
      52,
      97,
      87,
      66,
      114,
      26,
      34,
      109,
      12,
      79,
      91,
      85,
      17,
      0
    ],
    [
      0,
      82,
      29,
      106,
      25,
      88,
      19,
      47,
      0
    ],
    [
      0,
      51,
      71,
      48,
      108,
      7,
      50,
      43,
      105,
      90,
      2,
      38,
      57,
      98,
      95,
      120,
      6,
      92,
      89,
      93,
      75,
      18,
      99,
      94,
      107,
      24,
      39,
      116,
      55,
      0
    ],
    [
      0,
      10,
      53,
      74,
      78,
      45,
      70,
      111,
      83,
      36,
      1,
      33,
      77,
      110,
      63,
      14,
      72,
      11,
      35,
      104,
      113,
      0
    ],
    [
      0,
      54,
      13,
      8,
      3,
      115,
      84,
      118,
      9,
      15,
      4,
      65,
      27,
      16,
      69,
      0
    ],
    [
      0,
      28,
      60,
      100,
      73,
      56,
      37,
      44,
      32,
      49,
      22,
      80,
      76,
      68,
      119,
      67,
      0
    ],
    [
      0,
      102,
      117,
      62,
      64,
      40,
      59,
      42,
      112,
      31,
      21,
      58,
      20,
      81,
      61,
      101,
      30,
      86,
      23,
      46,
      41,
      103,
      0
    ]
  ],
  "metrics_initial": {
    "vehicles_used": 7,
    "total_distance_km": 3814.1899999999996,
    "cost_distance": 3814.1899999999996,
    "cost_time": 3778.6800000000003,
    "vehicle_cost": 6300.0,
    "waiting_E": 367.19000000000005,
    "horizon_excess_E": 0.0,
    "makespan_E": 585.98,
    "sum_route_time_E": 3778.6800000000003,
    "avg_route_time_E": 539.8114285714286
  },
  "metrics_best": {
    "vehicles_used": 7,
    "total_distance_km": 2783.24,
    "cost_distance": 2783.24,
    "cost_time": 3272.57,
    "vehicle_cost": 6300.0,
    "waiting_E": 703.6800000000001,
    "horizon_excess_E": 0.0,
    "makespan_E": 578.9399999999999,
    "sum_route_time_E": 3272.57,
    "avg_route_time_E": 467.51000000000005
  },
  "metrics_delta": {
    "vehicles_used": 0,
    "total_distance_km": -1030.9499999999998,
    "cost_distance": -1030.9499999999998,
    "cost_time": -506.1100000000001,
    "vehicle_cost": 0.0,
    "waiting_E": 336.49,
    "horizon_excess_E": 0.0,
    "makespan_E": -7.040000000000077,
    "sum_route_time_E": -506.1100000000001,
    "avg_route_time_E": -72.30142857142852
  },
  "process": {
    "runtime_seconds": 87.07485938072205,
    "epochs": 44,
    "accepted_moves": 27746,
    "improving_moves": 5556,
    "rejected_window_E_moves": 185718,
    "rejected_window_P_moves": 185247,
    "rejected_window_both_moves": 182670
  },
  "trace_improvements": [
    [
      0,
      13892.869999999999
    ],
    [
      24,
      13792.629999999997
    ],
    [
      29,
      13716.940000000002
    ],
    [
      30,
      13670.28
    ],
    [
      31,
      13493.85
    ],
    [
      32,
      13354.58
    ],
    [
      33,
      13221.18
    ],
    [
      34,
      13137.19
    ],
    [
      38,
      13096.56
    ],
    [
      39,
      12983.070000000002
    ],
    [
      40,
      12535.510000000002
    ],
    [
      42,
      12380.04
    ],
    [
      43,
      12355.81
    ]
  ]
}