{
  "parameters": {
    "dataset": "app_final_40_loose",
    "t_max": 1000.0,
    "t_min": 10.0,
    "alpha": 0.9,
    "iters_per_T": 1000,
    "neighborhood": "mixed",
    "day_horizon": 600,
    "time_weight": 1.0
  },
  "initial_cost": 3810.17,
  "best_cost": 3758.3,
  "improvement_pct": 0.013613565798901332,
  "best_routes": [
    [
      0,
      6,
      5,
      7,
      32,
      17,
      8,
      39,
      20,
      34,
      23,
      13,
      10,
      22,
      38,
      16,
      36,
      37,
      29,
      15,
      33,
      18,
      11,
      3,
      1,
      14,
      0
    ],
    [
      0,
      31,
      25,
      21,
      19,
      24,
      2,
      26,
      40,
      9,
      12,
      4,
      35,
      30,
      28,
      27,
      0
    ]
  ],
  "metrics_initial": {
    "vehicles_used": 2,
    "total_distance_km": 1018.9900000000001,
    "cost_distance": 1018.9900000000001,
    "cost_time": 991.1800000000001,
    "vehicle_cost": 1800.0,
    "waiting_E": 77.27999999999992,
    "horizon_excess_E": 0.0,
    "makespan_E": 504.1400000000001,
    "sum_route_time_E": 991.1800000000001,
    "avg_route_time_E": 495.59000000000003
  },
  "metrics_best": {
    "vehicles_used": 2,
    "total_distance_km": 982.2500000000002,
    "cost_distance": 982.2500000000002,
    "cost_time": 976.05,
    "vehicle_cost": 1800.0,
    "waiting_E": 72.19000000000003,
    "horizon_excess_E": 0.0,
    "makespan_E": 575.61,
    "sum_route_time_E": 976.05,
    "avg_route_time_E": 488.025
  },
  "metrics_delta": {
    "vehicles_used": 0,
    "total_distance_km": -36.739999999999895,
    "cost_distance": -36.739999999999895,
    "cost_time": -15.13000000000011,
    "vehicle_cost": 0.0,
    "waiting_E": -5.08999999999989,
    "horizon_excess_E": 0.0,
    "makespan_E": 71.46999999999991,
    "sum_route_time_E": -15.13000000000011,
    "avg_route_time_E": -7.565000000000055
  },
  "process": {
    "runtime_seconds": 6.2341649532318115,
    "epochs": 44,
    "accepted_moves": 5582,
    "improving_moves": 1196,
    "rejected_window_E_moves": 37244,
    "rejected_window_P_moves": 36938,
    "rejected_window_both_moves": 36403
  },
  "trace_improvements": [
    [
      0,
      3810.17
    ],
    [
      39,
      3774.4800000000005
    ],
    [
      41,
      3767.37
    ],
    [
      43,
      3758.3
    ]
  ]
}