{
  "parameters": {
    "dataset": "app_final_80_tight",
    "t_max": 1000.0,
    "t_min": 10.0,
    "alpha": 0.9,
    "iters_per_T": 1000,
    "neighborhood": "mixed",
    "day_horizon": 600,
    "time_weight": 1.0
  },
  "initial_cost": 11626.3,
  "best_cost": 11211.220000000001,
  "improvement_pct": 0.03570181399069335,
  "best_routes": [
    [
      0,
      18,
      6,
      33,
      62,
      40,
      7,
      5,
      39,
      64,
      27,
      0
    ],
    [
      0,
      34,
      14,
      55,
      28,
      8,
      51,
      78,
      3,
      58,
      19,
      53,
      38,
      0
    ],
    [
      0,
      21,
      4,
      31,
      17,
      15,
      56,
      23,
      16,
      52,
      35,
      73,
      57,
      65,
      49,
      12,
      11,
      32,
      67,
      0
    ],
    [
      0,
      36,
      26,
      72,
      22,
      10,
      48,
      42,
      24,
      25,
      61,
      30,
      71,
      37,
      75,
      69,
      0
    ],
    [
      0,
      2,
      66,
      43,
      60,
      13,
      68,
      79,
      77,
      44,
      47,
      63,
      1,
      70,
      0
    ],
    [
      0,
      20,
      50,
      45,
      54,
      29,
      41,
      74,
      59,
      46,
      76,
      9,
      80,
      0
    ]
  ],
  "metrics_initial": {
    "vehicles_used": 6,
    "total_distance_km": 2998.07,
    "cost_distance": 2998.07,
    "cost_time": 3228.2300000000005,
    "vehicle_cost": 5400.0,
    "waiting_E": 485.42,
    "horizon_excess_E": 0.0,
    "makespan_E": 597.35,
    "sum_route_time_E": 3228.2300000000005,
    "avg_route_time_E": 538.0383333333334
  },
  "metrics_best": {
    "vehicles_used": 6,
    "total_distance_km": 2706.760000000001,
    "cost_distance": 2706.760000000001,
    "cost_time": 3104.4600000000005,
    "vehicle_cost": 5400.0,
    "waiting_E": 653.9600000000002,
    "horizon_excess_E": 0.0,
    "makespan_E": 561.33,
    "sum_route_time_E": 3104.4600000000005,
    "avg_route_time_E": 517.4100000000001
  },
  "metrics_delta": {
    "vehicles_used": 0,
    "total_distance_km": -291.30999999999904,
    "cost_distance": -291.30999999999904,
    "cost_time": -123.76999999999998,
    "vehicle_cost": 0.0,
    "waiting_E": 168.54000000000013,
    "horizon_excess_E": 0.0,
    "makespan_E": -36.01999999999998,
    "sum_route_time_E": -123.76999999999998,
    "avg_route_time_E": -20.62833333333333
  },
  "process": {
    "runtime_seconds": 12.364201784133911,
    "epochs": 44,
    "accepted_moves": 5436,
    "improving_moves": 679,
    "rejected_window_E_moves": 37858,
    "rejected_window_P_moves": 38129,
    "rejected_window_both_moves": 37706
  },
  "trace_improvements": [
    [
      0,
      11626.3
    ],
    [
      23,
      11532.23
    ],
    [
      35,
      11459.630000000001
    ],
    [
      36,
      11377.43
    ],
    [
      37,
      11334.79
    ],
    [
      38,
      11266.09
    ],
    [
      41,
      11245.8
    ],
    [
      42,
      11228.260000000002
    ],
    [
      43,
      11211.220000000001
    ]
  ]
}