{
  "parameters": {
    "dataset": "app_final_20_very_loose",
    "t_max": 1000.0,
    "t_min": 10.0,
    "alpha": 0.9,
    "iters_per_T": 1000,
    "neighborhood": "mixed",
    "day_horizon": 600,
    "time_weight": 1.0
  },
  "initial_cost": 3222.19,
  "best_cost": 3073.21,
  "improvement_pct": 0.04623563477014081,
  "best_routes": [
    [
      0,
      9,
      2,
      18,
      5,
      1,
      3,
      4,
      8,
      14,
      16,
      0
    ],
    [
      0,
      15,
      10,
      20,
      19,
      13,
      7,
      17,
      11,
      12,
      6,
      0
    ]
  ],
  "metrics_initial": {
    "vehicles_used": 2,
    "total_distance_km": 649.4700000000001,
    "cost_distance": 649.4700000000001,
    "cost_time": 772.7199999999999,
    "vehicle_cost": 1800.0,
    "waiting_E": 192.59,
    "horizon_excess_E": 0.0,
    "makespan_E": 413.61999999999995,
    "sum_route_time_E": 772.7199999999999,
    "avg_route_time_E": 386.35999999999996
  },
  "metrics_best": {
    "vehicles_used": 2,
    "total_distance_km": 596.0600000000001,
    "cost_distance": 596.0600000000001,
    "cost_time": 677.15,
    "vehicle_cost": 1800.0,
    "waiting_E": 120.70000000000006,
    "horizon_excess_E": 0.0,
    "makespan_E": 342.01,
    "sum_route_time_E": 677.15,
    "avg_route_time_E": 338.575
  },
  "metrics_delta": {
    "vehicles_used": 0,
    "total_distance_km": -53.41000000000008,
    "cost_distance": -53.41000000000008,
    "cost_time": -95.56999999999994,
    "vehicle_cost": 0.0,
    "waiting_E": -71.88999999999994,
    "horizon_excess_E": 0.0,
    "makespan_E": -71.60999999999996,
    "sum_route_time_E": -95.56999999999994,
    "avg_route_time_E": -47.78499999999997
  },
  "process": {
    "runtime_seconds": 4.886226177215576,
    "epochs": 44,
    "accepted_moves": 13313,
    "improving_moves": 3879,
    "rejected_window_E_moves": 24126,
    "rejected_window_P_moves": 24942,
    "rejected_window_both_moves": 23544
  },
  "trace_improvements": [
    [
      0,
      3222.19
    ],
    [
      32,
      3154.3799999999997
    ],
    [
      33,
      3109.25
    ],
    [
      37,
      3101.6900000000005
    ],
    [
      40,
      3075.84
    ],
    [
      41,
      3073.21
    ]
  ]
}