{
  "parameters": {
    "dataset": "app_final_80_very_loose",
    "t_max": 1000.0,
    "t_min": 10.0,
    "alpha": 0.9,
    "iters_per_T": 500,
    "neighborhood": "mixed",
    "day_horizon": 600,
    "time_weight": 1.0
  },
  "initial_cost": 6154.709999999999,
  "best_cost": 5846.02,
  "improvement_pct": 0.05015508448001591,
  "best_routes": [
    [
      0,
      11,
      5,
      46,
      37,
      1,
      29,
      71,
      48,
      68,
      49,
      65,
      73,
      53,
      50,
      26,
      58,
      23,
      66,
      14,
      55,
      56,
      42,
      13,
      64,
      79,
      77,
      69,
      72,
      0
    ],
    [
      0,
      63,
      31,
      70,
      17,
      19,
      28,
      20,
      59,
      33,
      54,
      16,
      18,
      60,
      62,
      75,
      15,
      74,
      2,
      45,
      22,
      41,
      21,
      57,
      8,
      67,
      32,
      76,
      0
    ],
    [
      0,
      40,
      3,
      47,
      35,
      36,
      25,
      4,
      43,
      44,
      52,
      24,
      7,
      34,
      61,
      78,
      39,
      51,
      27,
      30,
      12,
      80,
      38,
      9,
      10,
      6,
      0
    ]
  ],
  "metrics_initial": {
    "vehicles_used": 3,
    "total_distance_km": 1864.99,
    "cost_distance": 1864.99,
    "cost_time": 1589.7199999999998,
    "vehicle_cost": 2700.0,
    "waiting_E": 20.30000000000001,
    "horizon_excess_E": 0.0,
    "makespan_E": 596.4899999999999,
    "sum_route_time_E": 1589.7199999999998,
    "avg_route_time_E": 529.9066666666666
  },
  "metrics_best": {
    "vehicles_used": 3,
    "total_distance_km": 1653.8800000000008,
    "cost_distance": 1653.8800000000008,
    "cost_time": 1492.1399999999999,
    "vehicle_cost": 2700.0,
    "waiting_E": 63.500000000000114,
    "horizon_excess_E": 0.0,
    "makespan_E": 517.37,
    "sum_route_time_E": 1492.1399999999999,
    "avg_route_time_E": 497.37999999999994
  },
  "metrics_delta": {
    "vehicles_used": 0,
    "total_distance_km": -211.10999999999922,
    "cost_distance": -211.10999999999922,
    "cost_time": -97.57999999999993,
    "vehicle_cost": 0.0,
    "waiting_E": 43.2000000000001,
    "horizon_excess_E": 0.0,
    "makespan_E": -79.11999999999989,
    "sum_route_time_E": -97.57999999999993,
    "avg_route_time_E": -32.5266666666667
  },
  "process": {
    "runtime_seconds": 5.487468481063843,
    "epochs": 44,
    "accepted_moves": 2033,
    "improving_moves": 418,
    "rejected_window_E_moves": 19407,
    "rejected_window_P_moves": 18820,
    "rejected_window_both_moves": 18584
  },
  "trace_improvements": [
    [
      0,
      6154.709999999999
    ],
    [
      35,
      6137.94
    ],
    [
      36,
      6095.889999999999
    ],
    [
      40,
      5964.05
    ],
    [
      41,
      5957.46
    ],
    [
      42,
      5908.800000000001
    ],
    [
      43,
      5846.02
    ]
  ]
}