{
  "parameters": {
    "dataset": "app_final_80_very_loose",
    "t_max": 1000.0,
    "t_min": 10.0,
    "alpha": 0.9,
    "iters_per_T": 15000,
    "neighborhood": "mixed",
    "day_horizon": 600,
    "time_weight": 1.0
  },
  "initial_cost": 6154.709999999999,
  "best_cost": 5542.449999999999,
  "improvement_pct": 0.09947828573563991,
  "best_routes": [
    [
      0,
      25,
      66,
      28,
      16,
      55,
      20,
      54,
      33,
      60,
      23,
      42,
      61,
      59,
      14,
      78,
      56,
      18,
      39,
      51,
      13,
      71,
      29,
      64,
      79,
      80,
      38,
      77,
      69,
      30,
      12,
      0
    ],
    [
      0,
      3,
      11,
      36,
      76,
      35,
      67,
      24,
      7,
      26,
      58,
      41,
      22,
      68,
      75,
      43,
      4,
      52,
      44,
      74,
      15,
      62,
      49,
      2,
      48,
      45,
      34,
      21,
      57,
      73,
      72,
      0
    ],
    [
      0,
      40,
      5,
      31,
      70,
      17,
      27,
      19,
      63,
      37,
      1,
      46,
      50,
      53,
      65,
      8,
      32,
      47,
      10,
      9,
      6,
      0
    ]
  ],
  "metrics_initial": {
    "vehicles_used": 3,
    "total_distance_km": 1864.99,
    "cost_distance": 1864.99,
    "cost_time": 1589.7199999999998,
    "vehicle_cost": 2700.0,
    "waiting_E": 20.30000000000001,
    "horizon_excess_E": 0.0,
    "makespan_E": 596.4899999999999,
    "sum_route_time_E": 1589.7199999999998,
    "avg_route_time_E": 529.9066666666666
  },
  "metrics_best": {
    "vehicles_used": 3,
    "total_distance_km": 1464.8399999999992,
    "cost_distance": 1464.8399999999992,
    "cost_time": 1377.61,
    "vehicle_cost": 2700.0,
    "waiting_E": 95.31000000000002,
    "horizon_excess_E": 0.0,
    "makespan_E": 525.62,
    "sum_route_time_E": 1377.61,
    "avg_route_time_E": 459.2033333333333
  },
  "metrics_delta": {
    "vehicles_used": 0,
    "total_distance_km": -400.1500000000008,
    "cost_distance": -400.1500000000008,
    "cost_time": -212.1099999999999,
    "vehicle_cost": 0.0,
    "waiting_E": 75.01,
    "horizon_excess_E": 0.0,
    "makespan_E": -70.86999999999989,
    "sum_route_time_E": -212.1099999999999,
    "avg_route_time_E": -70.70333333333332
  },
  "process": {
    "runtime_seconds": 161.06437969207764,
    "epochs": 44,
    "accepted_moves": 74094,
    "improving_moves": 18801,
    "rejected_window_E_moves": 561506,
    "rejected_window_P_moves": 551498,
    "rejected_window_both_moves": 542344
  },
  "trace_improvements": [
    [
      0,
      6154.709999999999
    ],
    [
      24,
      6139.889999999999
    ],
    [
      25,
      6110.95
    ],
    [
      27,
      6043.420000000001
    ],
    [
      28,
      5976.57
    ],
    [
      32,
      5957.820000000001
    ],
    [
      34,
      5931.12
    ],
    [
      36,
      5783.889999999999
    ],
    [
      38,
      5776.54
    ],
    [
      39,
      5682.029999999999
    ],
    [
      40,
      5627.599999999999
    ],
    [
      41,
      5560.4800000000005
    ],
    [
      43,
      5542.449999999999
    ]
  ]
}