{
  "parameters": {
    "dataset": "app_final_80_loose",
    "t_max": 1000.0,
    "t_min": 10.0,
    "alpha": 0.9,
    "iters_per_T": 2000,
    "neighborhood": "mixed",
    "day_horizon": 600,
    "time_weight": 1.0
  },
  "initial_cost": 6387.089999999999,
  "best_cost": 6071.049999999999,
  "improvement_pct": 0.04948106258092496,
  "best_routes": [
    [
      0,
      34,
      66,
      78,
      15,
      74,
      29,
      24,
      14,
      17,
      2,
      76,
      75,
      56,
      45,
      41,
      12,
      21,
      46,
      36,
      77,
      47,
      71,
      57,
      13,
      68,
      31,
      50,
      72,
      16,
      0
    ],
    [
      0,
      55,
      6,
      19,
      63,
      42,
      8,
      10,
      54,
      27,
      58,
      59,
      70,
      52,
      33,
      38,
      65,
      48,
      61,
      69,
      35,
      51,
      73,
      53,
      32,
      44,
      40,
      1,
      67,
      0
    ],
    [
      0,
      20,
      25,
      37,
      23,
      80,
      49,
      9,
      3,
      30,
      62,
      64,
      5,
      26,
      4,
      43,
      60,
      28,
      18,
      7,
      79,
      11,
      22,
      39,
      0
    ]
  ],
  "metrics_initial": {
    "vehicles_used": 3,
    "total_distance_km": 1987.2299999999998,
    "cost_distance": 1987.2299999999998,
    "cost_time": 1699.8599999999997,
    "vehicle_cost": 2700.0,
    "waiting_E": 61.810000000000045,
    "horizon_excess_E": 0.0,
    "makespan_E": 580.3,
    "sum_route_time_E": 1699.8599999999997,
    "avg_route_time_E": 566.6199999999999
  },
  "metrics_best": {
    "vehicles_used": 3,
    "total_distance_km": 1749.48,
    "cost_distance": 1749.48,
    "cost_time": 1621.5700000000002,
    "vehicle_cost": 2700.0,
    "waiting_E": 160.04,
    "horizon_excess_E": 0.0,
    "makespan_E": 568.2299999999998,
    "sum_route_time_E": 1621.5700000000002,
    "avg_route_time_E": 540.5233333333334
  },
  "metrics_delta": {
    "vehicles_used": 0,
    "total_distance_km": -237.74999999999977,
    "cost_distance": -237.74999999999977,
    "cost_time": -78.28999999999951,
    "vehicle_cost": 0.0,
    "waiting_E": 98.22999999999995,
    "horizon_excess_E": 0.0,
    "makespan_E": -12.070000000000164,
    "sum_route_time_E": -78.28999999999951,
    "avg_route_time_E": -26.096666666666465
  },
  "process": {
    "runtime_seconds": 20.329989194869995,
    "epochs": 44,
    "accepted_moves": 7555,
    "improving_moves": 1354,
    "rejected_window_E_moves": 79056,
    "rejected_window_P_moves": 77858,
    "rejected_window_both_moves": 76971
  },
  "trace_improvements": [
    [
      0,
      6387.089999999999
    ],
    [
      9,
      6325.36
    ],
    [
      32,
      6313.63
    ],
    [
      34,
      6305.98
    ],
    [
      35,
      6247.82
    ],
    [
      40,
      6229.859999999999
    ],
    [
      41,
      6098.9
    ],
    [
      42,
      6093.449999999999
    ],
    [
      43,
      6071.049999999999
    ]
  ]
}