{
  "parameters": {
    "dataset": "app_final_120_very_loose",
    "t_max": 1000.0,
    "t_min": 10.0,
    "alpha": 0.9,
    "iters_per_T": 10000,
    "neighborhood": "mixed",
    "day_horizon": 600,
    "time_weight": 1.0
  },
  "initial_cost": 9577.64,
  "best_cost": 8883.380000000001,
  "improvement_pct": 0.07248758566828556,
  "best_routes": [
    [
      0,
      58,
      50,
      55,
      43,
      22,
      59,
      73,
      62,
      89,
      103,
      93,
      56,
      70,
      101,
      76,
      3,
      33,
      25,
      11,
      78,
      38,
      46,
      47,
      49,
      109,
      29,
      2,
      117,
      66,
      0
    ],
    [
      0,
      112,
      96,
      10,
      64,
      83,
      35,
      30,
      75,
      97,
      72,
      31,
      17,
      40,
      45,
      27,
      95,
      105,
      118,
      114,
      65,
      88,
      37,
      32,
      41,
      87,
      61,
      24,
      91,
      14,
      52,
      0
    ],
    [
      0,
      104,
      1,
      100,
      12,
      5,
      23,
      60,
      99,
      20,
      74,
      39,
      9,
      28,
      106,
      94,
      86,
      82,
      98,
      34,
      4,
      53,
      13,
      110,
      44,
      85,
      79,
      0
    ],
    [
      0,
      116,
      7,
      115,
      36,
      102,
      92,
      26,
      90,
      54,
      67,
      6,
      113,
      15,
      71,
      8,
      48,
      68,
      77,
      51,
      19,
      84,
      16,
      57,
      120,
      42,
      21,
      0
    ],
    [
      0,
      111,
      18,
      81,
      69,
      63,
      108,
      107,
      80,
      119,
      0
    ]
  ],
  "metrics_initial": {
    "vehicles_used": 5,
    "total_distance_km": 2635.55,
    "cost_distance": 2635.55,
    "cost_time": 2442.09,
    "vehicle_cost": 4500.0,
    "waiting_E": 92.49000000000004,
    "horizon_excess_E": 0.0,
    "makespan_E": 595.2700000000001,
    "sum_route_time_E": 2442.09,
    "avg_route_time_E": 488.418
  },
  "metrics_best": {
    "vehicles_used": 5,
    "total_distance_km": 2186.4700000000003,
    "cost_distance": 2186.4700000000003,
    "cost_time": 2196.9100000000003,
    "vehicle_cost": 4500.0,
    "waiting_E": 185.18999999999988,
    "horizon_excess_E": 0.0,
    "makespan_E": 536.99,
    "sum_route_time_E": 2196.9100000000003,
    "avg_route_time_E": 439.38200000000006
  },
  "metrics_delta": {
    "vehicles_used": 0,
    "total_distance_km": -449.0799999999999,
    "cost_distance": -449.0799999999999,
    "cost_time": -245.17999999999984,
    "vehicle_cost": 0.0,
    "waiting_E": 92.69999999999985,
    "horizon_excess_E": 0.0,
    "makespan_E": -58.280000000000086,
    "sum_route_time_E": -245.17999999999984,
    "avg_route_time_E": -49.035999999999945
  },
  "process": {
    "runtime_seconds": 172.09156441688538,
    "epochs": 44,
    "accepted_moves": 51971,
    "improving_moves": 13224,
    "rejected_window_E_moves": 370149,
    "rejected_window_P_moves": 364952,
    "rejected_window_both_moves": 358920
  },
  "trace_improvements": [
    [
      0,
      9577.64
    ],
    [
      36,
      9553.630000000001
    ],
    [
      37,
      9553.63
    ],
    [
      38,
      9334.66
    ],
    [
      40,
      9123.38
    ],
    [
      41,
      9104.6
    ],
    [
      42,
      8999.930000000002
    ],
    [
      43,
      8883.380000000001
    ]
  ]
}