{
  "parameters": {
    "dataset": "app_final_20_loose",
    "t_max": 1000.0,
    "t_min": 10.0,
    "alpha": 0.9,
    "iters_per_T": 15000,
    "neighborhood": "mixed",
    "day_horizon": 600,
    "time_weight": 1.0
  },
  "initial_cost": 3225.33,
  "best_cost": 2059.44,
  "improvement_pct": 0.36147929049120553,
  "best_routes": [
    [
      0,
      6,
      16,
      11,
      12,
      19,
      17,
      8,
      7,
      18,
      5,
      4,
      1,
      15,
      3,
      2,
      10,
      14,
      13,
      9,
      20,
      0
    ]
  ],
  "metrics_initial": {
    "vehicles_used": 2,
    "total_distance_km": 707.16,
    "cost_distance": 707.16,
    "cost_time": 718.17,
    "vehicle_cost": 1800.0,
    "waiting_E": 56.379999999999946,
    "horizon_excess_E": 0.0,
    "makespan_E": 572.16,
    "sum_route_time_E": 718.17,
    "avg_route_time_E": 359.085
  },
  "metrics_best": {
    "vehicles_used": 1,
    "total_distance_km": 569.69,
    "cost_distance": 569.69,
    "cost_time": 589.75,
    "vehicle_cost": 900.0,
    "waiting_E": 86.37000000000006,
    "horizon_excess_E": 0.0,
    "makespan_E": 589.75,
    "sum_route_time_E": 589.75,
    "avg_route_time_E": 589.75
  },
  "metrics_delta": {
    "vehicles_used": -1,
    "total_distance_km": -137.4699999999999,
    "cost_distance": -137.4699999999999,
    "cost_time": -128.41999999999996,
    "vehicle_cost": -900.0,
    "waiting_E": 29.990000000000116,
    "horizon_excess_E": 0.0,
    "makespan_E": 17.590000000000032,
    "sum_route_time_E": -128.41999999999996,
    "avg_route_time_E": 230.66500000000002
  },
  "process": {
    "runtime_seconds": 64.17367053031921,
    "epochs": 44,
    "accepted_moves": 174551,
    "improving_moves": 48570,
    "rejected_window_E_moves": 444859,
    "rejected_window_P_moves": 425466,
    "rejected_window_both_moves": 411343
  },
  "trace_improvements": [
    [
      0,
      3225.33
    ],
    [
      30,
      3215.84
    ],
    [
      36,
      2068.96
    ],
    [
      37,
      2059.44
    ]
  ]
}