{
  "parameters": {
    "dataset": "app_final_200_loose",
    "t_max": 1000.0,
    "t_min": 10.0,
    "alpha": 0.9,
    "iters_per_T": 2000,
    "neighborhood": "mixed",
    "day_horizon": 600,
    "time_weight": 1.0
  },
  "initial_cost": 16206.4,
  "best_cost": 16137.469999999998,
  "improvement_pct": 0.004253257972159277,
  "best_routes": [
    [
      0,
      53,
      47,
      165,
      69,
      90,
      168,
      140,
      101,
      171,
      84,
      126,
      107,
      23,
      113,
      119,
      11,
      145,
      40,
      35,
      62,
      166,
      178,
      42,
      12,
      17,
      61,
      156,
      124,
      158,
      0
    ],
    [
      0,
      151,
      112,
      176,
      75,
      109,
      199,
      94,
      30,
      31,
      188,
      177,
      60,
      121,
      80,
      154,
      96,
      127,
      8,
      45,
      147,
      118,
      46,
      155,
      81,
      108,
      157,
      0
    ],
    [
      0,
      27,
      55,
      18,
      163,
      175,
      48,
      132,
      186,
      68,
      189,
      54,
      10,
      56,
      150,
      67,
      97,
      181,
      179,
      164,
      200,
      172,
      0
    ],
    [
      0,
      64,
      148,
      24,
      14,
      134,
      2,
      170,
      183,
      137,
      51,
      79,
      129,
      50,
      167,
      71,
      78,
      139,
      70,
      110,
      122,
      86,
      59,
      4,
      0
    ],
    [
      0,
      57,
      1,
      21,
      9,
      131,
      149,
      25,
      135,
      28,
      116,
      6,
      99,
      91,
      65,
      106,
      63,
      120,
      52,
      117,
      162,
      196,
      133,
      159,
      115,
      185,
      49,
      0
    ],
    [
      0,
      143,
      74,
      83,
      153,
      187,
      33,
      66,
      72,
      144,
      5,
      114,
      89,
      43,
      77,
      195,
      3,
      184,
      93,
      125,
      193,
      136,
      190,
      88,
      0
    ],
    [
      0,
      36,
      194,
      197,
      82,
      103,
      182,
      104,
      174,
      32,
      92,
      26,
      100,
      15,
      38,
      76,
      169,
      180,
      138,
      29,
      173,
      141,
      73,
      130,
      22,
      128,
      20,
      39,
      85,
      123,
      192,
      16,
      0
    ],
    [
      0,
      198,
      58,
      87,
      111,
      98,
      142,
      13,
      105,
      102,
      19,
      95,
      146,
      44,
      191,
      7,
      160,
      152,
      41,
      161,
      34,
      37,
      0
    ]
  ],
  "metrics_initial": {
    "vehicles_used": 8,
    "total_distance_km": 4567.41,
    "cost_distance": 4567.41,
    "cost_time": 4438.99,
    "vehicle_cost": 7200.0,
    "waiting_E": 554.7400000000001,
    "horizon_excess_E": 0.0,
    "makespan_E": 599.64,
    "sum_route_time_E": 4438.99,
    "avg_route_time_E": 554.87375
  },
  "metrics_best": {
    "vehicles_used": 8,
    "total_distance_km": 4646.989999999999,
    "cost_distance": 4646.989999999999,
    "cost_time": 4290.48,
    "vehicle_cost": 7200.0,
    "waiting_E": 293.8499999999999,
    "horizon_excess_E": 0.0,
    "makespan_E": 598.8299999999999,
    "sum_route_time_E": 4290.48,
    "avg_route_time_E": 536.31
  },
  "metrics_delta": {
    "vehicles_used": 0,
    "total_distance_km": 79.57999999999902,
    "cost_distance": 79.57999999999902,
    "cost_time": -148.51000000000022,
    "vehicle_cost": 0.0,
    "waiting_E": -260.8900000000002,
    "horizon_excess_E": 0.0,
    "makespan_E": -0.8100000000000591,
    "sum_route_time_E": -148.51000000000022,
    "avg_route_time_E": -18.563750000000027
  },
  "process": {
    "runtime_seconds": 54.681464195251465,
    "epochs": 44,
    "accepted_moves": 7649,
    "improving_moves": 1466,
    "rejected_window_E_moves": 79085,
    "rejected_window_P_moves": 77652,
    "rejected_window_both_moves": 76698
  },
  "trace_improvements": [
    [
      0,
      16206.4
    ],
    [
      42,
      16199.419999999998
    ],
    [
      43,
      16137.469999999998
    ]
  ]
}