{
  "parameters": {
    "dataset": "app_final_80_very_loose",
    "t_max": 1000.0,
    "t_min": 10.0,
    "alpha": 0.9,
    "iters_per_T": 5000,
    "neighborhood": "mixed",
    "day_horizon": 600,
    "time_weight": 1.0
  },
  "initial_cost": 6154.709999999999,
  "best_cost": 5605.860000000001,
  "improvement_pct": 0.08917560697417078,
  "best_routes": [
    [
      0,
      11,
      3,
      37,
      46,
      29,
      23,
      66,
      33,
      78,
      54,
      28,
      20,
      16,
      59,
      55,
      14,
      61,
      42,
      13,
      56,
      39,
      51,
      1,
      64,
      71,
      57,
      8,
      65,
      38,
      73,
      80,
      72,
      6,
      0
    ],
    [
      0,
      5,
      63,
      70,
      31,
      17,
      27,
      19,
      18,
      22,
      41,
      58,
      7,
      24,
      26,
      21,
      49,
      62,
      74,
      15,
      75,
      68,
      48,
      2,
      34,
      45,
      60,
      79,
      77,
      69,
      12,
      30,
      9,
      0
    ],
    [
      0,
      76,
      35,
      25,
      67,
      50,
      53,
      52,
      44,
      43,
      4,
      36,
      32,
      47,
      10,
      40,
      0
    ]
  ],
  "metrics_initial": {
    "vehicles_used": 3,
    "total_distance_km": 1864.99,
    "cost_distance": 1864.99,
    "cost_time": 1589.7199999999998,
    "vehicle_cost": 2700.0,
    "waiting_E": 20.30000000000001,
    "horizon_excess_E": 0.0,
    "makespan_E": 596.4899999999999,
    "sum_route_time_E": 1589.7199999999998,
    "avg_route_time_E": 529.9066666666666
  },
  "metrics_best": {
    "vehicles_used": 3,
    "total_distance_km": 1487.02,
    "cost_distance": 1487.02,
    "cost_time": 1418.8400000000001,
    "vehicle_cost": 2700.0,
    "waiting_E": 135.87999999999997,
    "horizon_excess_E": 0.0,
    "makespan_E": 557.21,
    "sum_route_time_E": 1418.8400000000001,
    "avg_route_time_E": 472.9466666666667
  },
  "metrics_delta": {
    "vehicles_used": 0,
    "total_distance_km": -377.97,
    "cost_distance": -377.97,
    "cost_time": -170.87999999999965,
    "vehicle_cost": 0.0,
    "waiting_E": 115.57999999999996,
    "horizon_excess_E": 0.0,
    "makespan_E": -39.27999999999986,
    "sum_route_time_E": -170.87999999999965,
    "avg_route_time_E": -56.95999999999992
  },
  "process": {
    "runtime_seconds": 53.20609164237976,
    "epochs": 44,
    "accepted_moves": 24453,
    "improving_moves": 6307,
    "rejected_window_E_moves": 188389,
    "rejected_window_P_moves": 183456,
    "rejected_window_both_moves": 180439
  },
  "trace_improvements": [
    [
      0,
      6154.709999999999
    ],
    [
      26,
      6145.24
    ],
    [
      29,
      6056.84
    ],
    [
      33,
      5972.05
    ],
    [
      35,
      5901.540000000001
    ],
    [
      37,
      5868.96
    ],
    [
      38,
      5796.65
    ],
    [
      39,
      5741.469999999999
    ],
    [
      40,
      5705.5199999999995
    ],
    [
      41,
      5675.5
    ],
    [
      42,
      5651.539999999999
    ],
    [
      43,
      5605.860000000001
    ]
  ]
}