{
  "parameters": {
    "dataset": "app_final_40_very_loose",
    "t_max": 1000.0,
    "t_min": 10.0,
    "alpha": 0.9,
    "iters_per_T": 500,
    "neighborhood": "mixed",
    "day_horizon": 600,
    "time_weight": 1.0
  },
  "initial_cost": 4057.98,
  "best_cost": 3760.0600000000004,
  "improvement_pct": 0.07341583743635986,
  "best_routes": [
    [
      0,
      22,
      39,
      35,
      6,
      24,
      31,
      20,
      3,
      21,
      37,
      7,
      17,
      2,
      10,
      36,
      23,
      0
    ],
    [
      0,
      5,
      32,
      14,
      8,
      33,
      25,
      26,
      38,
      11,
      1,
      15,
      12,
      27,
      16,
      29,
      19,
      28,
      4,
      9,
      13,
      30,
      34,
      18,
      40,
      0
    ]
  ],
  "metrics_initial": {
    "vehicles_used": 2,
    "total_distance_km": 1132.81,
    "cost_distance": 1132.81,
    "cost_time": 1125.17,
    "vehicle_cost": 1800.0,
    "waiting_E": 120.92999999999999,
    "horizon_excess_E": 0.0,
    "makespan_E": 578.77,
    "sum_route_time_E": 1125.17,
    "avg_route_time_E": 562.585
  },
  "metrics_best": {
    "vehicles_used": 2,
    "total_distance_km": 947.8,
    "cost_distance": 947.8,
    "cost_time": 1012.26,
    "vehicle_cost": 1800.0,
    "waiting_E": 135.95,
    "horizon_excess_E": 0.0,
    "makespan_E": 554.6,
    "sum_route_time_E": 1012.26,
    "avg_route_time_E": 506.13
  },
  "metrics_delta": {
    "vehicles_used": 0,
    "total_distance_km": -185.01,
    "cost_distance": -185.01,
    "cost_time": -112.91000000000008,
    "vehicle_cost": 0.0,
    "waiting_E": 15.019999999999996,
    "horizon_excess_E": 0.0,
    "makespan_E": -24.16999999999996,
    "sum_route_time_E": -112.91000000000008,
    "avg_route_time_E": -56.45500000000004
  },
  "process": {
    "runtime_seconds": 3.321143865585327,
    "epochs": 44,
    "accepted_moves": 3189,
    "improving_moves": 815,
    "rejected_window_E_moves": 17966,
    "rejected_window_P_moves": 17324,
    "rejected_window_both_moves": 16997
  },
  "trace_improvements": [
    [
      0,
      4035.45
    ],
    [
      13,
      4026.25
    ],
    [
      21,
      4008.0699999999997
    ],
    [
      27,
      4003.85
    ],
    [
      30,
      3931.0299999999997
    ],
    [
      34,
      3930.82
    ],
    [
      37,
      3928.8100000000004
    ],
    [
      38,
      3908.63
    ],
    [
      39,
      3884.31
    ],
    [
      40,
      3816.59
    ],
    [
      41,
      3760.0600000000004
    ]
  ]
}