{
  "parameters": {
    "dataset": "app_final_40_very_loose",
    "t_max": 1000.0,
    "t_min": 10.0,
    "alpha": 0.9,
    "iters_per_T": 5000,
    "neighborhood": "mixed",
    "day_horizon": 600,
    "time_weight": 1.0
  },
  "initial_cost": 4057.98,
  "best_cost": 3617.75,
  "improvement_pct": 0.10848500978319263,
  "best_routes": [
    [
      0,
      39,
      14,
      35,
      33,
      38,
      25,
      6,
      24,
      31,
      20,
      3,
      22,
      36,
      2,
      17,
      7,
      10,
      23,
      0
    ],
    [
      0,
      5,
      21,
      32,
      8,
      34,
      1,
      11,
      13,
      30,
      12,
      9,
      28,
      4,
      19,
      29,
      16,
      27,
      37,
      15,
      18,
      40,
      26,
      0
    ]
  ],
  "metrics_initial": {
    "vehicles_used": 2,
    "total_distance_km": 1132.81,
    "cost_distance": 1132.81,
    "cost_time": 1125.17,
    "vehicle_cost": 1800.0,
    "waiting_E": 120.92999999999999,
    "horizon_excess_E": 0.0,
    "makespan_E": 578.77,
    "sum_route_time_E": 1125.17,
    "avg_route_time_E": 562.585
  },
  "metrics_best": {
    "vehicles_used": 2,
    "total_distance_km": 855.6199999999998,
    "cost_distance": 855.6199999999998,
    "cost_time": 962.1300000000001,
    "vehicle_cost": 1800.0,
    "waiting_E": 187.62000000000003,
    "horizon_excess_E": 0.0,
    "makespan_E": 527.95,
    "sum_route_time_E": 962.1300000000001,
    "avg_route_time_E": 481.06500000000005
  },
  "metrics_delta": {
    "vehicles_used": 0,
    "total_distance_km": -277.19000000000017,
    "cost_distance": -277.19000000000017,
    "cost_time": -163.03999999999996,
    "vehicle_cost": 0.0,
    "waiting_E": 66.69000000000004,
    "horizon_excess_E": 0.0,
    "makespan_E": -50.819999999999936,
    "sum_route_time_E": -163.03999999999996,
    "avg_route_time_E": -81.51999999999998
  },
  "process": {
    "runtime_seconds": 30.225318908691406,
    "epochs": 44,
    "accepted_moves": 32226,
    "improving_moves": 8166,
    "rejected_window_E_moves": 178403,
    "rejected_window_P_moves": 171767,
    "rejected_window_both_moves": 167804
  },
  "trace_improvements": [
    [
      0,
      4028.84
    ],
    [
      3,
      4013.61
    ],
    [
      9,
      4000.0899999999997
    ],
    [
      14,
      3951.71
    ],
    [
      25,
      3862.2
    ],
    [
      26,
      3861.69
    ],
    [
      33,
      3806.26
    ],
    [
      35,
      3761.8500000000004
    ],
    [
      36,
      3759.29
    ],
    [
      37,
      3755.0099999999998
    ],
    [
      38,
      3699.85
    ],
    [
      39,
      3687.2
    ],
    [
      40,
      3672.91
    ],
    [
      42,
      3617.75
    ]
  ]
}