{
  "parameters": {
    "dataset": "app_final_120_tight",
    "t_max": 1000.0,
    "t_min": 10.0,
    "alpha": 0.9,
    "iters_per_T": 10000,
    "neighborhood": "mixed",
    "day_horizon": 600,
    "time_weight": 1.0
  },
  "initial_cost": 15820.490000000003,
  "best_cost": 14355.060000000001,
  "improvement_pct": 0.09262861011258196,
  "best_routes": [
    [
      0,
      59,
      32,
      3,
      73,
      4,
      49,
      81,
      16,
      105,
      27,
      110,
      35,
      15,
      0
    ],
    [
      0,
      92,
      11,
      14,
      88,
      61,
      36,
      104,
      54,
      51,
      116,
      28,
      66,
      34,
      0
    ],
    [
      0,
      53,
      67,
      91,
      21,
      56,
      114,
      65,
      120,
      24,
      39,
      83,
      5,
      98,
      44,
      119,
      0
    ],
    [
      0,
      38,
      62,
      64,
      29,
      26,
      100,
      20,
      37,
      19,
      115,
      97,
      106,
      103,
      9,
      23,
      7,
      0
    ],
    [
      0,
      69,
      74,
      43,
      60,
      30,
      13,
      112,
      10,
      47,
      87,
      52,
      96,
      101,
      50,
      58,
      31,
      46,
      0
    ],
    [
      0,
      85,
      102,
      118,
      25,
      48,
      109,
      86,
      33,
      1,
      75,
      40,
      107,
      99,
      63,
      6,
      95,
      55,
      94,
      0
    ],
    [
      0,
      76,
      79,
      93,
      70,
      68,
      41,
      45,
      18,
      78,
      80,
      113,
      108,
      17,
      2,
      57,
      42,
      22,
      117,
      90,
      0
    ],
    [
      0,
      71,
      82,
      8,
      111,
      72,
      12,
      77,
      84,
      89,
      0
    ]
  ],
  "metrics_initial": {
    "vehicles_used": 8,
    "total_distance_km": 4535.980000000002,
    "cost_distance": 4535.980000000002,
    "cost_time": 4084.5100000000007,
    "vehicle_cost": 7200.0,
    "waiting_E": 389.52,
    "horizon_excess_E": 0.0,
    "makespan_E": 599.3900000000001,
    "sum_route_time_E": 4084.5100000000007,
    "avg_route_time_E": 510.5637500000001
  },
  "metrics_best": {
    "vehicles_used": 8,
    "total_distance_km": 3219.2699999999995,
    "cost_distance": 3219.2699999999995,
    "cost_time": 3935.79,
    "vehicle_cost": 7200.0,
    "waiting_E": 1280.9399999999996,
    "horizon_excess_E": 0.0,
    "makespan_E": 585.53,
    "sum_route_time_E": 3935.79,
    "avg_route_time_E": 491.97375
  },
  "metrics_delta": {
    "vehicles_used": 0,
    "total_distance_km": -1316.7100000000028,
    "cost_distance": -1316.7100000000028,
    "cost_time": -148.7200000000007,
    "vehicle_cost": 0.0,
    "waiting_E": 891.4199999999996,
    "horizon_excess_E": 0.0,
    "makespan_E": -13.860000000000127,
    "sum_route_time_E": -148.7200000000007,
    "avg_route_time_E": -18.59000000000009
  },
  "process": {
    "runtime_seconds": 177.46434211730957,
    "epochs": 44,
    "accepted_moves": 51091,
    "improving_moves": 7608,
    "rejected_window_E_moves": 381296,
    "rejected_window_P_moves": 384061,
    "rejected_window_both_moves": 379983
  },
  "trace_improvements": [
    [
      0,
      15817.640000000003
    ],
    [
      5,
      15792.400000000001
    ],
    [
      6,
      15743.34
    ],
    [
      24,
      15565.990000000002
    ],
    [
      25,
      15403.71
    ],
    [
      29,
      15223.810000000001
    ],
    [
      30,
      15016.39
    ],
    [
      36,
      14985.120000000003
    ],
    [
      37,
      14838.5
    ],
    [
      39,
      14780.670000000002
    ],
    [
      40,
      14611.22
    ],
    [
      41,
      14464.489999999998
    ],
    [
      42,
      14443.359999999999
    ],
    [
      43,
      14355.060000000001
    ]
  ]
}