{
  "parameters": {
    "dataset": "app_final_40_very_loose",
    "t_max": 1000.0,
    "t_min": 10.0,
    "alpha": 0.9,
    "iters_per_T": 15000,
    "neighborhood": "mixed",
    "day_horizon": 600,
    "time_weight": 1.0
  },
  "initial_cost": 4057.98,
  "best_cost": 3620.7599999999998,
  "improvement_pct": 0.10774326142563548,
  "best_routes": [
    [
      0,
      32,
      39,
      14,
      12,
      9,
      13,
      34,
      30,
      15,
      1,
      11,
      18,
      38,
      26,
      33,
      35,
      25,
      40,
      24,
      31,
      3,
      0
    ],
    [
      0,
      5,
      20,
      6,
      21,
      22,
      10,
      8,
      37,
      27,
      28,
      4,
      19,
      29,
      16,
      7,
      17,
      2,
      36,
      23,
      0
    ]
  ],
  "metrics_initial": {
    "vehicles_used": 2,
    "total_distance_km": 1132.81,
    "cost_distance": 1132.81,
    "cost_time": 1125.17,
    "vehicle_cost": 1800.0,
    "waiting_E": 120.92999999999999,
    "horizon_excess_E": 0.0,
    "makespan_E": 578.77,
    "sum_route_time_E": 1125.17,
    "avg_route_time_E": 562.585
  },
  "metrics_best": {
    "vehicles_used": 2,
    "total_distance_km": 870.4699999999998,
    "cost_distance": 870.4699999999998,
    "cost_time": 950.29,
    "vehicle_cost": 1800.0,
    "waiting_E": 155.72999999999996,
    "horizon_excess_E": 0.0,
    "makespan_E": 490.53,
    "sum_route_time_E": 950.29,
    "avg_route_time_E": 475.145
  },
  "metrics_delta": {
    "vehicles_used": 0,
    "total_distance_km": -262.34000000000015,
    "cost_distance": -262.34000000000015,
    "cost_time": -174.8800000000001,
    "vehicle_cost": 0.0,
    "waiting_E": 34.79999999999997,
    "horizon_excess_E": 0.0,
    "makespan_E": -88.24000000000001,
    "sum_route_time_E": -174.8800000000001,
    "avg_route_time_E": -87.44000000000005
  },
  "process": {
    "runtime_seconds": 91.16836833953857,
    "epochs": 44,
    "accepted_moves": 97097,
    "improving_moves": 25042,
    "rejected_window_E_moves": 535538,
    "rejected_window_P_moves": 521481,
    "rejected_window_both_moves": 510695
  },
  "trace_improvements": [
    [
      0,
      3891.3500000000004
    ],
    [
      16,
      3865.1900000000005
    ],
    [
      19,
      3825.6400000000003
    ],
    [
      24,
      3807.74
    ],
    [
      31,
      3738.9800000000005
    ],
    [
      35,
      3726.85
    ],
    [
      37,
      3725.34
    ],
    [
      38,
      3654.37
    ],
    [
      41,
      3620.7599999999998
    ]
  ]
}