{
  "parameters": {
    "dataset": "app_final_80_loose",
    "t_max": 1000.0,
    "t_min": 10.0,
    "alpha": 0.9,
    "iters_per_T": 500,
    "neighborhood": "mixed",
    "day_horizon": 600,
    "time_weight": 1.0
  },
  "initial_cost": 6387.089999999999,
  "best_cost": 6294.31,
  "improvement_pct": 0.014526177022712824,
  "best_routes": [
    [
      0,
      25,
      34,
      24,
      20,
      59,
      70,
      58,
      27,
      35,
      37,
      10,
      18,
      7,
      76,
      75,
      46,
      36,
      68,
      47,
      57,
      31,
      54,
      77,
      21,
      41,
      12,
      45,
      79,
      0
    ],
    [
      0,
      42,
      19,
      8,
      6,
      56,
      28,
      43,
      53,
      51,
      33,
      52,
      65,
      38,
      48,
      66,
      69,
      74,
      29,
      14,
      22,
      2,
      11,
      50,
      67,
      40,
      44,
      32,
      73,
      72,
      39,
      0
    ],
    [
      0,
      15,
      78,
      55,
      63,
      23,
      80,
      49,
      3,
      30,
      9,
      64,
      62,
      13,
      71,
      4,
      5,
      26,
      60,
      1,
      16,
      17,
      61,
      0
    ]
  ],
  "metrics_initial": {
    "vehicles_used": 3,
    "total_distance_km": 1987.2299999999998,
    "cost_distance": 1987.2299999999998,
    "cost_time": 1699.8599999999997,
    "vehicle_cost": 2700.0,
    "waiting_E": 61.810000000000045,
    "horizon_excess_E": 0.0,
    "makespan_E": 580.3,
    "sum_route_time_E": 1699.8599999999997,
    "avg_route_time_E": 566.6199999999999
  },
  "metrics_best": {
    "vehicles_used": 3,
    "total_distance_km": 1901.8500000000001,
    "cost_distance": 1901.8500000000001,
    "cost_time": 1692.46,
    "vehicle_cost": 2700.0,
    "waiting_E": 109.70000000000009,
    "horizon_excess_E": 0.0,
    "makespan_E": 577.4099999999999,
    "sum_route_time_E": 1692.46,
    "avg_route_time_E": 564.1533333333333
  },
  "metrics_delta": {
    "vehicles_used": 0,
    "total_distance_km": -85.37999999999965,
    "cost_distance": -85.37999999999965,
    "cost_time": -7.399999999999636,
    "vehicle_cost": 0.0,
    "waiting_E": 47.89000000000004,
    "horizon_excess_E": 0.0,
    "makespan_E": -2.8900000000001,
    "sum_route_time_E": -7.399999999999636,
    "avg_route_time_E": -2.4666666666665833
  },
  "process": {
    "runtime_seconds": 5.294456243515015,
    "epochs": 44,
    "accepted_moves": 1808,
    "improving_moves": 290,
    "rejected_window_E_moves": 19944,
    "rejected_window_P_moves": 19355,
    "rejected_window_both_moves": 19117
  },
  "trace_improvements": [
    [
      0,
      6360.73
    ],
    [
      43,
      6294.31
    ]
  ]
}