{
  "parameters": {
    "dataset": "app_final_80_medium",
    "t_max": 1000.0,
    "t_min": 10.0,
    "alpha": 0.9,
    "iters_per_T": 5000,
    "neighborhood": "mixed",
    "day_horizon": 600,
    "time_weight": 1.0
  },
  "initial_cost": 9712.71,
  "best_cost": 8950.57,
  "improvement_pct": 0.0784683162577694,
  "best_routes": [
    [
      0,
      71,
      25,
      21,
      63,
      1,
      23,
      58,
      24,
      5,
      59,
      53,
      51,
      46,
      33,
      11,
      0
    ],
    [
      0,
      39,
      14,
      56,
      27,
      52,
      16,
      0
    ],
    [
      0,
      66,
      8,
      44,
      2,
      76,
      37,
      38,
      75,
      9,
      70,
      20,
      68,
      32,
      40,
      60,
      19,
      6,
      55,
      3,
      64,
      72,
      49,
      12,
      4,
      65,
      78,
      42,
      0
    ],
    [
      0,
      50,
      74,
      41,
      18,
      77,
      26,
      54,
      13,
      10,
      62,
      15,
      47,
      7,
      35,
      29,
      61,
      45,
      0
    ],
    [
      0,
      43,
      28,
      36,
      22,
      67,
      79,
      34,
      80,
      30,
      57,
      48,
      17,
      73,
      31,
      69,
      0
    ]
  ],
  "metrics_initial": {
    "vehicles_used": 5,
    "total_distance_km": 2720.8299999999995,
    "cost_distance": 2720.8299999999995,
    "cost_time": 2491.88,
    "vehicle_cost": 4500.0,
    "waiting_E": 97.90999999999991,
    "horizon_excess_E": 0.0,
    "makespan_E": 588.62,
    "sum_route_time_E": 2491.88,
    "avg_route_time_E": 498.37600000000003
  },
  "metrics_best": {
    "vehicles_used": 5,
    "total_distance_km": 2151.0600000000004,
    "cost_distance": 2151.0600000000004,
    "cost_time": 2299.5099999999998,
    "vehicle_cost": 4500.0,
    "waiting_E": 357.34999999999997,
    "horizon_excess_E": 0.0,
    "makespan_E": 592.39,
    "sum_route_time_E": 2299.5099999999998,
    "avg_route_time_E": 459.90199999999993
  },
  "metrics_delta": {
    "vehicles_used": 0,
    "total_distance_km": -569.7699999999991,
    "cost_distance": -569.7699999999991,
    "cost_time": -192.37000000000035,
    "vehicle_cost": 0.0,
    "waiting_E": 259.44000000000005,
    "horizon_excess_E": 0.0,
    "makespan_E": 3.769999999999982,
    "sum_route_time_E": -192.37000000000035,
    "avg_route_time_E": -38.4740000000001
  },
  "process": {
    "runtime_seconds": 61.08697819709778,
    "epochs": 44,
    "accepted_moves": 29857,
    "improving_moves": 5904,
    "rejected_window_E_moves": 184487,
    "rejected_window_P_moves": 184892,
    "rejected_window_both_moves": 182472
  },
  "trace_improvements": [
    [
      0,
      9712.71
    ],
    [
      25,
      9685.73
    ],
    [
      26,
      9524.829999999998
    ],
    [
      28,
      9519.94
    ],
    [
      31,
      9513.400000000001
    ],
    [
      35,
      9163.38
    ],
    [
      37,
      9098.539999999999
    ],
    [
      38,
      9072.32
    ],
    [
      39,
      9019.890000000001
    ],
    [
      43,
      8950.57
    ]
  ]
}