{
  "parameters": {
    "dataset": "app_final_40_loose",
    "t_max": 1000.0,
    "t_min": 10.0,
    "alpha": 0.9,
    "iters_per_T": 10000,
    "neighborhood": "mixed",
    "day_horizon": 600,
    "time_weight": 1.0
  },
  "initial_cost": 3810.17,
  "best_cost": 3634.1900000000005,
  "improvement_pct": 0.04618691554445066,
  "best_routes": [
    [
      0,
      6,
      25,
      21,
      5,
      7,
      35,
      32,
      17,
      8,
      39,
      28,
      20,
      34,
      23,
      13,
      14,
      10,
      36,
      16,
      38,
      29,
      37,
      22,
      0
    ],
    [
      0,
      31,
      19,
      24,
      40,
      9,
      12,
      4,
      26,
      33,
      15,
      2,
      18,
      11,
      30,
      3,
      1,
      27,
      0
    ]
  ],
  "metrics_initial": {
    "vehicles_used": 2,
    "total_distance_km": 1018.9900000000001,
    "cost_distance": 1018.9900000000001,
    "cost_time": 991.1800000000001,
    "vehicle_cost": 1800.0,
    "waiting_E": 77.27999999999992,
    "horizon_excess_E": 0.0,
    "makespan_E": 504.1400000000001,
    "sum_route_time_E": 991.1800000000001,
    "avg_route_time_E": 495.59000000000003
  },
  "metrics_best": {
    "vehicles_used": 2,
    "total_distance_km": 896.7400000000001,
    "cost_distance": 896.7400000000001,
    "cost_time": 937.4500000000002,
    "vehicle_cost": 1800.0,
    "waiting_E": 111.26999999999997,
    "horizon_excess_E": 0.0,
    "makespan_E": 474.6300000000001,
    "sum_route_time_E": 937.4500000000002,
    "avg_route_time_E": 468.7250000000001
  },
  "metrics_delta": {
    "vehicles_used": 0,
    "total_distance_km": -122.25,
    "cost_distance": -122.25,
    "cost_time": -53.729999999999905,
    "vehicle_cost": 0.0,
    "waiting_E": 33.99000000000005,
    "horizon_excess_E": 0.0,
    "makespan_E": -29.50999999999999,
    "sum_route_time_E": -53.729999999999905,
    "avg_route_time_E": -26.864999999999952
  },
  "process": {
    "runtime_seconds": 60.2602698802948,
    "epochs": 44,
    "accepted_moves": 55227,
    "improving_moves": 11934,
    "rejected_window_E_moves": 370606,
    "rejected_window_P_moves": 368700,
    "rejected_window_both_moves": 363165
  },
  "trace_improvements": [
    [
      0,
      3810.17
    ],
    [
      31,
      3778.7599999999998
    ],
    [
      33,
      3745.8700000000003
    ],
    [
      35,
      3733.7599999999998
    ],
    [
      36,
      3715.95
    ],
    [
      37,
      3671.2200000000003
    ],
    [
      42,
      3670.9600000000005
    ],
    [
      43,
      3634.1900000000005
    ]
  ]
}