{
  "parameters": {
    "dataset": "app_final_200_very_loose",
    "t_max": 1000.0,
    "t_min": 10.0,
    "alpha": 0.9,
    "iters_per_T": 10000,
    "neighborhood": "mixed",
    "day_horizon": 600,
    "time_weight": 1.0
  },
  "initial_cost": 12312.64,
  "best_cost": 11454.949999999997,
  "improvement_pct": 0.06965930945759824,
  "best_routes": [
    [
      0,
      197,
      199,
      163,
      166,
      159,
      68,
      152,
      194,
      117,
      27,
      111,
      168,
      154,
      71,
      33,
      38,
      72,
      121,
      178,
      124,
      130,
      140,
      105,
      96,
      141,
      59,
      171,
      112,
      30,
      143,
      3,
      191,
      100,
      81,
      46,
      193,
      0
    ],
    [
      0,
      119,
      186,
      40,
      123,
      120,
      76,
      11,
      172,
      10,
      48,
      67,
      126,
      108,
      104,
      93,
      83,
      158,
      41,
      150,
      137,
      51,
      118,
      39,
      31,
      106,
      25,
      62,
      78,
      200,
      61,
      167,
      157,
      7,
      42,
      90,
      109,
      66,
      95,
      174,
      1,
      44,
      86,
      0
    ],
    [
      0,
      14,
      43,
      34,
      37,
      155,
      125,
      2,
      79,
      52,
      88,
      77,
      91,
      179,
      5,
      56,
      4,
      147,
      103,
      89,
      15,
      149,
      64,
      23,
      177,
      9,
      65,
      0
    ],
    [
      0,
      16,
      176,
      101,
      170,
      187,
      98,
      28,
      198,
      107,
      142,
      20,
      13,
      110,
      47,
      75,
      189,
      182,
      183,
      196,
      144,
      35,
      24,
      55,
      161,
      181,
      102,
      0
    ],
    [
      0,
      50,
      26,
      57,
      136,
      29,
      73,
      74,
      148,
      169,
      69,
      85,
      113,
      139,
      82,
      87,
      63,
      6,
      135,
      19,
      45,
      145,
      92,
      12,
      115,
      97,
      21,
      133,
      80,
      180,
      58,
      122,
      70,
      151,
      0
    ],
    [
      0,
      190,
      175,
      134,
      146,
      54,
      192,
      173,
      162,
      195,
      60,
      116,
      156,
      132,
      32,
      131,
      153,
      129,
      22,
      84,
      188,
      128,
      53,
      18,
      49,
      184,
      165,
      164,
      94,
      138,
      114,
      99,
      127,
      160,
      185,
      17,
      8,
      36,
      0
    ]
  ],
  "metrics_initial": {
    "vehicles_used": 6,
    "total_distance_km": 3653.0499999999993,
    "cost_distance": 3653.0499999999993,
    "cost_time": 3259.59,
    "vehicle_cost": 5400.0,
    "waiting_E": 244.29000000000002,
    "horizon_excess_E": 0.0,
    "makespan_E": 598.4,
    "sum_route_time_E": 3259.59,
    "avg_route_time_E": 543.265
  },
  "metrics_best": {
    "vehicles_used": 6,
    "total_distance_km": 3114.169999999999,
    "cost_distance": 3114.169999999999,
    "cost_time": 2940.7799999999997,
    "vehicle_cost": 5400.0,
    "waiting_E": 323.5400000000001,
    "horizon_excess_E": 0.0,
    "makespan_E": 552.7899999999998,
    "sum_route_time_E": 2940.7799999999997,
    "avg_route_time_E": 490.12999999999994
  },
  "metrics_delta": {
    "vehicles_used": 0,
    "total_distance_km": -538.8800000000001,
    "cost_distance": -538.8800000000001,
    "cost_time": -318.8100000000004,
    "vehicle_cost": 0.0,
    "waiting_E": 79.25000000000006,
    "horizon_excess_E": 0.0,
    "makespan_E": -45.61000000000013,
    "sum_route_time_E": -318.8100000000004,
    "avg_route_time_E": -53.13500000000005
  },
  "process": {
    "runtime_seconds": 284.95820140838623,
    "epochs": 44,
    "accepted_moves": 37417,
    "improving_moves": 9065,
    "rejected_window_E_moves": 392580,
    "rejected_window_P_moves": 385498,
    "rejected_window_both_moves": 380975
  },
  "trace_improvements": [
    [
      0,
      12312.64
    ],
    [
      37,
      12226.359999999999
    ],
    [
      38,
      12200.340000000002
    ],
    [
      39,
      11968.739999999998
    ],
    [
      41,
      11730.149999999998
    ],
    [
      42,
      11657.81
    ],
    [
      43,
      11454.949999999997
    ]
  ]
}