{
  "parameters": {
    "dataset": "app_final_20_tight",
    "t_max": 1000.0,
    "t_min": 10.0,
    "alpha": 0.9,
    "iters_per_T": 10000,
    "neighborhood": "mixed",
    "day_horizon": 600,
    "time_weight": 1.0
  },
  "initial_cost": 5722.25,
  "best_cost": 5070.83,
  "improvement_pct": 0.11383983572895279,
  "best_routes": [
    [
      0,
      15,
      8,
      20,
      17,
      13,
      16,
      12,
      11,
      18,
      4,
      9,
      0
    ],
    [
      0,
      1,
      7,
      6,
      0
    ],
    [
      0,
      2,
      5,
      10,
      19,
      3,
      14,
      0
    ]
  ],
  "metrics_initial": {
    "vehicles_used": 3,
    "total_distance_km": 1291.25,
    "cost_distance": 1291.25,
    "cost_time": 1731.0000000000002,
    "vehicle_cost": 2700.0,
    "waiting_E": 578.6700000000001,
    "horizon_excess_E": 0.0,
    "makespan_E": 596.1400000000001,
    "sum_route_time_E": 1731.0000000000002,
    "avg_route_time_E": 577.0000000000001
  },
  "metrics_best": {
    "vehicles_used": 3,
    "total_distance_km": 823.9699999999999,
    "cost_distance": 823.9699999999999,
    "cost_time": 1546.86,
    "vehicle_cost": 2700.0,
    "waiting_E": 808.6800000000001,
    "horizon_excess_E": 0.0,
    "makespan_E": 587.74,
    "sum_route_time_E": 1546.86,
    "avg_route_time_E": 515.62
  },
  "metrics_delta": {
    "vehicles_used": 0,
    "total_distance_km": -467.2800000000001,
    "cost_distance": -467.2800000000001,
    "cost_time": -184.14000000000033,
    "vehicle_cost": 0.0,
    "waiting_E": 230.01,
    "horizon_excess_E": 0.0,
    "makespan_E": -8.400000000000091,
    "sum_route_time_E": -184.14000000000033,
    "avg_route_time_E": -61.38000000000011
  },
  "process": {
    "runtime_seconds": 45.8231782913208,
    "epochs": 44,
    "accepted_moves": 95209,
    "improving_moves": 11416,
    "rejected_window_E_moves": 329938,
    "rejected_window_P_moves": 336347,
    "rejected_window_both_moves": 328108
  },
  "trace_improvements": [
    [
      0,
      5195.780000000001
    ],
    [
      2,
      5166.01
    ],
    [
      9,
      5149.700000000001
    ],
    [
      14,
      5145.469999999999
    ],
    [
      24,
      5139.61
    ],
    [
      25,
      5092.79
    ],
    [
      31,
      5086.84
    ],
    [
      38,
      5070.83
    ]
  ]
}