{
  "parameters": {
    "dataset": "app_final_80_medium",
    "t_max": 1000.0,
    "t_min": 10.0,
    "alpha": 0.9,
    "iters_per_T": 10000,
    "neighborhood": "mixed",
    "day_horizon": 600,
    "time_weight": 1.0
  },
  "initial_cost": 9712.71,
  "best_cost": 8633.130000000001,
  "improvement_pct": 0.11115126468308002,
  "best_routes": [
    [
      0,
      43,
      44,
      50,
      2,
      66,
      68,
      70,
      20,
      8,
      32,
      19,
      60,
      40,
      48,
      17,
      73,
      31,
      11,
      49,
      72,
      0
    ],
    [
      0,
      14,
      41,
      77,
      13,
      63,
      25,
      21,
      26,
      23,
      9,
      35,
      7,
      61,
      69,
      6,
      55,
      3,
      0
    ],
    [
      0,
      39,
      27,
      79,
      56,
      54,
      15,
      30,
      67,
      34,
      80,
      52,
      12,
      29,
      64,
      45,
      0
    ],
    [
      0,
      22,
      74,
      76,
      71,
      75,
      37,
      38,
      1,
      18,
      62,
      10,
      24,
      5,
      58,
      59,
      53,
      57,
      47,
      33,
      46,
      51,
      42,
      78,
      65,
      4,
      0
    ],
    [
      0,
      28,
      36,
      16,
      0
    ]
  ],
  "metrics_initial": {
    "vehicles_used": 5,
    "total_distance_km": 2720.8299999999995,
    "cost_distance": 2720.8299999999995,
    "cost_time": 2491.88,
    "vehicle_cost": 4500.0,
    "waiting_E": 97.90999999999991,
    "horizon_excess_E": 0.0,
    "makespan_E": 588.62,
    "sum_route_time_E": 2491.88,
    "avg_route_time_E": 498.37600000000003
  },
  "metrics_best": {
    "vehicles_used": 5,
    "total_distance_km": 1961.7200000000003,
    "cost_distance": 1961.7200000000003,
    "cost_time": 2171.4100000000003,
    "vehicle_cost": 4500.0,
    "waiting_E": 407.03999999999985,
    "horizon_excess_E": 0.0,
    "makespan_E": 586.24,
    "sum_route_time_E": 2171.4100000000003,
    "avg_route_time_E": 434.28200000000004
  },
  "metrics_delta": {
    "vehicles_used": 0,
    "total_distance_km": -759.1099999999992,
    "cost_distance": -759.1099999999992,
    "cost_time": -320.4699999999998,
    "vehicle_cost": 0.0,
    "waiting_E": 309.12999999999994,
    "horizon_excess_E": 0.0,
    "makespan_E": -2.3799999999999955,
    "sum_route_time_E": -320.4699999999998,
    "avg_route_time_E": -64.094
  },
  "process": {
    "runtime_seconds": 120.44294762611389,
    "epochs": 44,
    "accepted_moves": 61283,
    "improving_moves": 12125,
    "rejected_window_E_moves": 365154,
    "rejected_window_P_moves": 365940,
    "rejected_window_both_moves": 361181
  },
  "trace_improvements": [
    [
      0,
      9712.71
    ],
    [
      26,
      9696.150000000001
    ],
    [
      27,
      9632.560000000001
    ],
    [
      29,
      9629.3
    ],
    [
      30,
      9577.57
    ],
    [
      31,
      9464.67
    ],
    [
      33,
      9401.060000000001
    ],
    [
      34,
      9101.820000000002
    ],
    [
      35,
      8979.0
    ],
    [
      37,
      8921.1
    ],
    [
      38,
      8864.59
    ],
    [
      39,
      8782.98
    ],
    [
      40,
      8780.59
    ],
    [
      41,
      8642.060000000001
    ],
    [
      42,
      8638.84
    ],
    [
      43,
      8633.130000000001
    ]
  ]
}