{
  "parameters": {
    "dataset": "app_final_120_very_loose",
    "t_max": 1000.0,
    "t_min": 10.0,
    "alpha": 0.9,
    "iters_per_T": 5000,
    "neighborhood": "mixed",
    "day_horizon": 600,
    "time_weight": 1.0
  },
  "initial_cost": 9577.64,
  "best_cost": 9067.7,
  "improvement_pct": 0.05324276126477908,
  "best_routes": [
    [
      0,
      119,
      20,
      99,
      18,
      111,
      118,
      114,
      65,
      60,
      105,
      81,
      23,
      37,
      27,
      74,
      63,
      95,
      88,
      24,
      76,
      91,
      56,
      61,
      108,
      87,
      0
    ],
    [
      0,
      1,
      69,
      5,
      100,
      12,
      41,
      32,
      66,
      89,
      109,
      73,
      45,
      17,
      30,
      53,
      31,
      90,
      19,
      77,
      48,
      113,
      51,
      13,
      29,
      110,
      44,
      2,
      79,
      0
    ],
    [
      0,
      104,
      62,
      103,
      33,
      3,
      101,
      70,
      58,
      25,
      43,
      9,
      47,
      38,
      22,
      55,
      39,
      50,
      59,
      28,
      86,
      82,
      98,
      34,
      106,
      94,
      46,
      78,
      49,
      11,
      93,
      14,
      40,
      85,
      0
    ],
    [
      0,
      117,
      102,
      26,
      97,
      83,
      67,
      54,
      8,
      71,
      10,
      96,
      84,
      36,
      21,
      42,
      16,
      57,
      115,
      120,
      0
    ],
    [
      0,
      116,
      7,
      112,
      92,
      64,
      15,
      6,
      68,
      35,
      4,
      75,
      72,
      52,
      80,
      107,
      0
    ]
  ],
  "metrics_initial": {
    "vehicles_used": 5,
    "total_distance_km": 2635.55,
    "cost_distance": 2635.55,
    "cost_time": 2442.09,
    "vehicle_cost": 4500.0,
    "waiting_E": 92.49000000000004,
    "horizon_excess_E": 0.0,
    "makespan_E": 595.2700000000001,
    "sum_route_time_E": 2442.09,
    "avg_route_time_E": 488.418
  },
  "metrics_best": {
    "vehicles_used": 5,
    "total_distance_km": 2265.7799999999997,
    "cost_distance": 2265.7799999999997,
    "cost_time": 2301.92,
    "vehicle_cost": 4500.0,
    "waiting_E": 235.11999999999986,
    "horizon_excess_E": 0.0,
    "makespan_E": 539.38,
    "sum_route_time_E": 2301.92,
    "avg_route_time_E": 460.384
  },
  "metrics_delta": {
    "vehicles_used": 0,
    "total_distance_km": -369.77000000000044,
    "cost_distance": -369.77000000000044,
    "cost_time": -140.17000000000007,
    "vehicle_cost": 0.0,
    "waiting_E": 142.62999999999982,
    "horizon_excess_E": 0.0,
    "makespan_E": -55.8900000000001,
    "sum_route_time_E": -140.17000000000007,
    "avg_route_time_E": -28.033999999999992
  },
  "process": {
    "runtime_seconds": 83.99420857429504,
    "epochs": 44,
    "accepted_moves": 25613,
    "improving_moves": 6396,
    "rejected_window_E_moves": 186030,
    "rejected_window_P_moves": 183643,
    "rejected_window_both_moves": 180734
  },
  "trace_improvements": [
    [
      0,
      9577.64
    ],
    [
      38,
      9531.57
    ],
    [
      40,
      9424.18
    ],
    [
      41,
      9399.57
    ],
    [
      42,
      9157.279999999999
    ],
    [
      43,
      9067.7
    ]
  ]
}