{
  "parameters": {
    "dataset": "app_final_80_loose",
    "t_max": 1000.0,
    "t_min": 10.0,
    "alpha": 0.9,
    "iters_per_T": 5000,
    "neighborhood": "mixed",
    "day_horizon": 600,
    "time_weight": 1.0
  },
  "initial_cost": 6387.089999999999,
  "best_cost": 5859.63,
  "improvement_pct": 0.08258220879931223,
  "best_routes": [
    [
      0,
      15,
      65,
      52,
      5,
      64,
      62,
      9,
      10,
      54,
      37,
      27,
      58,
      59,
      70,
      35,
      17,
      22,
      2,
      11,
      45,
      41,
      12,
      21,
      79,
      18,
      77,
      68,
      13,
      57,
      47,
      31,
      67,
      50,
      0
    ],
    [
      0,
      66,
      78,
      69,
      74,
      29,
      24,
      14,
      34,
      38,
      51,
      43,
      32,
      53,
      73,
      72,
      39,
      0
    ],
    [
      0,
      20,
      25,
      76,
      55,
      42,
      63,
      19,
      6,
      8,
      75,
      56,
      7,
      23,
      46,
      36,
      80,
      49,
      3,
      30,
      71,
      4,
      26,
      28,
      1,
      60,
      44,
      40,
      33,
      16,
      48,
      61,
      0
    ]
  ],
  "metrics_initial": {
    "vehicles_used": 3,
    "total_distance_km": 1987.2299999999998,
    "cost_distance": 1987.2299999999998,
    "cost_time": 1699.8599999999997,
    "vehicle_cost": 2700.0,
    "waiting_E": 61.810000000000045,
    "horizon_excess_E": 0.0,
    "makespan_E": 580.3,
    "sum_route_time_E": 1699.8599999999997,
    "avg_route_time_E": 566.6199999999999
  },
  "metrics_best": {
    "vehicles_used": 3,
    "total_distance_km": 1612.5,
    "cost_distance": 1612.5,
    "cost_time": 1547.13,
    "vehicle_cost": 2700.0,
    "waiting_E": 200.14000000000001,
    "horizon_excess_E": 0.0,
    "makespan_E": 560.17,
    "sum_route_time_E": 1547.13,
    "avg_route_time_E": 515.71
  },
  "metrics_delta": {
    "vehicles_used": 0,
    "total_distance_km": -374.7299999999998,
    "cost_distance": -374.7299999999998,
    "cost_time": -152.72999999999956,
    "vehicle_cost": 0.0,
    "waiting_E": 138.32999999999998,
    "horizon_excess_E": 0.0,
    "makespan_E": -20.129999999999995,
    "sum_route_time_E": -152.72999999999956,
    "avg_route_time_E": -50.909999999999854
  },
  "process": {
    "runtime_seconds": 52.68476891517639,
    "epochs": 44,
    "accepted_moves": 19612,
    "improving_moves": 3921,
    "rejected_window_E_moves": 196553,
    "rejected_window_P_moves": 193130,
    "rejected_window_both_moves": 191093
  },
  "trace_improvements": [
    [
      0,
      6387.089999999999
    ],
    [
      3,
      6336.389999999999
    ],
    [
      8,
      6316.98
    ],
    [
      11,
      6300.519999999999
    ],
    [
      30,
      6160.58
    ],
    [
      33,
      6158.470000000001
    ],
    [
      38,
      6045.34
    ],
    [
      39,
      6028.5
    ],
    [
      40,
      5994.950000000001
    ],
    [
      42,
      5990.619999999999
    ],
    [
      43,
      5859.63
    ]
  ]
}