{
  "parameters": {
    "dataset": "app_final_200_tight",
    "t_max": 1000.0,
    "t_min": 10.0,
    "alpha": 0.9,
    "iters_per_T": 5000,
    "neighborhood": "mixed",
    "day_horizon": 600,
    "time_weight": 1.0
  },
  "initial_cost": 23984.11,
  "best_cost": 23177.55,
  "improvement_pct": 0.03362893182194383,
  "best_routes": [
    [
      0,
      82,
      164,
      163,
      54,
      6,
      159,
      138,
      121,
      91,
      74,
      4,
      160,
      24,
      25,
      150,
      48,
      39,
      139,
      8,
      33,
      156,
      141,
      0
    ],
    [
      0,
      31,
      52,
      22,
      65,
      69,
      20,
      126,
      107,
      17,
      125,
      0
    ],
    [
      0,
      171,
      18,
      108,
      42,
      76,
      71,
      140,
      80,
      32,
      196,
      100,
      123,
      145,
      51,
      55,
      84,
      111,
      1,
      0
    ],
    [
      0,
      129,
      172,
      137,
      57,
      173,
      197,
      53,
      72,
      199,
      106,
      168,
      115,
      81,
      62,
      118,
      136,
      158,
      146,
      78,
      0
    ],
    [
      0,
      2,
      56,
      67,
      27,
      50,
      75,
      5,
      36,
      61,
      21,
      198,
      43,
      109,
      46,
      104,
      7,
      77,
      0
    ],
    [
      0,
      174,
      176,
      167,
      130,
      64,
      177,
      66,
      101,
      102,
      161,
      12,
      16,
      105,
      86,
      47,
      0
    ],
    [
      0,
      191,
      83,
      68,
      44,
      170,
      3,
      135,
      60,
      38,
      116,
      0
    ],
    [
      0,
      169,
      165,
      148,
      162,
      112,
      124,
      119,
      79,
      0
    ],
    [
      0,
      89,
      94,
      200,
      59,
      144,
      194,
      192,
      127,
      103,
      14,
      35,
      9,
      151,
      90,
      154,
      30,
      26,
      0
    ],
    [
      0,
      180,
      134,
      13,
      23,
      188,
      132,
      114,
      187,
      88,
      185,
      96,
      152,
      189,
      34,
      15,
      133,
      0
    ],
    [
      0,
      73,
      181,
      49,
      142,
      175,
      58,
      155,
      10,
      11,
      97,
      157,
      99,
      87,
      193,
      63,
      195,
      186,
      70,
      37,
      0
    ],
    [
      0,
      184,
      143,
      128,
      166,
      19,
      93,
      98,
      110,
      120,
      40,
      122,
      179,
      29,
      113,
      45,
      0
    ],
    [
      0,
      182,
      147,
      183,
      190,
      85,
      95,
      41,
      92,
      149,
      28,
      178,
      153,
      131,
      117,
      0
    ]
  ],
  "metrics_initial": {
    "vehicles_used": 13,
    "total_distance_km": 6224.23,
    "cost_distance": 6224.23,
    "cost_time": 6059.88,
    "vehicle_cost": 11700.0,
    "waiting_E": 964.6600000000002,
    "horizon_excess_E": 0.0,
    "makespan_E": 582.22,
    "sum_route_time_E": 6059.88,
    "avg_route_time_E": 466.1446153846154
  },
  "metrics_best": {
    "vehicles_used": 13,
    "total_distance_km": 5140.619999999999,
    "cost_distance": 5140.619999999999,
    "cost_time": 6336.930000000001,
    "vehicle_cost": 11700.0,
    "waiting_E": 2057.0200000000004,
    "horizon_excess_E": 0.0,
    "makespan_E": 570.72,
    "sum_route_time_E": 6336.930000000001,
    "avg_route_time_E": 487.45615384615394
  },
  "metrics_delta": {
    "vehicles_used": 0,
    "total_distance_km": -1083.6100000000006,
    "cost_distance": -1083.6100000000006,
    "cost_time": 277.0500000000011,
    "vehicle_cost": 0.0,
    "waiting_E": 1092.3600000000001,
    "horizon_excess_E": 0.0,
    "makespan_E": -11.5,
    "sum_route_time_E": 277.0500000000011,
    "avg_route_time_E": 21.311538461538532
  },
  "process": {
    "runtime_seconds": 142.03020119667053,
    "epochs": 44,
    "accepted_moves": 25150,
    "improving_moves": 3846,
    "rejected_window_E_moves": 190907,
    "rejected_window_P_moves": 192537,
    "rejected_window_both_moves": 190760
  },
  "trace_improvements": [
    [
      0,
      23984.11
    ],
    [
      39,
      23840.42
    ],
    [
      40,
      23667.48
    ],
    [
      41,
      23518.18
    ],
    [
      42,
      23280.84
    ],
    [
      43,
      23177.55
    ]
  ]
}