{
  "parameters": {
    "dataset": "app_final_40_tight",
    "t_max": 1000.0,
    "t_min": 10.0,
    "alpha": 0.9,
    "iters_per_T": 10000,
    "neighborhood": "mixed",
    "day_horizon": 600,
    "time_weight": 1.0
  },
  "initial_cost": 9186.7,
  "best_cost": 7230.379999999999,
  "improvement_pct": 0.21295133181664813,
  "best_routes": [
    [
      0,
      20,
      9,
      33,
      2,
      31,
      29,
      27,
      38,
      34,
      0
    ],
    [
      0,
      36,
      24,
      39,
      14,
      6,
      1,
      32,
      17,
      28,
      40,
      19,
      0
    ],
    [
      0,
      21,
      16,
      18,
      26,
      5,
      25,
      7,
      11,
      15,
      8,
      13,
      0
    ],
    [
      0,
      30,
      22,
      35,
      3,
      12,
      37,
      10,
      23,
      4,
      0
    ]
  ],
  "metrics_initial": {
    "vehicles_used": 5,
    "total_distance_km": 1991.9199999999998,
    "cost_distance": 1991.9199999999998,
    "cost_time": 2694.78,
    "vehicle_cost": 4500.0,
    "waiting_E": 869.1899999999998,
    "horizon_excess_E": 0.0,
    "makespan_E": 582.24,
    "sum_route_time_E": 2694.78,
    "avg_route_time_E": 538.956
  },
  "metrics_best": {
    "vehicles_used": 4,
    "total_distance_km": 1398.9299999999996,
    "cost_distance": 1398.9299999999996,
    "cost_time": 2231.45,
    "vehicle_cost": 3600.0,
    "waiting_E": 937.6500000000003,
    "horizon_excess_E": 0.0,
    "makespan_E": 589.19,
    "sum_route_time_E": 2231.45,
    "avg_route_time_E": 557.8625
  },
  "metrics_delta": {
    "vehicles_used": -1,
    "total_distance_km": -592.9900000000002,
    "cost_distance": -592.9900000000002,
    "cost_time": -463.3300000000004,
    "vehicle_cost": -900.0,
    "waiting_E": 68.46000000000049,
    "horizon_excess_E": 0.0,
    "makespan_E": 6.9500000000000455,
    "sum_route_time_E": -463.3300000000004,
    "avg_route_time_E": 18.906499999999937
  },
  "process": {
    "runtime_seconds": 77.01283955574036,
    "epochs": 44,
    "accepted_moves": 78473,
    "improving_moves": 10510,
    "rejected_window_E_moves": 352610,
    "rejected_window_P_moves": 354544,
    "rejected_window_both_moves": 349929
  },
  "trace_improvements": [
    [
      0,
      9112.23
    ],
    [
      6,
      9093.829999999998
    ],
    [
      19,
      9078.34
    ],
    [
      20,
      9013.65
    ],
    [
      24,
      8961.63
    ],
    [
      25,
      8875.14
    ],
    [
      29,
      8797.349999999999
    ],
    [
      30,
      7517.109999999999
    ],
    [
      31,
      7482.099999999999
    ],
    [
      33,
      7382.72
    ],
    [
      34,
      7371.12
    ],
    [
      35,
      7362.429999999999
    ],
    [
      36,
      7330.44
    ],
    [
      37,
      7273.8099999999995
    ],
    [
      39,
      7259.9
    ],
    [
      40,
      7251.45
    ],
    [
      42,
      7239.4
    ],
    [
      43,
      7230.379999999999
    ]
  ]
}