{
  "parameters": {
    "dataset": "app_final_80_very_loose",
    "t_max": 1000.0,
    "t_min": 10.0,
    "alpha": 0.9,
    "iters_per_T": 1000,
    "neighborhood": "mixed",
    "day_horizon": 600,
    "time_weight": 1.0
  },
  "initial_cost": 6154.709999999999,
  "best_cost": 5842.339999999999,
  "improvement_pct": 0.050753000547548124,
  "best_routes": [
    [
      0,
      3,
      35,
      25,
      53,
      71,
      46,
      37,
      26,
      22,
      41,
      61,
      78,
      55,
      28,
      20,
      16,
      54,
      33,
      66,
      14,
      56,
      18,
      42,
      60,
      23,
      58,
      21,
      57,
      29,
      13,
      39,
      51,
      79,
      80,
      6,
      0
    ],
    [
      0,
      63,
      5,
      50,
      7,
      24,
      49,
      68,
      75,
      34,
      59,
      45,
      2,
      48,
      62,
      15,
      74,
      4,
      76,
      32,
      72,
      0
    ],
    [
      0,
      40,
      11,
      47,
      52,
      44,
      43,
      36,
      31,
      70,
      19,
      30,
      27,
      17,
      12,
      69,
      77,
      64,
      1,
      38,
      73,
      8,
      67,
      65,
      10,
      9,
      0
    ]
  ],
  "metrics_initial": {
    "vehicles_used": 3,
    "total_distance_km": 1864.99,
    "cost_distance": 1864.99,
    "cost_time": 1589.7199999999998,
    "vehicle_cost": 2700.0,
    "waiting_E": 20.30000000000001,
    "horizon_excess_E": 0.0,
    "makespan_E": 596.4899999999999,
    "sum_route_time_E": 1589.7199999999998,
    "avg_route_time_E": 529.9066666666666
  },
  "metrics_best": {
    "vehicles_used": 3,
    "total_distance_km": 1635.5999999999995,
    "cost_distance": 1635.5999999999995,
    "cost_time": 1506.7399999999998,
    "vehicle_cost": 2700.0,
    "waiting_E": 98.29999999999997,
    "horizon_excess_E": 0.0,
    "makespan_E": 532.9999999999999,
    "sum_route_time_E": 1506.7399999999998,
    "avg_route_time_E": 502.2466666666666
  },
  "metrics_delta": {
    "vehicles_used": 0,
    "total_distance_km": -229.39000000000055,
    "cost_distance": -229.39000000000055,
    "cost_time": -82.98000000000002,
    "vehicle_cost": 0.0,
    "waiting_E": 77.99999999999996,
    "horizon_excess_E": 0.0,
    "makespan_E": -63.49000000000001,
    "sum_route_time_E": -82.98000000000002,
    "avg_route_time_E": -27.660000000000025
  },
  "process": {
    "runtime_seconds": 10.89427924156189,
    "epochs": 44,
    "accepted_moves": 4453,
    "improving_moves": 964,
    "rejected_window_E_moves": 38375,
    "rejected_window_P_moves": 38072,
    "rejected_window_both_moves": 37459
  },
  "trace_improvements": [
    [
      0,
      6154.709999999999
    ],
    [
      29,
      6089.75
    ],
    [
      31,
      6014.49
    ],
    [
      36,
      6006.379999999999
    ],
    [
      38,
      5934.139999999999
    ],
    [
      39,
      5923.05
    ],
    [
      42,
      5842.339999999999
    ]
  ]
}