{
  "parameters": {
    "dataset": "app_final_200_medium",
    "t_max": 1000.0,
    "t_min": 10.0,
    "alpha": 0.9,
    "iters_per_T": 5000,
    "neighborhood": "mixed",
    "day_horizon": 600,
    "time_weight": 1.0
  },
  "initial_cost": 16855.43,
  "best_cost": 15762.310000000001,
  "improvement_pct": 0.0648526913878791,
  "best_routes": [
    [
      0,
      133,
      67,
      8,
      135,
      165,
      26,
      61,
      143,
      158,
      129,
      114,
      80,
      187,
      58,
      57,
      96,
      49,
      11,
      87,
      62,
      155,
      93,
      72,
      103,
      95,
      75,
      191,
      0
    ],
    [
      0,
      65,
      44,
      94,
      182,
      161,
      27,
      115,
      43,
      136,
      66,
      196,
      169,
      126,
      107,
      68,
      13,
      42,
      35,
      0
    ],
    [
      0,
      102,
      179,
      52,
      30,
      54,
      2,
      138,
      141,
      188,
      117,
      100,
      71,
      157,
      198,
      79,
      194,
      48,
      163,
      153,
      147,
      24,
      181,
      199,
      25,
      59,
      46,
      164,
      193,
      0
    ],
    [
      0,
      185,
      180,
      162,
      88,
      121,
      166,
      142,
      41,
      123,
      113,
      84,
      55,
      14,
      132,
      9,
      39,
      40,
      69,
      50,
      60,
      91,
      92,
      0
    ],
    [
      0,
      184,
      73,
      36,
      130,
      10,
      111,
      34,
      6,
      28,
      152,
      33,
      74,
      23,
      190,
      189,
      125,
      140,
      120,
      101,
      116,
      200,
      32,
      0
    ],
    [
      0,
      15,
      197,
      175,
      76,
      4,
      118,
      18,
      64,
      82,
      148,
      159,
      56,
      63,
      105,
      89,
      78,
      53,
      167,
      178,
      106,
      149,
      154,
      85,
      45,
      0
    ],
    [
      0,
      192,
      173,
      171,
      177,
      174,
      145,
      139,
      195,
      77,
      134,
      176,
      146,
      150,
      70,
      127,
      109,
      98,
      131,
      12,
      37,
      7,
      31,
      110,
      144,
      90,
      17,
      0
    ],
    [
      0,
      83,
      86,
      170,
      99,
      3,
      183,
      81,
      137,
      104,
      16,
      122,
      5,
      1,
      186,
      172,
      19,
      22,
      38,
      124,
      51,
      119,
      156,
      168,
      108,
      21,
      29,
      128,
      112,
      160,
      151,
      20,
      47,
      97,
      0
    ]
  ],
  "metrics_initial": {
    "vehicles_used": 8,
    "total_distance_km": 5197.43,
    "cost_distance": 5197.43,
    "cost_time": 4458.0,
    "vehicle_cost": 7200.0,
    "waiting_E": 506.91999999999996,
    "horizon_excess_E": 0.0,
    "makespan_E": 597.09,
    "sum_route_time_E": 4458.0,
    "avg_route_time_E": 557.25
  },
  "metrics_best": {
    "vehicles_used": 8,
    "total_distance_km": 4468.710000000001,
    "cost_distance": 4468.710000000001,
    "cost_time": 4093.6000000000004,
    "vehicle_cost": 7200.0,
    "waiting_E": 630.44,
    "horizon_excess_E": 0.0,
    "makespan_E": 564.9700000000001,
    "sum_route_time_E": 4093.6000000000004,
    "avg_route_time_E": 511.70000000000005
  },
  "metrics_delta": {
    "vehicles_used": 0,
    "total_distance_km": -728.7199999999993,
    "cost_distance": -728.7199999999993,
    "cost_time": -364.39999999999964,
    "vehicle_cost": 0.0,
    "waiting_E": 123.5200000000001,
    "horizon_excess_E": 0.0,
    "makespan_E": -32.11999999999989,
    "sum_route_time_E": -364.39999999999964,
    "avg_route_time_E": -45.549999999999955
  },
  "process": {
    "runtime_seconds": 138.6936845779419,
    "epochs": 44,
    "accepted_moves": 20456,
    "improving_moves": 4194,
    "rejected_window_E_moves": 195755,
    "rejected_window_P_moves": 194634,
    "rejected_window_both_moves": 192899
  },
  "trace_improvements": [
    [
      0,
      16841.15
    ],
    [
      33,
      16696.969999999998
    ],
    [
      34,
      16519.63
    ],
    [
      35,
      16435.02
    ],
    [
      36,
      16326.690000000004
    ],
    [
      38,
      16204.63
    ],
    [
      39,
      15960.11
    ],
    [
      40,
      15857.849999999999
    ],
    [
      43,
      15762.310000000001
    ]
  ]
}