{
  "parameters": {
    "dataset": "app_final_40_tight",
    "t_max": 1000.0,
    "t_min": 10.0,
    "alpha": 0.9,
    "iters_per_T": 500,
    "neighborhood": "mixed",
    "day_horizon": 600,
    "time_weight": 1.0
  },
  "initial_cost": 9186.7,
  "best_cost": 7512.63,
  "improvement_pct": 0.18222756811477467,
  "best_routes": [
    [
      0,
      21,
      12,
      3,
      26,
      5,
      25,
      7,
      11,
      15,
      13,
      8,
      0
    ],
    [
      0,
      30,
      22,
      17,
      28,
      40,
      19,
      0
    ],
    [
      0,
      20,
      2,
      9,
      33,
      29,
      31,
      37,
      10,
      27,
      34,
      4,
      0
    ],
    [
      0,
      35,
      36,
      18,
      16,
      39,
      24,
      14,
      1,
      32,
      6,
      23,
      38,
      0
    ]
  ],
  "metrics_initial": {
    "vehicles_used": 5,
    "total_distance_km": 1991.9199999999998,
    "cost_distance": 1991.9199999999998,
    "cost_time": 2694.78,
    "vehicle_cost": 4500.0,
    "waiting_E": 869.1899999999998,
    "horizon_excess_E": 0.0,
    "makespan_E": 582.24,
    "sum_route_time_E": 2694.78,
    "avg_route_time_E": 538.956
  },
  "metrics_best": {
    "vehicles_used": 4,
    "total_distance_km": 1667.0900000000001,
    "cost_distance": 1667.0900000000001,
    "cost_time": 2245.54,
    "vehicle_cost": 3600.0,
    "waiting_E": 709.55,
    "horizon_excess_E": 0.0,
    "makespan_E": 581.9499999999999,
    "sum_route_time_E": 2245.54,
    "avg_route_time_E": 561.385
  },
  "metrics_delta": {
    "vehicles_used": -1,
    "total_distance_km": -324.8299999999997,
    "cost_distance": -324.8299999999997,
    "cost_time": -449.24000000000024,
    "vehicle_cost": -900.0,
    "waiting_E": -159.63999999999987,
    "horizon_excess_E": 0.0,
    "makespan_E": -0.2900000000000773,
    "sum_route_time_E": -449.24000000000024,
    "avg_route_time_E": 22.428999999999974
  },
  "process": {
    "runtime_seconds": 3.819930076599121,
    "epochs": 44,
    "accepted_moves": 4097,
    "improving_moves": 523,
    "rejected_window_E_moves": 17507,
    "rejected_window_P_moves": 17545,
    "rejected_window_both_moves": 17323
  },
  "trace_improvements": [
    [
      0,
      9186.7
    ],
    [
      9,
      9155.64
    ],
    [
      32,
      8985.859999999999
    ],
    [
      33,
      8917.06
    ],
    [
      34,
      8897.22
    ],
    [
      35,
      7624.779999999999
    ],
    [
      36,
      7588.46
    ],
    [
      40,
      7572.84
    ],
    [
      41,
      7565.1
    ],
    [
      42,
      7546.47
    ],
    [
      43,
      7512.63
    ]
  ]
}