{
  "parameters": {
    "dataset": "app_final_80_tight",
    "t_max": 1000.0,
    "t_min": 10.0,
    "alpha": 0.9,
    "iters_per_T": 2000,
    "neighborhood": "mixed",
    "day_horizon": 600,
    "time_weight": 1.0
  },
  "initial_cost": 11626.3,
  "best_cost": 11106.59,
  "improvement_pct": 0.0447012377110516,
  "best_routes": [
    [
      0,
      6,
      33,
      62,
      40,
      45,
      43,
      13,
      10,
      48,
      79,
      68,
      41,
      74,
      39,
      64,
      27,
      37,
      75,
      53,
      38,
      0
    ],
    [
      0,
      28,
      2,
      29,
      54,
      61,
      11,
      49,
      65,
      57,
      0
    ],
    [
      0,
      34,
      20,
      50,
      18,
      60,
      7,
      5,
      73,
      35,
      77,
      3,
      19,
      32,
      67,
      12,
      0
    ],
    [
      0,
      26,
      36,
      72,
      66,
      55,
      22,
      51,
      8,
      59,
      76,
      1,
      9,
      70,
      0
    ],
    [
      0,
      21,
      4,
      14,
      24,
      58,
      78,
      46,
      44,
      69,
      0
    ],
    [
      0,
      15,
      17,
      31,
      52,
      56,
      23,
      16,
      42,
      25,
      47,
      30,
      71,
      63,
      80,
      0
    ]
  ],
  "metrics_initial": {
    "vehicles_used": 6,
    "total_distance_km": 2998.07,
    "cost_distance": 2998.07,
    "cost_time": 3228.2300000000005,
    "vehicle_cost": 5400.0,
    "waiting_E": 485.42,
    "horizon_excess_E": 0.0,
    "makespan_E": 597.35,
    "sum_route_time_E": 3228.2300000000005,
    "avg_route_time_E": 538.0383333333334
  },
  "metrics_best": {
    "vehicles_used": 6,
    "total_distance_km": 2565.749999999999,
    "cost_distance": 2565.749999999999,
    "cost_time": 3140.84,
    "vehicle_cost": 5400.0,
    "waiting_E": 800.7,
    "horizon_excess_E": 0.0,
    "makespan_E": 598.4999999999999,
    "sum_route_time_E": 3140.84,
    "avg_route_time_E": 523.4733333333334
  },
  "metrics_delta": {
    "vehicles_used": 0,
    "total_distance_km": -432.3200000000011,
    "cost_distance": -432.3200000000011,
    "cost_time": -87.39000000000033,
    "vehicle_cost": 0.0,
    "waiting_E": 315.28000000000003,
    "horizon_excess_E": 0.0,
    "makespan_E": 1.1499999999998636,
    "sum_route_time_E": -87.39000000000033,
    "avg_route_time_E": -14.565000000000055
  },
  "process": {
    "runtime_seconds": 25.521376609802246,
    "epochs": 44,
    "accepted_moves": 10462,
    "improving_moves": 1216,
    "rejected_window_E_moves": 76233,
    "rejected_window_P_moves": 76729,
    "rejected_window_both_moves": 76020
  },
  "trace_improvements": [
    [
      0,
      11425.87
    ],
    [
      34,
      11404.29
    ],
    [
      36,
      11301.94
    ],
    [
      37,
      11261.460000000001
    ],
    [
      40,
      11214.869999999999
    ],
    [
      41,
      11192.13
    ],
    [
      42,
      11116.189999999999
    ],
    [
      43,
      11106.59
    ]
  ]
}