{
  "parameters": {
    "dataset": "app_final_80_medium",
    "t_max": 1000.0,
    "t_min": 10.0,
    "alpha": 0.9,
    "iters_per_T": 1000,
    "neighborhood": "mixed",
    "day_horizon": 600,
    "time_weight": 1.0
  },
  "initial_cost": 9712.71,
  "best_cost": 9231.58,
  "improvement_pct": 0.04953612328587997,
  "best_routes": [
    [
      0,
      66,
      74,
      76,
      75,
      15,
      62,
      10,
      21,
      53,
      57,
      17,
      31,
      69,
      55,
      3,
      0
    ],
    [
      0,
      41,
      18,
      26,
      63,
      25,
      37,
      38,
      1,
      23,
      32,
      48,
      59,
      24,
      58,
      5,
      33,
      46,
      51,
      4,
      0
    ],
    [
      0,
      14,
      27,
      79,
      56,
      13,
      77,
      54,
      80,
      34,
      67,
      30,
      47,
      73,
      11,
      12,
      49,
      72,
      61,
      0
    ],
    [
      0,
      43,
      16,
      28,
      36,
      39,
      29,
      70,
      20,
      68,
      19,
      40,
      60,
      6,
      45,
      0
    ],
    [
      0,
      50,
      71,
      8,
      44,
      2,
      9,
      22,
      7,
      64,
      35,
      52,
      65,
      42,
      78,
      0
    ]
  ],
  "metrics_initial": {
    "vehicles_used": 5,
    "total_distance_km": 2720.8299999999995,
    "cost_distance": 2720.8299999999995,
    "cost_time": 2491.88,
    "vehicle_cost": 4500.0,
    "waiting_E": 97.90999999999991,
    "horizon_excess_E": 0.0,
    "makespan_E": 588.62,
    "sum_route_time_E": 2491.88,
    "avg_route_time_E": 498.37600000000003
  },
  "metrics_best": {
    "vehicles_used": 5,
    "total_distance_km": 2242.12,
    "cost_distance": 2242.12,
    "cost_time": 2489.46,
    "vehicle_cost": 4500.0,
    "waiting_E": 469.23,
    "horizon_excess_E": 0.0,
    "makespan_E": 560.69,
    "sum_route_time_E": 2489.46,
    "avg_route_time_E": 497.892
  },
  "metrics_delta": {
    "vehicles_used": 0,
    "total_distance_km": -478.7099999999996,
    "cost_distance": -478.7099999999996,
    "cost_time": -2.4200000000000728,
    "vehicle_cost": 0.0,
    "waiting_E": 371.3200000000001,
    "horizon_excess_E": 0.0,
    "makespan_E": -27.92999999999995,
    "sum_route_time_E": -2.4200000000000728,
    "avg_route_time_E": -0.4840000000000373
  },
  "process": {
    "runtime_seconds": 11.744178295135498,
    "epochs": 44,
    "accepted_moves": 5706,
    "improving_moves": 1082,
    "rejected_window_E_moves": 37072,
    "rejected_window_P_moves": 37281,
    "rejected_window_both_moves": 36784
  },
  "trace_improvements": [
    [
      0,
      9712.11
    ],
    [
      35,
      9659.39
    ],
    [
      36,
      9532.169999999998
    ],
    [
      37,
      9510.42
    ],
    [
      38,
      9501.89
    ],
    [
      40,
      9474.03
    ],
    [
      41,
      9460.880000000001
    ],
    [
      42,
      9324.03
    ],
    [
      43,
      9231.58
    ]
  ]
}