{
  "parameters": {
    "dataset": "app_final_200_loose",
    "t_max": 1000.0,
    "t_min": 10.0,
    "alpha": 0.9,
    "iters_per_T": 1000,
    "neighborhood": "mixed",
    "day_horizon": 600,
    "time_weight": 1.0
  },
  "initial_cost": 16206.4,
  "best_cost": 15880.19,
  "improvement_pct": 0.020128467765820855,
  "best_routes": [
    [
      0,
      47,
      28,
      148,
      30,
      23,
      41,
      84,
      46,
      7,
      175,
      191,
      44,
      116,
      173,
      200,
      40,
      37,
      141,
      147,
      124,
      70,
      96,
      158,
      4,
      0
    ],
    [
      0,
      177,
      182,
      119,
      107,
      146,
      197,
      187,
      29,
      24,
      86,
      80,
      110,
      129,
      112,
      45,
      42,
      152,
      160,
      118,
      11,
      169,
      172,
      192,
      185,
      115,
      49,
      0
    ],
    [
      0,
      53,
      137,
      1,
      101,
      113,
      163,
      132,
      48,
      174,
      65,
      21,
      90,
      184,
      18,
      73,
      56,
      150,
      179,
      181,
      154,
      121,
      59,
      164,
      133,
      0
    ],
    [
      0,
      176,
      89,
      144,
      72,
      33,
      87,
      51,
      198,
      97,
      67,
      36,
      142,
      194,
      183,
      98,
      85,
      190,
      88,
      39,
      128,
      122,
      139,
      78,
      156,
      114,
      8,
      178,
      145,
      108,
      62,
      138,
      159,
      0
    ],
    [
      0,
      143,
      111,
      27,
      135,
      165,
      25,
      149,
      9,
      99,
      186,
      69,
      2,
      134,
      26,
      100,
      102,
      32,
      38,
      6,
      189,
      52,
      19,
      161,
      155,
      117,
      196,
      3,
      76,
      136,
      20,
      0
    ],
    [
      0,
      57,
      74,
      188,
      195,
      31,
      77,
      64,
      83,
      10,
      130,
      22,
      79,
      127,
      5,
      71,
      50,
      43,
      12,
      61,
      17,
      35,
      0
    ],
    [
      0,
      58,
      82,
      199,
      109,
      75,
      167,
      14,
      66,
      151,
      94,
      104,
      171,
      103,
      180,
      54,
      193,
      170,
      16,
      123,
      0
    ],
    [
      0,
      92,
      105,
      13,
      68,
      168,
      153,
      60,
      55,
      131,
      140,
      106,
      91,
      95,
      120,
      162,
      126,
      166,
      81,
      157,
      63,
      15,
      34,
      93,
      125,
      0
    ]
  ],
  "metrics_initial": {
    "vehicles_used": 8,
    "total_distance_km": 4567.41,
    "cost_distance": 4567.41,
    "cost_time": 4438.99,
    "vehicle_cost": 7200.0,
    "waiting_E": 554.7400000000001,
    "horizon_excess_E": 0.0,
    "makespan_E": 599.64,
    "sum_route_time_E": 4438.99,
    "avg_route_time_E": 554.87375
  },
  "metrics_best": {
    "vehicles_used": 8,
    "total_distance_km": 4559.42,
    "cost_distance": 4559.42,
    "cost_time": 4120.77,
    "vehicle_cost": 7200.0,
    "waiting_E": 256.85,
    "horizon_excess_E": 0.0,
    "makespan_E": 582.0500000000001,
    "sum_route_time_E": 4120.77,
    "avg_route_time_E": 515.09625
  },
  "metrics_delta": {
    "vehicles_used": 0,
    "total_distance_km": -7.989999999999782,
    "cost_distance": -7.989999999999782,
    "cost_time": -318.21999999999935,
    "vehicle_cost": 0.0,
    "waiting_E": -297.8900000000001,
    "horizon_excess_E": 0.0,
    "makespan_E": -17.589999999999918,
    "sum_route_time_E": -318.21999999999935,
    "avg_route_time_E": -39.77749999999992
  },
  "process": {
    "runtime_seconds": 26.948625326156616,
    "epochs": 44,
    "accepted_moves": 3796,
    "improving_moves": 712,
    "rejected_window_E_moves": 39579,
    "rejected_window_P_moves": 38335,
    "rejected_window_both_moves": 37879
  },
  "trace_improvements": [
    [
      0,
      16206.4
    ],
    [
      43,
      15880.19
    ]
  ]
}