{
  "parameters": {
    "dataset": "app_final_200_loose",
    "t_max": 1000.0,
    "t_min": 10.0,
    "alpha": 0.9,
    "iters_per_T": 10000,
    "neighborhood": "mixed",
    "day_horizon": 600,
    "time_weight": 1.0
  },
  "initial_cost": 16206.4,
  "best_cost": 15030.11,
  "improvement_pct": 0.07258181952808761,
  "best_routes": [
    [
      0,
      53,
      1,
      58,
      149,
      105,
      28,
      132,
      120,
      48,
      186,
      18,
      101,
      168,
      140,
      62,
      116,
      76,
      10,
      59,
      142,
      159,
      123,
      0
    ],
    [
      0,
      167,
      72,
      127,
      66,
      80,
      87,
      33,
      121,
      79,
      138,
      29,
      94,
      148,
      166,
      81,
      160,
      118,
      17,
      12,
      42,
      11,
      157,
      3,
      184,
      6,
      4,
      0
    ],
    [
      0,
      137,
      198,
      60,
      113,
      199,
      109,
      82,
      195,
      182,
      171,
      103,
      180,
      40,
      153,
      73,
      181,
      96,
      110,
      70,
      154,
      179,
      158,
      67,
      115,
      185,
      0
    ],
    [
      0,
      143,
      111,
      135,
      99,
      163,
      162,
      119,
      23,
      152,
      84,
      77,
      31,
      141,
      24,
      164,
      200,
      37,
      147,
      43,
      61,
      156,
      139,
      71,
      129,
      50,
      8,
      178,
      172,
      20,
      0
    ],
    [
      0,
      65,
      92,
      174,
      189,
      21,
      90,
      38,
      9,
      13,
      102,
      26,
      100,
      15,
      32,
      63,
      161,
      68,
      54,
      39,
      136,
      193,
      16,
      192,
      0
    ],
    [
      0,
      36,
      51,
      97,
      150,
      165,
      25,
      27,
      170,
      98,
      85,
      183,
      190,
      88,
      47,
      134,
      2,
      69,
      106,
      91,
      95,
      155,
      19,
      34,
      93,
      125,
      0
    ],
    [
      0,
      74,
      131,
      55,
      64,
      30,
      175,
      146,
      107,
      44,
      41,
      191,
      7,
      46,
      126,
      104,
      188,
      45,
      5,
      122,
      124,
      86,
      130,
      22,
      128,
      56,
      49,
      0
    ],
    [
      0,
      194,
      57,
      14,
      151,
      112,
      177,
      83,
      197,
      75,
      144,
      78,
      114,
      176,
      89,
      187,
      173,
      145,
      108,
      117,
      196,
      52,
      169,
      35,
      133,
      0
    ]
  ],
  "metrics_initial": {
    "vehicles_used": 8,
    "total_distance_km": 4567.41,
    "cost_distance": 4567.41,
    "cost_time": 4438.99,
    "vehicle_cost": 7200.0,
    "waiting_E": 554.7400000000001,
    "horizon_excess_E": 0.0,
    "makespan_E": 599.64,
    "sum_route_time_E": 4438.99,
    "avg_route_time_E": 554.87375
  },
  "metrics_best": {
    "vehicles_used": 8,
    "total_distance_km": 3961.0400000000013,
    "cost_distance": 3961.0400000000013,
    "cost_time": 3869.07,
    "vehicle_cost": 7200.0,
    "waiting_E": 498.31,
    "horizon_excess_E": 0.0,
    "makespan_E": 551.76,
    "sum_route_time_E": 3869.07,
    "avg_route_time_E": 483.63375
  },
  "metrics_delta": {
    "vehicles_used": 0,
    "total_distance_km": -606.3699999999985,
    "cost_distance": -606.3699999999985,
    "cost_time": -569.9199999999996,
    "vehicle_cost": 0.0,
    "waiting_E": -56.43000000000012,
    "horizon_excess_E": 0.0,
    "makespan_E": -47.879999999999995,
    "sum_route_time_E": -569.9199999999996,
    "avg_route_time_E": -71.23999999999995
  },
  "process": {
    "runtime_seconds": 338.0593249797821,
    "epochs": 44,
    "accepted_moves": 41734,
    "improving_moves": 8973,
    "rejected_window_E_moves": 388284,
    "rejected_window_P_moves": 380887,
    "rejected_window_both_moves": 375655
  },
  "trace_improvements": [
    [
      0,
      16206.4
    ],
    [
      35,
      16176.8
    ],
    [
      36,
      16124.080000000002
    ],
    [
      37,
      15916.49
    ],
    [
      38,
      15529.05
    ],
    [
      39,
      15418.84
    ],
    [
      40,
      15408.71
    ],
    [
      41,
      15335.31
    ],
    [
      42,
      15030.11
    ]
  ]
}