{
  "parameters": {
    "dataset": "app_final_40_medium",
    "t_max": 1000.0,
    "t_min": 10.0,
    "alpha": 0.9,
    "iters_per_T": 10000,
    "neighborhood": "mixed",
    "day_horizon": 600,
    "time_weight": 1.0
  },
  "initial_cost": 6085.45,
  "best_cost": 5281.200000000001,
  "improvement_pct": 0.13215949518934494,
  "best_routes": [
    [
      0,
      11,
      5,
      17,
      37,
      39,
      35,
      23,
      32,
      7,
      12,
      4,
      34,
      24,
      15,
      2,
      25,
      8,
      0
    ],
    [
      0,
      27,
      33,
      14,
      10,
      18,
      19,
      20,
      22,
      26,
      0
    ],
    [
      0,
      13,
      30,
      29,
      6,
      16,
      31,
      40,
      3,
      36,
      1,
      28,
      38,
      21,
      9,
      0
    ]
  ],
  "metrics_initial": {
    "vehicles_used": 3,
    "total_distance_km": 1722.8400000000004,
    "cost_distance": 1722.8400000000004,
    "cost_time": 1662.61,
    "vehicle_cost": 2700.0,
    "waiting_E": 126.65,
    "horizon_excess_E": 0.0,
    "makespan_E": 589.23,
    "sum_route_time_E": 1662.61,
    "avg_route_time_E": 554.2033333333333
  },
  "metrics_best": {
    "vehicles_used": 3,
    "total_distance_km": 1158.0100000000002,
    "cost_distance": 1158.0100000000002,
    "cost_time": 1423.19,
    "vehicle_cost": 2700.0,
    "waiting_E": 361.39,
    "horizon_excess_E": 0.0,
    "makespan_E": 531.59,
    "sum_route_time_E": 1423.19,
    "avg_route_time_E": 474.3966666666667
  },
  "metrics_delta": {
    "vehicles_used": 0,
    "total_distance_km": -564.8300000000002,
    "cost_distance": -564.8300000000002,
    "cost_time": -239.41999999999985,
    "vehicle_cost": 0.0,
    "waiting_E": 234.73999999999998,
    "horizon_excess_E": 0.0,
    "makespan_E": -57.639999999999986,
    "sum_route_time_E": -239.41999999999985,
    "avg_route_time_E": -79.80666666666656
  },
  "process": {
    "runtime_seconds": 67.61918473243713,
    "epochs": 44,
    "accepted_moves": 65444,
    "improving_moves": 11747,
    "rejected_window_E_moves": 359410,
    "rejected_window_P_moves": 361858,
    "rejected_window_both_moves": 355681
  },
  "trace_improvements": [
    [
      0,
      5893.56
    ],
    [
      3,
      5746.71
    ],
    [
      12,
      5694.710000000001
    ],
    [
      27,
      5536.950000000001
    ],
    [
      32,
      5532.96
    ],
    [
      34,
      5455.360000000001
    ],
    [
      36,
      5378.87
    ],
    [
      37,
      5350.14
    ],
    [
      38,
      5305.140000000001
    ],
    [
      40,
      5305.120000000001
    ],
    [
      41,
      5281.200000000001
    ]
  ]
}