{
  "parameters": {
    "dataset": "app_final_120_medium",
    "t_max": 1000.0,
    "t_min": 10.0,
    "alpha": 0.9,
    "iters_per_T": 500,
    "neighborhood": "mixed",
    "day_horizon": 600,
    "time_weight": 1.0
  },
  "initial_cost": 13892.869999999999,
  "best_cost": 13570.310000000001,
  "improvement_pct": 0.023217664888536185,
  "best_routes": [
    [
      0,
      53,
      10,
      74,
      71,
      45,
      97,
      66,
      47,
      58,
      62,
      95,
      92,
      6,
      93,
      120,
      16,
      110,
      113,
      69,
      79,
      104,
      91,
      0
    ],
    [
      0,
      82,
      40,
      64,
      51,
      105,
      61,
      109,
      37,
      12,
      60,
      85,
      119,
      22,
      4,
      24,
      107,
      89,
      27,
      0
    ],
    [
      0,
      25,
      88,
      19,
      106,
      29,
      21,
      38,
      57,
      2,
      17,
      34,
      44,
      49,
      86,
      80,
      68,
      67,
      0
    ],
    [
      0,
      114,
      3,
      48,
      50,
      8,
      108,
      70,
      20,
      77,
      72,
      14,
      35,
      63,
      0
    ],
    [
      0,
      90,
      54,
      117,
      59,
      31,
      36,
      9,
      15,
      26,
      118,
      84,
      94,
      65,
      18,
      99,
      116,
      103,
      0
    ],
    [
      0,
      78,
      43,
      96,
      5,
      52,
      111,
      83,
      112,
      42,
      98,
      81,
      115,
      23,
      32,
      30,
      39,
      41,
      46,
      55,
      0
    ],
    [
      0,
      102,
      13,
      7,
      87,
      28,
      100,
      73,
      56,
      11,
      33,
      1,
      75,
      101,
      76,
      0
    ]
  ],
  "metrics_initial": {
    "vehicles_used": 7,
    "total_distance_km": 3814.1899999999996,
    "cost_distance": 3814.1899999999996,
    "cost_time": 3778.6800000000003,
    "vehicle_cost": 6300.0,
    "waiting_E": 367.19000000000005,
    "horizon_excess_E": 0.0,
    "makespan_E": 585.98,
    "sum_route_time_E": 3778.6800000000003,
    "avg_route_time_E": 539.8114285714286
  },
  "metrics_best": {
    "vehicles_used": 7,
    "total_distance_km": 3580.080000000001,
    "cost_distance": 3580.080000000001,
    "cost_time": 3690.2300000000005,
    "vehicle_cost": 6300.0,
    "waiting_E": 462.46,
    "horizon_excess_E": 0.0,
    "makespan_E": 591.69,
    "sum_route_time_E": 3690.2300000000005,
    "avg_route_time_E": 527.1757142857143
  },
  "metrics_delta": {
    "vehicles_used": 0,
    "total_distance_km": -234.10999999999876,
    "cost_distance": -234.10999999999876,
    "cost_time": -88.44999999999982,
    "vehicle_cost": 0.0,
    "waiting_E": 95.26999999999992,
    "horizon_excess_E": 0.0,
    "makespan_E": 5.710000000000036,
    "sum_route_time_E": -88.44999999999982,
    "avg_route_time_E": -12.635714285714243
  },
  "process": {
    "runtime_seconds": 8.404209613800049,
    "epochs": 44,
    "accepted_moves": 2488,
    "improving_moves": 432,
    "rejected_window_E_moves": 19020,
    "rejected_window_P_moves": 19084,
    "rejected_window_both_moves": 18797
  },
  "trace_improvements": [
    [
      0,
      13892.869999999999
    ],
    [
      30,
      13887.45
    ],
    [
      31,
      13852.240000000002
    ],
    [
      35,
      13817.880000000001
    ],
    [
      40,
      13814.240000000002
    ],
    [
      41,
      13731.52
    ],
    [
      42,
      13592.45
    ],
    [
      43,
      13570.310000000001
    ]
  ]
}