{
  "parameters": {
    "dataset": "app_final_200_loose",
    "t_max": 1000.0,
    "t_min": 10.0,
    "alpha": 0.9,
    "iters_per_T": 5000,
    "neighborhood": "mixed",
    "day_horizon": 600,
    "time_weight": 1.0
  },
  "initial_cost": 16206.4,
  "best_cost": 15022.16,
  "improvement_pct": 0.07307236647250467,
  "best_routes": [
    [
      0,
      137,
      58,
      197,
      60,
      104,
      30,
      182,
      199,
      188,
      109,
      77,
      64,
      195,
      113,
      11,
      119,
      175,
      155,
      95,
      81,
      52,
      15,
      100,
      93,
      26,
      125,
      16,
      0
    ],
    [
      0,
      14,
      83,
      153,
      148,
      82,
      31,
      151,
      187,
      71,
      78,
      144,
      89,
      122,
      5,
      75,
      43,
      173,
      8,
      50,
      110,
      70,
      154,
      59,
      158,
      185,
      0
    ],
    [
      0,
      143,
      134,
      32,
      92,
      13,
      68,
      186,
      189,
      132,
      48,
      120,
      99,
      18,
      140,
      145,
      94,
      147,
      178,
      45,
      114,
      139,
      156,
      61,
      124,
      73,
      164,
      4,
      159,
      0
    ],
    [
      0,
      36,
      198,
      97,
      130,
      181,
      87,
      79,
      86,
      66,
      200,
      10,
      121,
      33,
      179,
      150,
      22,
      51,
      115,
      67,
      49,
      0
    ],
    [
      0,
      135,
      21,
      131,
      69,
      90,
      25,
      180,
      40,
      74,
      57,
      170,
      111,
      85,
      183,
      2,
      34,
      63,
      108,
      169,
      3,
      6,
      184,
      136,
      190,
      0
    ],
    [
      0,
      47,
      1,
      168,
      103,
      177,
      112,
      176,
      129,
      167,
      127,
      72,
      96,
      80,
      24,
      141,
      29,
      116,
      76,
      161,
      106,
      38,
      39,
      172,
      128,
      56,
      123,
      192,
      0
    ],
    [
      0,
      149,
      9,
      55,
      101,
      163,
      7,
      107,
      146,
      41,
      23,
      84,
      171,
      35,
      54,
      27,
      165,
      193,
      88,
      98,
      20,
      133,
      0
    ],
    [
      0,
      53,
      194,
      142,
      105,
      102,
      28,
      174,
      65,
      91,
      19,
      117,
      162,
      126,
      46,
      191,
      44,
      152,
      160,
      42,
      118,
      17,
      12,
      166,
      196,
      157,
      62,
      138,
      37,
      0
    ]
  ],
  "metrics_initial": {
    "vehicles_used": 8,
    "total_distance_km": 4567.41,
    "cost_distance": 4567.41,
    "cost_time": 4438.99,
    "vehicle_cost": 7200.0,
    "waiting_E": 554.7400000000001,
    "horizon_excess_E": 0.0,
    "makespan_E": 599.64,
    "sum_route_time_E": 4438.99,
    "avg_route_time_E": 554.87375
  },
  "metrics_best": {
    "vehicles_used": 8,
    "total_distance_km": 3935.24,
    "cost_distance": 3935.24,
    "cost_time": 3886.919999999999,
    "vehicle_cost": 7200.0,
    "waiting_E": 529.53,
    "horizon_excess_E": 0.0,
    "makespan_E": 569.8699999999999,
    "sum_route_time_E": 3886.919999999999,
    "avg_route_time_E": 485.8649999999999
  },
  "metrics_delta": {
    "vehicles_used": 0,
    "total_distance_km": -632.1700000000001,
    "cost_distance": -632.1700000000001,
    "cost_time": -552.0700000000006,
    "vehicle_cost": 0.0,
    "waiting_E": -25.21000000000015,
    "horizon_excess_E": 0.0,
    "makespan_E": -29.770000000000095,
    "sum_route_time_E": -552.0700000000006,
    "avg_route_time_E": -69.00875000000008
  },
  "process": {
    "runtime_seconds": 136.5599443912506,
    "epochs": 44,
    "accepted_moves": 20506,
    "improving_moves": 4290,
    "rejected_window_E_moves": 194910,
    "rejected_window_P_moves": 191223,
    "rejected_window_both_moves": 188727
  },
  "trace_improvements": [
    [
      0,
      16206.4
    ],
    [
      32,
      16169.659999999998
    ],
    [
      34,
      16154.400000000001
    ],
    [
      35,
      15868.430000000002
    ],
    [
      37,
      15823.479999999998
    ],
    [
      38,
      15649.199999999999
    ],
    [
      39,
      15581.859999999999
    ],
    [
      40,
      15448.649999999998
    ],
    [
      41,
      15191.879999999997
    ],
    [
      42,
      15033.919999999998
    ],
    [
      43,
      15022.16
    ]
  ]
}