{
  "parameters": {
    "dataset": "app_final_40_tight",
    "t_max": 1000.0,
    "t_min": 10.0,
    "alpha": 0.9,
    "iters_per_T": 1000,
    "neighborhood": "mixed",
    "day_horizon": 600,
    "time_weight": 1.0
  },
  "initial_cost": 9186.7,
  "best_cost": 8845.45,
  "improvement_pct": 0.037146091632468674,
  "best_routes": [
    [
      0,
      20,
      33,
      2,
      29,
      7,
      25,
      13,
      8,
      0
    ],
    [
      0,
      32,
      14,
      15,
      11,
      0
    ],
    [
      0,
      30,
      22,
      35,
      36,
      9,
      12,
      3,
      39,
      37,
      31,
      27,
      38,
      34,
      0
    ],
    [
      0,
      5,
      26,
      10,
      23,
      4,
      0
    ],
    [
      0,
      21,
      18,
      16,
      24,
      1,
      6,
      17,
      40,
      28,
      19,
      0
    ]
  ],
  "metrics_initial": {
    "vehicles_used": 5,
    "total_distance_km": 1991.9199999999998,
    "cost_distance": 1991.9199999999998,
    "cost_time": 2694.78,
    "vehicle_cost": 4500.0,
    "waiting_E": 869.1899999999998,
    "horizon_excess_E": 0.0,
    "makespan_E": 582.24,
    "sum_route_time_E": 2694.78,
    "avg_route_time_E": 538.956
  },
  "metrics_best": {
    "vehicles_used": 5,
    "total_distance_km": 1668.98,
    "cost_distance": 1668.98,
    "cost_time": 2676.4700000000003,
    "vehicle_cost": 4500.0,
    "waiting_E": 1124.53,
    "horizon_excess_E": 0.0,
    "makespan_E": 589.19,
    "sum_route_time_E": 2676.4700000000003,
    "avg_route_time_E": 535.2940000000001
  },
  "metrics_delta": {
    "vehicles_used": 0,
    "total_distance_km": -322.9399999999998,
    "cost_distance": -322.9399999999998,
    "cost_time": -18.309999999999945,
    "vehicle_cost": 0.0,
    "waiting_E": 255.34000000000015,
    "horizon_excess_E": 0.0,
    "makespan_E": 6.9500000000000455,
    "sum_route_time_E": -18.309999999999945,
    "avg_route_time_E": -3.661999999999921
  },
  "process": {
    "runtime_seconds": 8.007007360458374,
    "epochs": 44,
    "accepted_moves": 8090,
    "improving_moves": 1039,
    "rejected_window_E_moves": 34847,
    "rejected_window_P_moves": 35052,
    "rejected_window_both_moves": 34559
  },
  "trace_improvements": [
    [
      0,
      9186.43
    ],
    [
      27,
      9121.29
    ],
    [
      28,
      9045.98
    ],
    [
      31,
      8968.88
    ],
    [
      33,
      8960.26
    ],
    [
      34,
      8950.609999999999
    ],
    [
      37,
      8909.92
    ],
    [
      38,
      8887.349999999999
    ],
    [
      39,
      8867.109999999999
    ],
    [
      40,
      8859.68
    ],
    [
      41,
      8852.17
    ],
    [
      43,
      8845.45
    ]
  ]
}