{
  "parameters": {
    "dataset": "app_final_80_tight",
    "t_max": 1000.0,
    "t_min": 10.0,
    "alpha": 0.9,
    "iters_per_T": 500,
    "neighborhood": "mixed",
    "day_horizon": 600,
    "time_weight": 1.0
  },
  "initial_cost": 11626.3,
  "best_cost": 11410.53,
  "improvement_pct": 0.018558784824062566,
  "best_routes": [
    [
      0,
      6,
      62,
      33,
      17,
      15,
      52,
      73,
      5,
      7,
      74,
      41,
      0
    ],
    [
      0,
      21,
      31,
      60,
      8,
      51,
      25,
      78,
      46,
      67,
      65,
      80,
      0
    ],
    [
      0,
      4,
      22,
      20,
      48,
      23,
      56,
      77,
      35,
      39,
      64,
      76,
      1,
      9,
      70,
      0
    ],
    [
      0,
      34,
      36,
      26,
      14,
      24,
      61,
      59,
      71,
      44,
      47,
      30,
      75,
      37,
      27,
      69,
      0
    ],
    [
      0,
      18,
      45,
      40,
      43,
      13,
      68,
      10,
      79,
      16,
      57,
      49,
      3,
      58,
      63,
      0
    ],
    [
      0,
      50,
      2,
      28,
      66,
      72,
      29,
      54,
      55,
      42,
      11,
      12,
      32,
      19,
      53,
      38,
      0
    ]
  ],
  "metrics_initial": {
    "vehicles_used": 6,
    "total_distance_km": 2998.07,
    "cost_distance": 2998.07,
    "cost_time": 3228.2300000000005,
    "vehicle_cost": 5400.0,
    "waiting_E": 485.42,
    "horizon_excess_E": 0.0,
    "makespan_E": 597.35,
    "sum_route_time_E": 3228.2300000000005,
    "avg_route_time_E": 538.0383333333334
  },
  "metrics_best": {
    "vehicles_used": 6,
    "total_distance_km": 2912.0500000000006,
    "cost_distance": 2912.0500000000006,
    "cost_time": 3098.4799999999996,
    "vehicle_cost": 5400.0,
    "waiting_E": 455.90999999999997,
    "horizon_excess_E": 0.0,
    "makespan_E": 593.87,
    "sum_route_time_E": 3098.4799999999996,
    "avg_route_time_E": 516.4133333333333
  },
  "metrics_delta": {
    "vehicles_used": 0,
    "total_distance_km": -86.01999999999953,
    "cost_distance": -86.01999999999953,
    "cost_time": -129.7500000000009,
    "vehicle_cost": 0.0,
    "waiting_E": -29.510000000000048,
    "horizon_excess_E": 0.0,
    "makespan_E": -3.480000000000018,
    "sum_route_time_E": -129.7500000000009,
    "avg_route_time_E": -21.625000000000114
  },
  "process": {
    "runtime_seconds": 5.950334548950195,
    "epochs": 44,
    "accepted_moves": 2536,
    "improving_moves": 280,
    "rejected_window_E_moves": 19177,
    "rejected_window_P_moves": 19326,
    "rejected_window_both_moves": 19124
  },
  "trace_improvements": [
    [
      0,
      11481.64
    ],
    [
      41,
      11451.880000000001
    ],
    [
      42,
      11416.17
    ],
    [
      43,
      11410.53
    ]
  ]
}