{
  "parameters": {
    "dataset": "app_final_200_loose",
    "t_max": 1000.0,
    "t_min": 10.0,
    "alpha": 0.9,
    "iters_per_T": 15000,
    "neighborhood": "mixed",
    "day_horizon": 600,
    "time_weight": 1.0
  },
  "initial_cost": 16206.4,
  "best_cost": 14603.259999999998,
  "improvement_pct": 0.09892017968210098,
  "best_routes": [
    [
      0,
      97,
      130,
      150,
      56,
      128,
      54,
      116,
      101,
      19,
      106,
      63,
      161,
      186,
      166,
      81,
      118,
      41,
      126,
      196,
      157,
      3,
      184,
      76,
      169,
      136,
      16,
      0
    ],
    [
      0,
      47,
      32,
      92,
      102,
      105,
      90,
      134,
      2,
      170,
      25,
      131,
      6,
      38,
      52,
      46,
      160,
      162,
      95,
      155,
      117,
      11,
      108,
      171,
      42,
      12,
      17,
      61,
      156,
      139,
      124,
      164,
      0
    ],
    [
      0,
      198,
      149,
      69,
      28,
      120,
      189,
      68,
      99,
      18,
      183,
      142,
      192,
      123,
      49,
      115,
      185,
      0
    ],
    [
      0,
      143,
      194,
      1,
      140,
      83,
      151,
      195,
      82,
      109,
      199,
      5,
      114,
      43,
      147,
      45,
      178,
      145,
      40,
      85,
      190,
      0
    ],
    [
      0,
      165,
      135,
      27,
      13,
      174,
      91,
      48,
      132,
      65,
      21,
      9,
      168,
      148,
      55,
      62,
      94,
      60,
      29,
      180,
      35,
      141,
      37,
      138,
      73,
      121,
      59,
      181,
      179,
      22,
      159,
      4,
      0
    ],
    [
      0,
      53,
      58,
      187,
      112,
      167,
      75,
      176,
      89,
      144,
      78,
      127,
      72,
      80,
      86,
      122,
      24,
      10,
      98,
      111,
      88,
      193,
      15,
      34,
      100,
      93,
      26,
      125,
      39,
      172,
      20,
      158,
      0
    ],
    [
      0,
      57,
      74,
      177,
      31,
      77,
      84,
      23,
      113,
      119,
      163,
      104,
      191,
      175,
      146,
      107,
      7,
      44,
      152,
      103,
      173,
      50,
      8,
      129,
      71,
      110,
      70,
      96,
      66,
      133,
      0
    ],
    [
      0,
      36,
      137,
      14,
      153,
      64,
      30,
      182,
      188,
      197,
      200,
      79,
      33,
      154,
      87,
      51,
      67,
      0
    ]
  ],
  "metrics_initial": {
    "vehicles_used": 8,
    "total_distance_km": 4567.41,
    "cost_distance": 4567.41,
    "cost_time": 4438.99,
    "vehicle_cost": 7200.0,
    "waiting_E": 554.7400000000001,
    "horizon_excess_E": 0.0,
    "makespan_E": 599.64,
    "sum_route_time_E": 4438.99,
    "avg_route_time_E": 554.87375
  },
  "metrics_best": {
    "vehicles_used": 8,
    "total_distance_km": 3678.3899999999985,
    "cost_distance": 3678.3899999999985,
    "cost_time": 3724.87,
    "vehicle_cost": 7200.0,
    "waiting_E": 514.8999999999999,
    "horizon_excess_E": 0.0,
    "makespan_E": 588.1000000000001,
    "sum_route_time_E": 3724.87,
    "avg_route_time_E": 465.60875
  },
  "metrics_delta": {
    "vehicles_used": 0,
    "total_distance_km": -889.0200000000013,
    "cost_distance": -889.0200000000013,
    "cost_time": -714.1199999999999,
    "vehicle_cost": 0.0,
    "waiting_E": -39.84000000000026,
    "horizon_excess_E": 0.0,
    "makespan_E": -11.53999999999985,
    "sum_route_time_E": -714.1199999999999,
    "avg_route_time_E": -89.26499999999999
  },
  "process": {
    "runtime_seconds": 454.24252343177795,
    "epochs": 44,
    "accepted_moves": 65504,
    "improving_moves": 14634,
    "rejected_window_E_moves": 578324,
    "rejected_window_P_moves": 567674,
    "rejected_window_both_moves": 559799
  },
  "trace_improvements": [
    [
      0,
      16206.4
    ],
    [
      34,
      16184.25
    ],
    [
      35,
      16105.69
    ],
    [
      36,
      16028.010000000002
    ],
    [
      37,
      15690.769999999997
    ],
    [
      38,
      15634.399999999998
    ],
    [
      39,
      15563.719999999998
    ],
    [
      40,
      15187.890000000001
    ],
    [
      41,
      14938.220000000001
    ],
    [
      42,
      14811.619999999999
    ],
    [
      43,
      14603.259999999998
    ]
  ]
}