{
  "parameters": {
    "dataset": "app_final_40_loose",
    "t_max": 1000.0,
    "t_min": 10.0,
    "alpha": 0.9,
    "iters_per_T": 15000,
    "neighborhood": "mixed",
    "day_horizon": 600,
    "time_weight": 1.0
  },
  "initial_cost": 3810.17,
  "best_cost": 3589.5699999999997,
  "improvement_pct": 0.05789767910618171,
  "best_routes": [
    [
      0,
      6,
      25,
      21,
      5,
      7,
      32,
      17,
      8,
      39,
      20,
      34,
      28,
      11,
      35,
      18,
      29,
      37,
      30,
      3,
      1,
      27,
      0
    ],
    [
      0,
      31,
      23,
      24,
      19,
      2,
      26,
      40,
      9,
      12,
      4,
      33,
      15,
      16,
      38,
      36,
      10,
      14,
      13,
      22,
      0
    ]
  ],
  "metrics_initial": {
    "vehicles_used": 2,
    "total_distance_km": 1018.9900000000001,
    "cost_distance": 1018.9900000000001,
    "cost_time": 991.1800000000001,
    "vehicle_cost": 1800.0,
    "waiting_E": 77.27999999999992,
    "horizon_excess_E": 0.0,
    "makespan_E": 504.1400000000001,
    "sum_route_time_E": 991.1800000000001,
    "avg_route_time_E": 495.59000000000003
  },
  "metrics_best": {
    "vehicles_used": 2,
    "total_distance_km": 867.5099999999999,
    "cost_distance": 867.5099999999999,
    "cost_time": 922.0600000000002,
    "vehicle_cost": 1800.0,
    "waiting_E": 119.72999999999999,
    "horizon_excess_E": 0.0,
    "makespan_E": 513.5400000000001,
    "sum_route_time_E": 922.0600000000002,
    "avg_route_time_E": 461.0300000000001
  },
  "metrics_delta": {
    "vehicles_used": 0,
    "total_distance_km": -151.48000000000025,
    "cost_distance": -151.48000000000025,
    "cost_time": -69.11999999999989,
    "vehicle_cost": 0.0,
    "waiting_E": 42.450000000000074,
    "horizon_excess_E": 0.0,
    "makespan_E": 9.399999999999977,
    "sum_route_time_E": -69.11999999999989,
    "avg_route_time_E": -34.559999999999945
  },
  "process": {
    "runtime_seconds": 90.49618887901306,
    "epochs": 44,
    "accepted_moves": 84642,
    "improving_moves": 18970,
    "rejected_window_E_moves": 552508,
    "rejected_window_P_moves": 546292,
    "rejected_window_both_moves": 538186
  },
  "trace_improvements": [
    [
      0,
      3809.09
    ],
    [
      22,
      3802.2300000000005
    ],
    [
      24,
      3799.91
    ],
    [
      29,
      3746.2799999999997
    ],
    [
      35,
      3717.3599999999997
    ],
    [
      36,
      3702.0299999999997
    ],
    [
      39,
      3685.23
    ],
    [
      40,
      3657.81
    ],
    [
      41,
      3615.89
    ],
    [
      42,
      3600.37
    ],
    [
      43,
      3589.5699999999997
    ]
  ]
}