{
  "parameters": {
    "dataset": "app_final_20_very_loose",
    "t_max": 1000.0,
    "t_min": 10.0,
    "alpha": 0.9,
    "iters_per_T": 5000,
    "neighborhood": "mixed",
    "day_horizon": 600,
    "time_weight": 1.0
  },
  "initial_cost": 3222.19,
  "best_cost": 3056.1499999999996,
  "improvement_pct": 0.05153017047411866,
  "best_routes": [
    [
      0,
      2,
      18,
      5,
      1,
      3,
      4,
      8,
      14,
      16,
      0
    ],
    [
      0,
      15,
      10,
      9,
      19,
      13,
      7,
      17,
      11,
      12,
      6,
      20,
      0
    ]
  ],
  "metrics_initial": {
    "vehicles_used": 2,
    "total_distance_km": 649.4700000000001,
    "cost_distance": 649.4700000000001,
    "cost_time": 772.7199999999999,
    "vehicle_cost": 1800.0,
    "waiting_E": 192.59,
    "horizon_excess_E": 0.0,
    "makespan_E": 413.61999999999995,
    "sum_route_time_E": 772.7199999999999,
    "avg_route_time_E": 386.35999999999996
  },
  "metrics_best": {
    "vehicles_used": 2,
    "total_distance_km": 578.87,
    "cost_distance": 578.87,
    "cost_time": 677.28,
    "vehicle_cost": 1800.0,
    "waiting_E": 135.75000000000006,
    "horizon_excess_E": 0.0,
    "makespan_E": 342.14000000000004,
    "sum_route_time_E": 677.28,
    "avg_route_time_E": 338.64
  },
  "metrics_delta": {
    "vehicles_used": 0,
    "total_distance_km": -70.60000000000014,
    "cost_distance": -70.60000000000014,
    "cost_time": -95.43999999999994,
    "vehicle_cost": 0.0,
    "waiting_E": -56.83999999999995,
    "horizon_excess_E": 0.0,
    "makespan_E": -71.4799999999999,
    "sum_route_time_E": -95.43999999999994,
    "avg_route_time_E": -47.71999999999997
  },
  "process": {
    "runtime_seconds": 23.443472385406494,
    "epochs": 44,
    "accepted_moves": 65251,
    "improving_moves": 18921,
    "rejected_window_E_moves": 118799,
    "rejected_window_P_moves": 122849,
    "rejected_window_both_moves": 115412
  },
  "trace_improvements": [
    [
      0,
      3222.19
    ],
    [
      17,
      3183.17
    ],
    [
      30,
      3172.3199999999997
    ],
    [
      31,
      3115.8
    ],
    [
      34,
      3113.97
    ],
    [
      35,
      3107.4399999999996
    ],
    [
      36,
      3091.11
    ],
    [
      37,
      3087.8799999999997
    ],
    [
      38,
      3056.6400000000003
    ],
    [
      41,
      3056.1499999999996
    ]
  ]
}