{
  "parameters": {
    "dataset": "app_final_40_very_loose",
    "t_max": 1000.0,
    "t_min": 10.0,
    "alpha": 0.9,
    "iters_per_T": 2000,
    "neighborhood": "mixed",
    "day_horizon": 600,
    "time_weight": 1.0
  },
  "initial_cost": 4057.98,
  "best_cost": 3706.6100000000006,
  "improvement_pct": 0.08658741541358002,
  "best_routes": [
    [
      0,
      39,
      25,
      38,
      26,
      33,
      35,
      6,
      20,
      24,
      31,
      3,
      23,
      22,
      36,
      2,
      10,
      17,
      7,
      15,
      34,
      18,
      40,
      0
    ],
    [
      0,
      21,
      5,
      32,
      8,
      14,
      11,
      1,
      13,
      9,
      30,
      12,
      28,
      4,
      19,
      29,
      16,
      27,
      37,
      0
    ]
  ],
  "metrics_initial": {
    "vehicles_used": 2,
    "total_distance_km": 1132.81,
    "cost_distance": 1132.81,
    "cost_time": 1125.17,
    "vehicle_cost": 1800.0,
    "waiting_E": 120.92999999999999,
    "horizon_excess_E": 0.0,
    "makespan_E": 578.77,
    "sum_route_time_E": 1125.17,
    "avg_route_time_E": 562.585
  },
  "metrics_best": {
    "vehicles_used": 2,
    "total_distance_km": 908.1800000000002,
    "cost_distance": 908.1800000000002,
    "cost_time": 998.4300000000001,
    "vehicle_cost": 1800.0,
    "waiting_E": 160.2,
    "horizon_excess_E": 0.0,
    "makespan_E": 577.4300000000001,
    "sum_route_time_E": 998.4300000000001,
    "avg_route_time_E": 499.21500000000003
  },
  "metrics_delta": {
    "vehicles_used": 0,
    "total_distance_km": -224.62999999999977,
    "cost_distance": -224.62999999999977,
    "cost_time": -126.74000000000001,
    "vehicle_cost": 0.0,
    "waiting_E": 39.269999999999996,
    "horizon_excess_E": 0.0,
    "makespan_E": -1.3399999999999181,
    "sum_route_time_E": -126.74000000000001,
    "avg_route_time_E": -63.370000000000005
  },
  "process": {
    "runtime_seconds": 12.122334957122803,
    "epochs": 44,
    "accepted_moves": 12181,
    "improving_moves": 2963,
    "rejected_window_E_moves": 72665,
    "rejected_window_P_moves": 69733,
    "rejected_window_both_moves": 68300
  },
  "trace_improvements": [
    [
      0,
      3998.3599999999997
    ],
    [
      19,
      3930.3700000000003
    ],
    [
      28,
      3922.59
    ],
    [
      32,
      3922.0099999999998
    ],
    [
      33,
      3891.05
    ],
    [
      37,
      3882.9600000000005
    ],
    [
      38,
      3840.1100000000006
    ],
    [
      39,
      3706.6100000000006
    ]
  ]
}