{
  "parameters": {
    "dataset": "app_final_120_tight",
    "t_max": 1000.0,
    "t_min": 10.0,
    "alpha": 0.9,
    "iters_per_T": 5000,
    "neighborhood": "mixed",
    "day_horizon": 600,
    "time_weight": 1.0
  },
  "initial_cost": 15820.490000000003,
  "best_cost": 14131.45,
  "improvement_pct": 0.10676281202415364,
  "best_routes": [
    [
      0,
      60,
      62,
      64,
      29,
      26,
      100,
      73,
      20,
      96,
      63,
      95,
      6,
      50,
      58,
      0
    ],
    [
      0,
      38,
      102,
      92,
      11,
      14,
      88,
      61,
      25,
      51,
      75,
      33,
      1,
      40,
      107,
      104,
      19,
      115,
      99,
      77,
      84,
      89,
      94,
      31,
      0
    ],
    [
      0,
      53,
      67,
      91,
      80,
      116,
      37,
      8,
      97,
      55,
      35,
      0
    ],
    [
      0,
      85,
      118,
      36,
      45,
      109,
      48,
      86,
      114,
      65,
      17,
      2,
      98,
      44,
      7,
      15,
      119,
      46,
      0
    ],
    [
      0,
      41,
      79,
      93,
      70,
      68,
      76,
      54,
      71,
      72,
      110,
      57,
      106,
      103,
      83,
      120,
      39,
      24,
      9,
      23,
      5,
      0
    ],
    [
      0,
      69,
      74,
      108,
      43,
      87,
      47,
      49,
      4,
      0
    ],
    [
      0,
      3,
      82,
      13,
      112,
      30,
      111,
      27,
      105,
      10,
      52,
      16,
      81,
      101,
      12,
      22,
      42,
      117,
      90,
      0
    ],
    [
      0,
      32,
      59,
      18,
      56,
      78,
      21,
      113,
      28,
      66,
      34,
      0
    ]
  ],
  "metrics_initial": {
    "vehicles_used": 8,
    "total_distance_km": 4535.980000000002,
    "cost_distance": 4535.980000000002,
    "cost_time": 4084.5100000000007,
    "vehicle_cost": 7200.0,
    "waiting_E": 389.52,
    "horizon_excess_E": 0.0,
    "makespan_E": 599.3900000000001,
    "sum_route_time_E": 4084.5100000000007,
    "avg_route_time_E": 510.5637500000001
  },
  "metrics_best": {
    "vehicles_used": 8,
    "total_distance_km": 3118.630000000001,
    "cost_distance": 3118.630000000001,
    "cost_time": 3812.8199999999997,
    "vehicle_cost": 7200.0,
    "waiting_E": 1258.1800000000003,
    "horizon_excess_E": 0.0,
    "makespan_E": 596.86,
    "sum_route_time_E": 3812.8199999999997,
    "avg_route_time_E": 476.60249999999996
  },
  "metrics_delta": {
    "vehicles_used": 0,
    "total_distance_km": -1417.3500000000013,
    "cost_distance": -1417.3500000000013,
    "cost_time": -271.69000000000096,
    "vehicle_cost": 0.0,
    "waiting_E": 868.6600000000003,
    "horizon_excess_E": 0.0,
    "makespan_E": -2.5300000000000864,
    "sum_route_time_E": -271.69000000000096,
    "avg_route_time_E": -33.96125000000012
  },
  "process": {
    "runtime_seconds": 87.96778917312622,
    "epochs": 44,
    "accepted_moves": 25646,
    "improving_moves": 3799,
    "rejected_window_E_moves": 190281,
    "rejected_window_P_moves": 191493,
    "rejected_window_both_moves": 189520
  },
  "trace_improvements": [
    [
      0,
      15569.900000000003
    ],
    [
      26,
      15427.329999999998
    ],
    [
      28,
      15348.060000000001
    ],
    [
      29,
      15279.320000000002
    ],
    [
      30,
      15263.79
    ],
    [
      31,
      15159.009999999998
    ],
    [
      32,
      15040.59
    ],
    [
      33,
      14976.11
    ],
    [
      39,
      14724.480000000003
    ],
    [
      40,
      14646.27
    ],
    [
      41,
      14480.46
    ],
    [
      42,
      14282.470000000001
    ],
    [
      43,
      14131.45
    ]
  ]
}