{
  "parameters": {
    "dataset": "app_final_120_loose",
    "t_max": 1000.0,
    "t_min": 10.0,
    "alpha": 0.9,
    "iters_per_T": 10000,
    "neighborhood": "mixed",
    "day_horizon": 600,
    "time_weight": 1.0
  },
  "initial_cost": 7944.5599999999995,
  "best_cost": 7711.87,
  "improvement_pct": 0.029289224324569218,
  "best_routes": [
    [
      0,
      20,
      82,
      16,
      103,
      106,
      101,
      63,
      67,
      70,
      108,
      85,
      117,
      97,
      33,
      68,
      87,
      27,
      49,
      7,
      81,
      39,
      100,
      24,
      14,
      86,
      34,
      19,
      0
    ],
    [
      0,
      89,
      95,
      69,
      109,
      43,
      64,
      47,
      40,
      55,
      84,
      42,
      111,
      80,
      4,
      48,
      50,
      25,
      31,
      1,
      73,
      78,
      30,
      17,
      6,
      26,
      83,
      54,
      104,
      65,
      96,
      0
    ],
    [
      0,
      120,
      22,
      112,
      88,
      91,
      13,
      51,
      41,
      35,
      21,
      71,
      58,
      113,
      72,
      10,
      66,
      61,
      116,
      2,
      102,
      44,
      53,
      75,
      107,
      52,
      12,
      62,
      93,
      36,
      119,
      90,
      0
    ],
    [
      0,
      9,
      115,
      79,
      29,
      18,
      114,
      38,
      76,
      110,
      8,
      15,
      74,
      23,
      28,
      105,
      59,
      92,
      32,
      77,
      57,
      46,
      56,
      99,
      94,
      60,
      11,
      37,
      3,
      118,
      5,
      98,
      45,
      0
    ]
  ],
  "metrics_initial": {
    "vehicles_used": 4,
    "total_distance_km": 2222.48,
    "cost_distance": 2222.48,
    "cost_time": 2122.08,
    "vehicle_cost": 3600.0,
    "waiting_E": 105.83999999999997,
    "horizon_excess_E": 0.0,
    "makespan_E": 599.2300000000001,
    "sum_route_time_E": 2122.08,
    "avg_route_time_E": 530.52
  },
  "metrics_best": {
    "vehicles_used": 4,
    "total_distance_km": 2015.7099999999998,
    "cost_distance": 2015.7099999999998,
    "cost_time": 2096.16,
    "vehicle_cost": 3600.0,
    "waiting_E": 241.4199999999999,
    "horizon_excess_E": 0.0,
    "makespan_E": 541.22,
    "sum_route_time_E": 2096.16,
    "avg_route_time_E": 524.04
  },
  "metrics_delta": {
    "vehicles_used": 0,
    "total_distance_km": -206.7700000000002,
    "cost_distance": -206.7700000000002,
    "cost_time": -25.920000000000073,
    "vehicle_cost": 0.0,
    "waiting_E": 135.57999999999993,
    "horizon_excess_E": 0.0,
    "makespan_E": -58.010000000000105,
    "sum_route_time_E": -25.920000000000073,
    "avg_route_time_E": -6.480000000000018
  },
  "process": {
    "runtime_seconds": 150.51751899719238,
    "epochs": 44,
    "accepted_moves": 35798,
    "improving_moves": 7253,
    "rejected_window_E_moves": 397121,
    "rejected_window_P_moves": 394583,
    "rejected_window_both_moves": 390381
  },
  "trace_improvements": [
    [
      0,
      7944.5599999999995
    ],
    [
      39,
      7919.509999999999
    ],
    [
      41,
      7826.19
    ],
    [
      42,
      7762.49
    ],
    [
      43,
      7711.87
    ]
  ]
}