{
  "parameters": {
    "dataset": "app_final_200_tight",
    "t_max": 1000.0,
    "t_min": 10.0,
    "alpha": 0.9,
    "iters_per_T": 10000,
    "neighborhood": "mixed",
    "day_horizon": 600,
    "time_weight": 1.0
  },
  "initial_cost": 23984.11,
  "best_cost": 21874.520000000004,
  "improvement_pct": 0.08795781873915673,
  "best_routes": [
    [
      0,
      184,
      143,
      89,
      94,
      144,
      95,
      69,
      155,
      11,
      20,
      127,
      192,
      157,
      70,
      37,
      33,
      156,
      141,
      0
    ],
    [
      0,
      2,
      181,
      67,
      50,
      27,
      173,
      46,
      188,
      187,
      17,
      125,
      151,
      87,
      97,
      63,
      90,
      0
    ],
    [
      0,
      129,
      56,
      138,
      159,
      68,
      21,
      36,
      109,
      170,
      80,
      32,
      145,
      60,
      135,
      38,
      0
    ],
    [
      0,
      171,
      130,
      18,
      108,
      149,
      28,
      35,
      120,
      40,
      178,
      29,
      179,
      122,
      195,
      186,
      133,
      0
    ],
    [
      0,
      57,
      162,
      5,
      180,
      177,
      124,
      112,
      42,
      160,
      41,
      198,
      43,
      107,
      77,
      7,
      34,
      189,
      45,
      154,
      15,
      26,
      0
    ],
    [
      0,
      147,
      182,
      190,
      164,
      58,
      128,
      98,
      166,
      93,
      126,
      14,
      99,
      103,
      10,
      79,
      39,
      8,
      153,
      116,
      0
    ],
    [
      0,
      64,
      200,
      59,
      194,
      19,
      110,
      9,
      193,
      3,
      139,
      1,
      111,
      0
    ],
    [
      0,
      137,
      176,
      172,
      167,
      13,
      134,
      75,
      92,
      61,
      74,
      4,
      91,
      24,
      96,
      119,
      113,
      47,
      30,
      0
    ],
    [
      0,
      183,
      65,
      22,
      114,
      53,
      72,
      140,
      131,
      100,
      123,
      196,
      117,
      0
    ],
    [
      0,
      73,
      31,
      49,
      142,
      82,
      163,
      6,
      54,
      191,
      83,
      121,
      23,
      102,
      161,
      81,
      168,
      115,
      48,
      51,
      150,
      0
    ],
    [
      0,
      52,
      175,
      85,
      71,
      76,
      104,
      25,
      152,
      185,
      12,
      16,
      105,
      86,
      136,
      0
    ],
    [
      0,
      174,
      148,
      165,
      169,
      132,
      66,
      101,
      197,
      88,
      199,
      44,
      106,
      62,
      118,
      78,
      146,
      158,
      84,
      55,
      0
    ]
  ],
  "metrics_initial": {
    "vehicles_used": 13,
    "total_distance_km": 6224.23,
    "cost_distance": 6224.23,
    "cost_time": 6059.88,
    "vehicle_cost": 11700.0,
    "waiting_E": 964.6600000000002,
    "horizon_excess_E": 0.0,
    "makespan_E": 582.22,
    "sum_route_time_E": 6059.88,
    "avg_route_time_E": 466.1446153846154
  },
  "metrics_best": {
    "vehicles_used": 12,
    "total_distance_km": 4955.400000000001,
    "cost_distance": 4955.400000000001,
    "cost_time": 6119.120000000001,
    "vehicle_cost": 10800.0,
    "waiting_E": 1996.0800000000004,
    "horizon_excess_E": 0.0,
    "makespan_E": 581.4,
    "sum_route_time_E": 6119.120000000001,
    "avg_route_time_E": 509.92666666666673
  },
  "metrics_delta": {
    "vehicles_used": -1,
    "total_distance_km": -1268.829999999999,
    "cost_distance": -1268.829999999999,
    "cost_time": 59.24000000000069,
    "vehicle_cost": -900.0,
    "waiting_E": 1031.42,
    "horizon_excess_E": 0.0,
    "makespan_E": -0.82000000000005,
    "sum_route_time_E": 59.24000000000069,
    "avg_route_time_E": 43.78205128205133
  },
  "process": {
    "runtime_seconds": 288.38053846359253,
    "epochs": 44,
    "accepted_moves": 49629,
    "improving_moves": 7404,
    "rejected_window_E_moves": 382321,
    "rejected_window_P_moves": 385632,
    "rejected_window_both_moves": 382030
  },
  "trace_improvements": [
    [
      0,
      23984.11
    ],
    [
      37,
      23903.770000000004
    ],
    [
      38,
      23690.64
    ],
    [
      39,
      23576.77
    ],
    [
      40,
      23326.07
    ],
    [
      41,
      23291.060000000005
    ],
    [
      42,
      22128.699999999997
    ],
    [
      43,
      21874.520000000004
    ]
  ]
}