{
  "parameters": {
    "dataset": "app_final_20_tight",
    "t_max": 1000.0,
    "t_min": 10.0,
    "alpha": 0.9,
    "iters_per_T": 500,
    "neighborhood": "mixed",
    "day_horizon": 600,
    "time_weight": 1.0
  },
  "initial_cost": 5722.25,
  "best_cost": 5070.83,
  "improvement_pct": 0.11383983572895279,
  "best_routes": [
    [
      0,
      2,
      5,
      10,
      19,
      3,
      14,
      0
    ],
    [
      0,
      15,
      8,
      20,
      17,
      13,
      16,
      12,
      11,
      18,
      4,
      9,
      0
    ],
    [
      0,
      1,
      7,
      6,
      0
    ]
  ],
  "metrics_initial": {
    "vehicles_used": 3,
    "total_distance_km": 1291.25,
    "cost_distance": 1291.25,
    "cost_time": 1731.0000000000002,
    "vehicle_cost": 2700.0,
    "waiting_E": 578.6700000000001,
    "horizon_excess_E": 0.0,
    "makespan_E": 596.1400000000001,
    "sum_route_time_E": 1731.0000000000002,
    "avg_route_time_E": 577.0000000000001
  },
  "metrics_best": {
    "vehicles_used": 3,
    "total_distance_km": 823.9699999999998,
    "cost_distance": 823.9699999999998,
    "cost_time": 1546.8600000000001,
    "vehicle_cost": 2700.0,
    "waiting_E": 808.68,
    "horizon_excess_E": 0.0,
    "makespan_E": 587.74,
    "sum_route_time_E": 1546.8600000000001,
    "avg_route_time_E": 515.62
  },
  "metrics_delta": {
    "vehicles_used": 0,
    "total_distance_km": -467.2800000000002,
    "cost_distance": -467.2800000000002,
    "cost_time": -184.1400000000001,
    "vehicle_cost": 0.0,
    "waiting_E": 230.00999999999988,
    "horizon_excess_E": 0.0,
    "makespan_E": -8.400000000000091,
    "sum_route_time_E": -184.1400000000001,
    "avg_route_time_E": -61.38000000000011
  },
  "process": {
    "runtime_seconds": 2.409797430038452,
    "epochs": 44,
    "accepted_moves": 4765,
    "improving_moves": 594,
    "rejected_window_E_moves": 16582,
    "rejected_window_P_moves": 16831,
    "rejected_window_both_moves": 16496
  },
  "trace_improvements": [
    [
      0,
      5430.0
    ],
    [
      5,
      5348.68
    ],
    [
      15,
      5337.02
    ],
    [
      19,
      5280.0
    ],
    [
      20,
      5266.75
    ],
    [
      21,
      5251.349999999999
    ],
    [
      32,
      5162.16
    ],
    [
      33,
      5094.5599999999995
    ],
    [
      38,
      5072.45
    ],
    [
      40,
      5070.83
    ]
  ]
}