{
  "parameters": {
    "dataset": "app_final_80_loose",
    "t_max": 1000.0,
    "t_min": 10.0,
    "alpha": 0.9,
    "iters_per_T": 1000,
    "neighborhood": "mixed",
    "day_horizon": 600,
    "time_weight": 1.0
  },
  "initial_cost": 6387.089999999999,
  "best_cost": 6136.639999999999,
  "improvement_pct": 0.039211910275258346,
  "best_routes": [
    [
      0,
      15,
      78,
      20,
      70,
      59,
      28,
      75,
      7,
      56,
      27,
      58,
      34,
      29,
      14,
      45,
      41,
      12,
      21,
      46,
      77,
      47,
      57,
      13,
      68,
      18,
      79,
      0
    ],
    [
      0,
      24,
      76,
      6,
      10,
      9,
      49,
      54,
      37,
      53,
      33,
      52,
      38,
      65,
      48,
      61,
      66,
      69,
      74,
      2,
      17,
      11,
      22,
      35,
      51,
      73,
      16,
      0
    ],
    [
      0,
      25,
      55,
      42,
      8,
      63,
      19,
      23,
      36,
      80,
      3,
      30,
      62,
      64,
      26,
      5,
      71,
      4,
      1,
      40,
      44,
      43,
      32,
      60,
      72,
      67,
      31,
      50,
      39,
      0
    ]
  ],
  "metrics_initial": {
    "vehicles_used": 3,
    "total_distance_km": 1987.2299999999998,
    "cost_distance": 1987.2299999999998,
    "cost_time": 1699.8599999999997,
    "vehicle_cost": 2700.0,
    "waiting_E": 61.810000000000045,
    "horizon_excess_E": 0.0,
    "makespan_E": 580.3,
    "sum_route_time_E": 1699.8599999999997,
    "avg_route_time_E": 566.6199999999999
  },
  "metrics_best": {
    "vehicles_used": 3,
    "total_distance_km": 1818.789999999999,
    "cost_distance": 1818.789999999999,
    "cost_time": 1617.85,
    "vehicle_cost": 2700.0,
    "waiting_E": 102.13000000000007,
    "horizon_excess_E": 0.0,
    "makespan_E": 562.0600000000001,
    "sum_route_time_E": 1617.85,
    "avg_route_time_E": 539.2833333333333
  },
  "metrics_delta": {
    "vehicles_used": 0,
    "total_distance_km": -168.44000000000074,
    "cost_distance": -168.44000000000074,
    "cost_time": -82.00999999999976,
    "vehicle_cost": 0.0,
    "waiting_E": 40.32000000000002,
    "horizon_excess_E": 0.0,
    "makespan_E": -18.239999999999895,
    "sum_route_time_E": -82.00999999999976,
    "avg_route_time_E": -27.336666666666588
  },
  "process": {
    "runtime_seconds": 10.206073999404907,
    "epochs": 44,
    "accepted_moves": 3798,
    "improving_moves": 682,
    "rejected_window_E_moves": 39571,
    "rejected_window_P_moves": 38891,
    "rejected_window_both_moves": 38536
  },
  "trace_improvements": [
    [
      0,
      6340.78
    ],
    [
      1,
      6326.790000000001
    ],
    [
      34,
      6287.029999999999
    ],
    [
      35,
      6221.799999999999
    ],
    [
      41,
      6185.33
    ],
    [
      42,
      6136.639999999999
    ]
  ]
}