{
  "parameters": {
    "dataset": "app_final_200_very_loose",
    "t_max": 1000.0,
    "t_min": 10.0,
    "alpha": 0.9,
    "iters_per_T": 5000,
    "neighborhood": "mixed",
    "day_horizon": 600,
    "time_weight": 1.0
  },
  "initial_cost": 12312.64,
  "best_cost": 11688.289999999999,
  "improvement_pct": 0.05070805286274921,
  "best_routes": [
    [
      0,
      51,
      187,
      98,
      45,
      20,
      142,
      105,
      72,
      124,
      82,
      73,
      87,
      13,
      126,
      147,
      149,
      77,
      88,
      22,
      84,
      188,
      49,
      18,
      128,
      129,
      184,
      165,
      153,
      185,
      160,
      116,
      0
    ],
    [
      0,
      28,
      173,
      192,
      170,
      134,
      122,
      190,
      101,
      14,
      40,
      131,
      138,
      11,
      37,
      79,
      155,
      100,
      171,
      64,
      177,
      104,
      31,
      12,
      145,
      92,
      61,
      200,
      167,
      157,
      66,
      193,
      0
    ],
    [
      0,
      162,
      186,
      123,
      132,
      156,
      32,
      76,
      164,
      94,
      182,
      53,
      30,
      57,
      121,
      130,
      140,
      74,
      178,
      110,
      47,
      141,
      96,
      189,
      59,
      191,
      3,
      143,
      112,
      99,
      55,
      161,
      0
    ],
    [
      0,
      137,
      4,
      91,
      69,
      26,
      71,
      139,
      63,
      19,
      6,
      135,
      107,
      108,
      56,
      48,
      125,
      52,
      196,
      120,
      172,
      183,
      114,
      2,
      10,
      144,
      81,
      34,
      35,
      24,
      8,
      127,
      17,
      151,
      175,
      80,
      58,
      102,
      0
    ],
    [
      0,
      16,
      89,
      136,
      75,
      38,
      169,
      85,
      148,
      113,
      33,
      5,
      103,
      15,
      154,
      29,
      23,
      168,
      179,
      111,
      67,
      9,
      65,
      180,
      70,
      36,
      181,
      133,
      44,
      106,
      83,
      39,
      62,
      78,
      7,
      90,
      1,
      21,
      0
    ],
    [
      0,
      50,
      93,
      198,
      159,
      199,
      166,
      197,
      68,
      152,
      117,
      42,
      163,
      194,
      118,
      25,
      115,
      150,
      174,
      97,
      146,
      176,
      119,
      60,
      43,
      46,
      195,
      27,
      54,
      41,
      109,
      95,
      158,
      86,
      0
    ]
  ],
  "metrics_initial": {
    "vehicles_used": 6,
    "total_distance_km": 3653.0499999999993,
    "cost_distance": 3653.0499999999993,
    "cost_time": 3259.59,
    "vehicle_cost": 5400.0,
    "waiting_E": 244.29000000000002,
    "horizon_excess_E": 0.0,
    "makespan_E": 598.4,
    "sum_route_time_E": 3259.59,
    "avg_route_time_E": 543.265
  },
  "metrics_best": {
    "vehicles_used": 6,
    "total_distance_km": 3176.4699999999993,
    "cost_distance": 3176.4699999999993,
    "cost_time": 3111.8199999999997,
    "vehicle_cost": 5400.0,
    "waiting_E": 404.32000000000005,
    "horizon_excess_E": 0.0,
    "makespan_E": 585.4699999999999,
    "sum_route_time_E": 3111.8199999999997,
    "avg_route_time_E": 518.6366666666667
  },
  "metrics_delta": {
    "vehicles_used": 0,
    "total_distance_km": -476.5799999999999,
    "cost_distance": -476.5799999999999,
    "cost_time": -147.77000000000044,
    "vehicle_cost": 0.0,
    "waiting_E": 160.03000000000003,
    "horizon_excess_E": 0.0,
    "makespan_E": -12.930000000000064,
    "sum_route_time_E": -147.77000000000044,
    "avg_route_time_E": -24.62833333333333
  },
  "process": {
    "runtime_seconds": 121.09079551696777,
    "epochs": 44,
    "accepted_moves": 17382,
    "improving_moves": 3847,
    "rejected_window_E_moves": 198732,
    "rejected_window_P_moves": 194836,
    "rejected_window_both_moves": 192615
  },
  "trace_improvements": [
    [
      0,
      12312.64
    ],
    [
      39,
      12272.859999999999
    ],
    [
      40,
      12082.82
    ],
    [
      41,
      11923.470000000001
    ],
    [
      42,
      11745.25
    ],
    [
      43,
      11688.289999999999
    ]
  ]
}