{
  "parameters": {
    "dataset": "app_final_20_tight",
    "t_max": 1000.0,
    "t_min": 10.0,
    "alpha": 0.9,
    "iters_per_T": 2000,
    "neighborhood": "mixed",
    "day_horizon": 600,
    "time_weight": 1.0
  },
  "initial_cost": 5722.25,
  "best_cost": 5070.83,
  "improvement_pct": 0.11383983572895279,
  "best_routes": [
    [
      0,
      2,
      5,
      10,
      19,
      3,
      14,
      0
    ],
    [
      0,
      1,
      7,
      6,
      0
    ],
    [
      0,
      15,
      8,
      20,
      17,
      13,
      16,
      12,
      11,
      18,
      4,
      9,
      0
    ]
  ],
  "metrics_initial": {
    "vehicles_used": 3,
    "total_distance_km": 1291.25,
    "cost_distance": 1291.25,
    "cost_time": 1731.0000000000002,
    "vehicle_cost": 2700.0,
    "waiting_E": 578.6700000000001,
    "horizon_excess_E": 0.0,
    "makespan_E": 596.1400000000001,
    "sum_route_time_E": 1731.0000000000002,
    "avg_route_time_E": 577.0000000000001
  },
  "metrics_best": {
    "vehicles_used": 3,
    "total_distance_km": 823.97,
    "cost_distance": 823.97,
    "cost_time": 1546.8600000000001,
    "vehicle_cost": 2700.0,
    "waiting_E": 808.6800000000001,
    "horizon_excess_E": 0.0,
    "makespan_E": 587.74,
    "sum_route_time_E": 1546.8600000000001,
    "avg_route_time_E": 515.62
  },
  "metrics_delta": {
    "vehicles_used": 0,
    "total_distance_km": -467.28,
    "cost_distance": -467.28,
    "cost_time": -184.1400000000001,
    "vehicle_cost": 0.0,
    "waiting_E": 230.01,
    "horizon_excess_E": 0.0,
    "makespan_E": -8.400000000000091,
    "sum_route_time_E": -184.1400000000001,
    "avg_route_time_E": -61.38000000000011
  },
  "process": {
    "runtime_seconds": 9.196699142456055,
    "epochs": 44,
    "accepted_moves": 18701,
    "improving_moves": 2223,
    "rejected_window_E_moves": 66288,
    "rejected_window_P_moves": 67497,
    "rejected_window_both_moves": 65912
  },
  "trace_improvements": [
    [
      0,
      5360.5
    ],
    [
      1,
      5299.7699999999995
    ],
    [
      8,
      5268.87
    ],
    [
      18,
      5212.15
    ],
    [
      22,
      5145.219999999999
    ],
    [
      23,
      5134.52
    ],
    [
      26,
      5106.780000000001
    ],
    [
      31,
      5100.110000000001
    ],
    [
      36,
      5089.71
    ],
    [
      37,
      5070.83
    ]
  ]
}