{
  "parameters": {
    "dataset": "app_final_80_very_loose",
    "t_max": 1000.0,
    "t_min": 10.0,
    "alpha": 0.9,
    "iters_per_T": 2000,
    "neighborhood": "mixed",
    "day_horizon": 600,
    "time_weight": 1.0
  },
  "initial_cost": 6154.709999999999,
  "best_cost": 5810.2300000000005,
  "improvement_pct": 0.05597014319114933,
  "best_routes": [
    [
      0,
      11,
      3,
      25,
      36,
      76,
      35,
      47,
      22,
      7,
      58,
      41,
      49,
      68,
      74,
      15,
      75,
      62,
      32,
      24,
      26,
      57,
      64,
      79,
      77,
      80,
      38,
      72,
      10,
      0
    ],
    [
      0,
      40,
      5,
      63,
      31,
      70,
      17,
      71,
      20,
      59,
      60,
      61,
      42,
      56,
      55,
      28,
      16,
      54,
      66,
      45,
      48,
      2,
      34,
      21,
      67,
      8,
      65,
      53,
      73,
      0
    ],
    [
      0,
      37,
      1,
      43,
      44,
      4,
      52,
      50,
      46,
      29,
      33,
      23,
      14,
      78,
      18,
      13,
      51,
      39,
      19,
      27,
      30,
      12,
      69,
      9,
      6,
      0
    ]
  ],
  "metrics_initial": {
    "vehicles_used": 3,
    "total_distance_km": 1864.99,
    "cost_distance": 1864.99,
    "cost_time": 1589.7199999999998,
    "vehicle_cost": 2700.0,
    "waiting_E": 20.30000000000001,
    "horizon_excess_E": 0.0,
    "makespan_E": 596.4899999999999,
    "sum_route_time_E": 1589.7199999999998,
    "avg_route_time_E": 529.9066666666666
  },
  "metrics_best": {
    "vehicles_used": 3,
    "total_distance_km": 1623.6500000000003,
    "cost_distance": 1623.6500000000003,
    "cost_time": 1486.58,
    "vehicle_cost": 2700.0,
    "waiting_E": 94.92999999999981,
    "horizon_excess_E": 0.0,
    "makespan_E": 528.17,
    "sum_route_time_E": 1486.58,
    "avg_route_time_E": 495.52666666666664
  },
  "metrics_delta": {
    "vehicles_used": 0,
    "total_distance_km": -241.3399999999997,
    "cost_distance": -241.3399999999997,
    "cost_time": -103.13999999999987,
    "vehicle_cost": 0.0,
    "waiting_E": 74.6299999999998,
    "horizon_excess_E": 0.0,
    "makespan_E": -68.31999999999994,
    "sum_route_time_E": -103.13999999999987,
    "avg_route_time_E": -34.379999999999995
  },
  "process": {
    "runtime_seconds": 20.836135149002075,
    "epochs": 44,
    "accepted_moves": 9024,
    "improving_moves": 2142,
    "rejected_window_E_moves": 76425,
    "rejected_window_P_moves": 75302,
    "rejected_window_both_moves": 74175
  },
  "trace_improvements": [
    [
      0,
      6154.709999999999
    ],
    [
      32,
      6104.96
    ],
    [
      35,
      6104.85
    ],
    [
      36,
      6071.420000000001
    ],
    [
      37,
      5956.02
    ],
    [
      39,
      5901.779999999999
    ],
    [
      40,
      5846.879999999999
    ],
    [
      43,
      5810.2300000000005
    ]
  ]
}