{
  "parameters": {
    "dataset": "app_final_120_medium",
    "t_max": 1000.0,
    "t_min": 10.0,
    "alpha": 0.9,
    "iters_per_T": 2000,
    "neighborhood": "mixed",
    "day_horizon": 600,
    "time_weight": 1.0
  },
  "initial_cost": 13892.869999999999,
  "best_cost": 12715.21,
  "improvement_pct": 0.08476722232339322,
  "best_routes": [
    [
      0,
      51,
      40,
      64,
      112,
      88,
      25,
      31,
      98,
      59,
      36,
      6,
      27,
      95,
      16,
      33,
      110,
      63,
      113,
      69,
      0
    ],
    [
      0,
      74,
      48,
      71,
      78,
      37,
      60,
      73,
      100,
      56,
      109,
      34,
      12,
      17,
      85,
      91,
      0
    ],
    [
      0,
      47,
      21,
      58,
      29,
      106,
      19,
      42,
      77,
      20,
      23,
      44,
      22,
      67,
      0
    ],
    [
      0,
      82,
      62,
      117,
      90,
      54,
      96,
      5,
      52,
      105,
      13,
      7,
      32,
      61,
      81,
      14,
      72,
      11,
      35,
      79,
      104,
      0
    ],
    [
      0,
      50,
      8,
      108,
      115,
      3,
      87,
      26,
      2,
      38,
      57,
      75,
      94,
      15,
      9,
      4,
      18,
      99,
      24,
      30,
      49,
      86,
      76,
      116,
      0
    ],
    [
      0,
      28,
      45,
      70,
      118,
      93,
      111,
      83,
      120,
      92,
      89,
      1,
      65,
      84,
      107,
      39,
      103,
      0
    ],
    [
      0,
      10,
      53,
      102,
      97,
      66,
      114,
      43,
      101,
      41,
      46,
      80,
      68,
      119,
      55,
      0
    ]
  ],
  "metrics_initial": {
    "vehicles_used": 7,
    "total_distance_km": 3814.1899999999996,
    "cost_distance": 3814.1899999999996,
    "cost_time": 3778.6800000000003,
    "vehicle_cost": 6300.0,
    "waiting_E": 367.19000000000005,
    "horizon_excess_E": 0.0,
    "makespan_E": 585.98,
    "sum_route_time_E": 3778.6800000000003,
    "avg_route_time_E": 539.8114285714286
  },
  "metrics_best": {
    "vehicles_used": 7,
    "total_distance_km": 2923.799999999999,
    "cost_distance": 2923.799999999999,
    "cost_time": 3491.41,
    "vehicle_cost": 6300.0,
    "waiting_E": 842.9700000000001,
    "horizon_excess_E": 0.0,
    "makespan_E": 583.9200000000001,
    "sum_route_time_E": 3491.41,
    "avg_route_time_E": 498.7728571428571
  },
  "metrics_delta": {
    "vehicles_used": 0,
    "total_distance_km": -890.3900000000008,
    "cost_distance": -890.3900000000008,
    "cost_time": -287.27000000000044,
    "vehicle_cost": 0.0,
    "waiting_E": 475.7800000000001,
    "horizon_excess_E": 0.0,
    "makespan_E": -2.0599999999999454,
    "sum_route_time_E": -287.27000000000044,
    "avg_route_time_E": -41.03857142857146
  },
  "process": {
    "runtime_seconds": 34.80224347114563,
    "epochs": 44,
    "accepted_moves": 11152,
    "improving_moves": 2341,
    "rejected_window_E_moves": 74466,
    "rejected_window_P_moves": 74593,
    "rejected_window_both_moves": 73538
  },
  "trace_improvements": [
    [
      0,
      13892.869999999999
    ],
    [
      22,
      13868.02
    ],
    [
      26,
      13791.509999999998
    ],
    [
      27,
      13647.13
    ],
    [
      32,
      13553.1
    ],
    [
      33,
      13523.45
    ],
    [
      34,
      13452.61
    ],
    [
      35,
      13417.89
    ],
    [
      36,
      13361.559999999998
    ],
    [
      37,
      13193.9
    ],
    [
      39,
      13122.13
    ],
    [
      40,
      13056.51
    ],
    [
      41,
      13020.77
    ],
    [
      42,
      12897.98
    ],
    [
      43,
      12715.21
    ]
  ]
}