{
  "parameters": {
    "dataset": "app_final_80_tight",
    "t_max": 1000.0,
    "t_min": 10.0,
    "alpha": 0.9,
    "iters_per_T": 15000,
    "neighborhood": "mixed",
    "day_horizon": 600,
    "time_weight": 1.0
  },
  "initial_cost": 11626.3,
  "best_cost": 10355.77,
  "improvement_pct": 0.1092806825903339,
  "best_routes": [
    [
      0,
      15,
      17,
      56,
      31,
      52,
      35,
      7,
      74,
      41,
      39,
      64,
      27,
      37,
      75,
      69,
      70,
      0
    ],
    [
      0,
      21,
      4,
      24,
      42,
      58,
      3,
      67,
      0
    ],
    [
      0,
      48,
      20,
      68,
      22,
      59,
      61,
      78,
      25,
      76,
      1,
      63,
      9,
      80,
      0
    ],
    [
      0,
      18,
      50,
      2,
      72,
      54,
      29,
      8,
      51,
      71,
      46,
      30,
      47,
      44,
      53,
      0
    ],
    [
      0,
      6,
      33,
      62,
      40,
      45,
      43,
      13,
      60,
      5,
      73,
      77,
      57,
      65,
      49,
      11,
      12,
      32,
      19,
      38,
      0
    ],
    [
      0,
      34,
      36,
      26,
      66,
      28,
      55,
      14,
      10,
      79,
      16,
      23,
      0
    ]
  ],
  "metrics_initial": {
    "vehicles_used": 6,
    "total_distance_km": 2998.07,
    "cost_distance": 2998.07,
    "cost_time": 3228.2300000000005,
    "vehicle_cost": 5400.0,
    "waiting_E": 485.42,
    "horizon_excess_E": 0.0,
    "makespan_E": 597.35,
    "sum_route_time_E": 3228.2300000000005,
    "avg_route_time_E": 538.0383333333334
  },
  "metrics_best": {
    "vehicles_used": 6,
    "total_distance_km": 2101.6700000000005,
    "cost_distance": 2101.6700000000005,
    "cost_time": 2854.1000000000004,
    "vehicle_cost": 5400.0,
    "waiting_E": 941.39,
    "horizon_excess_E": 0.0,
    "makespan_E": 599.6300000000001,
    "sum_route_time_E": 2854.1000000000004,
    "avg_route_time_E": 475.6833333333334
  },
  "metrics_delta": {
    "vehicles_used": 0,
    "total_distance_km": -896.3999999999996,
    "cost_distance": -896.3999999999996,
    "cost_time": -374.1300000000001,
    "vehicle_cost": 0.0,
    "waiting_E": 455.96999999999997,
    "horizon_excess_E": 0.0,
    "makespan_E": 2.2800000000000864,
    "sum_route_time_E": -374.1300000000001,
    "avg_route_time_E": -62.35500000000002
  },
  "process": {
    "runtime_seconds": 186.38570356369019,
    "epochs": 44,
    "accepted_moves": 79909,
    "improving_moves": 9704,
    "rejected_window_E_moves": 568934,
    "rejected_window_P_moves": 572774,
    "rejected_window_both_moves": 566930
  },
  "trace_improvements": [
    [
      0,
      11626.3
    ],
    [
      1,
      11486.940000000002
    ],
    [
      18,
      11468.839999999998
    ],
    [
      19,
      11280.51
    ],
    [
      28,
      11198.759999999998
    ],
    [
      29,
      11179.55
    ],
    [
      31,
      11145.509999999998
    ],
    [
      32,
      11007.42
    ],
    [
      33,
      10977.82
    ],
    [
      34,
      10862.01
    ],
    [
      37,
      10697.48
    ],
    [
      39,
      10684.89
    ],
    [
      40,
      10614.310000000001
    ],
    [
      41,
      10499.060000000001
    ],
    [
      42,
      10355.77
    ]
  ]
}