{
  "parameters": {
    "dataset": "app_final_40_very_loose",
    "t_max": 1000.0,
    "t_min": 10.0,
    "alpha": 0.9,
    "iters_per_T": 1000,
    "neighborhood": "mixed",
    "day_horizon": 600,
    "time_weight": 1.0
  },
  "initial_cost": 4057.98,
  "best_cost": 3629.7400000000002,
  "improvement_pct": 0.10553033775425207,
  "best_routes": [
    [
      0,
      21,
      5,
      39,
      8,
      32,
      35,
      38,
      26,
      33,
      25,
      6,
      31,
      24,
      20,
      3,
      23,
      22,
      36,
      2,
      10,
      17,
      7,
      37,
      0
    ],
    [
      0,
      14,
      1,
      11,
      34,
      30,
      13,
      9,
      28,
      4,
      19,
      29,
      16,
      27,
      12,
      15,
      18,
      40,
      0
    ]
  ],
  "metrics_initial": {
    "vehicles_used": 2,
    "total_distance_km": 1132.81,
    "cost_distance": 1132.81,
    "cost_time": 1125.17,
    "vehicle_cost": 1800.0,
    "waiting_E": 120.92999999999999,
    "horizon_excess_E": 0.0,
    "makespan_E": 578.77,
    "sum_route_time_E": 1125.17,
    "avg_route_time_E": 562.585
  },
  "metrics_best": {
    "vehicles_used": 2,
    "total_distance_km": 850.3000000000001,
    "cost_distance": 850.3000000000001,
    "cost_time": 979.44,
    "vehicle_cost": 1800.0,
    "waiting_E": 183.29,
    "horizon_excess_E": 0.0,
    "makespan_E": 526.2700000000001,
    "sum_route_time_E": 979.44,
    "avg_route_time_E": 489.72
  },
  "metrics_delta": {
    "vehicles_used": 0,
    "total_distance_km": -282.5099999999999,
    "cost_distance": -282.5099999999999,
    "cost_time": -145.73000000000002,
    "vehicle_cost": 0.0,
    "waiting_E": 62.36,
    "horizon_excess_E": 0.0,
    "makespan_E": -52.499999999999886,
    "sum_route_time_E": -145.73000000000002,
    "avg_route_time_E": -72.86500000000001
  },
  "process": {
    "runtime_seconds": 5.972533941268921,
    "epochs": 44,
    "accepted_moves": 6279,
    "improving_moves": 1597,
    "rejected_window_E_moves": 35850,
    "rejected_window_P_moves": 34669,
    "rejected_window_both_moves": 34002
  },
  "trace_improvements": [
    [
      0,
      4029.05
    ],
    [
      13,
      3986.9300000000003
    ],
    [
      25,
      3922.08
    ],
    [
      29,
      3796.83
    ],
    [
      32,
      3765.24
    ],
    [
      36,
      3739.6099999999997
    ],
    [
      41,
      3680.3500000000004
    ],
    [
      42,
      3662.09
    ],
    [
      43,
      3629.7400000000002
    ]
  ]
}