{
  "parameters": {
    "dataset": "app_final_20_tight",
    "t_max": 1000.0,
    "t_min": 10.0,
    "alpha": 0.9,
    "iters_per_T": 1000,
    "neighborhood": "mixed",
    "day_horizon": 600,
    "time_weight": 1.0
  },
  "initial_cost": 5722.25,
  "best_cost": 5092.59,
  "improvement_pct": 0.11003713574205948,
  "best_routes": [
    [
      0,
      2,
      5,
      10,
      19,
      7,
      6,
      0
    ],
    [
      0,
      1,
      13,
      16,
      11,
      12,
      3,
      14,
      0
    ],
    [
      0,
      15,
      8,
      17,
      20,
      18,
      4,
      9,
      0
    ]
  ],
  "metrics_initial": {
    "vehicles_used": 3,
    "total_distance_km": 1291.25,
    "cost_distance": 1291.25,
    "cost_time": 1731.0000000000002,
    "vehicle_cost": 2700.0,
    "waiting_E": 578.6700000000001,
    "horizon_excess_E": 0.0,
    "makespan_E": 596.1400000000001,
    "sum_route_time_E": 1731.0000000000002,
    "avg_route_time_E": 577.0000000000001
  },
  "metrics_best": {
    "vehicles_used": 3,
    "total_distance_km": 841.62,
    "cost_distance": 841.62,
    "cost_time": 1550.97,
    "vehicle_cost": 2700.0,
    "waiting_E": 795.4100000000001,
    "horizon_excess_E": 0.0,
    "makespan_E": 587.74,
    "sum_route_time_E": 1550.97,
    "avg_route_time_E": 516.99
  },
  "metrics_delta": {
    "vehicles_used": 0,
    "total_distance_km": -449.63,
    "cost_distance": -449.63,
    "cost_time": -180.0300000000002,
    "vehicle_cost": 0.0,
    "waiting_E": 216.74,
    "horizon_excess_E": 0.0,
    "makespan_E": -8.400000000000091,
    "sum_route_time_E": -180.0300000000002,
    "avg_route_time_E": -60.010000000000105
  },
  "process": {
    "runtime_seconds": 4.612791299819946,
    "epochs": 44,
    "accepted_moves": 9496,
    "improving_moves": 1151,
    "rejected_window_E_moves": 33044,
    "rejected_window_P_moves": 33671,
    "rejected_window_both_moves": 32855
  },
  "trace_improvements": [
    [
      0,
      5449.23
    ],
    [
      1,
      5314.5199999999995
    ],
    [
      2,
      5204.24
    ],
    [
      22,
      5204.15
    ],
    [
      29,
      5100.110000000001
    ],
    [
      40,
      5092.59
    ]
  ]
}