{
  "parameters": {
    "dataset": "app_final_40_loose",
    "t_max": 1000.0,
    "t_min": 10.0,
    "alpha": 0.9,
    "iters_per_T": 2000,
    "neighborhood": "mixed",
    "day_horizon": 600,
    "time_weight": 1.0
  },
  "initial_cost": 3810.17,
  "best_cost": 3695.2,
  "improvement_pct": 0.030174506649309676,
  "best_routes": [
    [
      0,
      21,
      24,
      2,
      19,
      7,
      5,
      28,
      39,
      20,
      34,
      23,
      25,
      13,
      22,
      14,
      10,
      36,
      38,
      16,
      37,
      0
    ],
    [
      0,
      31,
      6,
      8,
      17,
      32,
      35,
      26,
      12,
      4,
      9,
      40,
      15,
      33,
      29,
      18,
      11,
      30,
      3,
      1,
      27,
      0
    ]
  ],
  "metrics_initial": {
    "vehicles_used": 2,
    "total_distance_km": 1018.9900000000001,
    "cost_distance": 1018.9900000000001,
    "cost_time": 991.1800000000001,
    "vehicle_cost": 1800.0,
    "waiting_E": 77.27999999999992,
    "horizon_excess_E": 0.0,
    "makespan_E": 504.1400000000001,
    "sum_route_time_E": 991.1800000000001,
    "avg_route_time_E": 495.59000000000003
  },
  "metrics_best": {
    "vehicles_used": 2,
    "total_distance_km": 972.96,
    "cost_distance": 972.96,
    "cost_time": 922.24,
    "vehicle_cost": 1800.0,
    "waiting_E": 43.18999999999997,
    "horizon_excess_E": 0.0,
    "makespan_E": 477.08000000000004,
    "sum_route_time_E": 922.24,
    "avg_route_time_E": 461.12
  },
  "metrics_delta": {
    "vehicles_used": 0,
    "total_distance_km": -46.030000000000086,
    "cost_distance": -46.030000000000086,
    "cost_time": -68.94000000000005,
    "vehicle_cost": 0.0,
    "waiting_E": -34.08999999999995,
    "horizon_excess_E": 0.0,
    "makespan_E": -27.06000000000006,
    "sum_route_time_E": -68.94000000000005,
    "avg_route_time_E": -34.47000000000003
  },
  "process": {
    "runtime_seconds": 12.666828155517578,
    "epochs": 44,
    "accepted_moves": 11324,
    "improving_moves": 2505,
    "rejected_window_E_moves": 73638,
    "rejected_window_P_moves": 73312,
    "rejected_window_both_moves": 72284
  },
  "trace_improvements": [
    [
      0,
      3810.17
    ],
    [
      31,
      3809.18
    ],
    [
      32,
      3795.83
    ],
    [
      34,
      3778.5699999999997
    ],
    [
      37,
      3760.86
    ],
    [
      38,
      3695.2
    ]
  ]
}