{
  "parameters": {
    "dataset": "app_final_120_loose",
    "t_max": 1000.0,
    "t_min": 10.0,
    "alpha": 0.9,
    "iters_per_T": 5000,
    "neighborhood": "mixed",
    "day_horizon": 600,
    "time_weight": 1.0
  },
  "initial_cost": 7944.5599999999995,
  "best_cost": 7786.83,
  "improvement_pct": 0.01985383709104086,
  "best_routes": [
    [
      0,
      110,
      27,
      38,
      8,
      76,
      13,
      29,
      79,
      18,
      114,
      70,
      117,
      90,
      16,
      1,
      73,
      86,
      72,
      34,
      24,
      14,
      26,
      6,
      83,
      54,
      0
    ],
    [
      0,
      97,
      66,
      69,
      116,
      43,
      109,
      102,
      53,
      75,
      64,
      47,
      40,
      55,
      84,
      42,
      92,
      80,
      111,
      46,
      105,
      59,
      99,
      60,
      94,
      37,
      3,
      87,
      118,
      45,
      0
    ],
    [
      0,
      88,
      115,
      112,
      91,
      51,
      9,
      41,
      35,
      103,
      108,
      21,
      7,
      82,
      4,
      95,
      48,
      25,
      50,
      61,
      2,
      44,
      107,
      12,
      52,
      62,
      36,
      119,
      93,
      31,
      100,
      17,
      81,
      19,
      0
    ],
    [
      0,
      68,
      120,
      20,
      89,
      85,
      67,
      63,
      78,
      106,
      10,
      101,
      58,
      113,
      71,
      39,
      30,
      22,
      11,
      74,
      15,
      56,
      23,
      28,
      57,
      77,
      32,
      33,
      5,
      98,
      104,
      65,
      96,
      49,
      0
    ]
  ],
  "metrics_initial": {
    "vehicles_used": 4,
    "total_distance_km": 2222.48,
    "cost_distance": 2222.48,
    "cost_time": 2122.08,
    "vehicle_cost": 3600.0,
    "waiting_E": 105.83999999999997,
    "horizon_excess_E": 0.0,
    "makespan_E": 599.2300000000001,
    "sum_route_time_E": 2122.08,
    "avg_route_time_E": 530.52
  },
  "metrics_best": {
    "vehicles_used": 4,
    "total_distance_km": 2072.3400000000006,
    "cost_distance": 2072.3400000000006,
    "cost_time": 2114.49,
    "vehicle_cost": 3600.0,
    "waiting_E": 218.64999999999995,
    "horizon_excess_E": 0.0,
    "makespan_E": 577.37,
    "sum_route_time_E": 2114.49,
    "avg_route_time_E": 528.6225
  },
  "metrics_delta": {
    "vehicles_used": 0,
    "total_distance_km": -150.13999999999942,
    "cost_distance": -150.13999999999942,
    "cost_time": -7.5900000000001455,
    "vehicle_cost": 0.0,
    "waiting_E": 112.80999999999997,
    "horizon_excess_E": 0.0,
    "makespan_E": -21.860000000000127,
    "sum_route_time_E": -7.5900000000001455,
    "avg_route_time_E": -1.8975000000000364
  },
  "process": {
    "runtime_seconds": 74.39187407493591,
    "epochs": 44,
    "accepted_moves": 17515,
    "improving_moves": 3425,
    "rejected_window_E_moves": 199579,
    "rejected_window_P_moves": 197000,
    "rejected_window_both_moves": 195257
  },
  "trace_improvements": [
    [
      0,
      7944.5599999999995
    ],
    [
      41,
      7929.07
    ],
    [
      42,
      7824.060000000001
    ],
    [
      43,
      7786.83
    ]
  ]
}