{
  "parameters": {
    "dataset": "app_final_20_medium",
    "t_max": 1000.0,
    "t_min": 10.0,
    "alpha": 0.9,
    "iters_per_T": 10000,
    "neighborhood": "mixed",
    "day_horizon": 600,
    "time_weight": 1.0
  },
  "initial_cost": 3758.7000000000003,
  "best_cost": 3567.4700000000003,
  "improvement_pct": 0.050876632878388804,
  "best_routes": [
    [
      0,
      15,
      5,
      3,
      9,
      10,
      16,
      8,
      6,
      0
    ],
    [
      0,
      17,
      13,
      1,
      11,
      20,
      2,
      19,
      18,
      12,
      14,
      4,
      7,
      0
    ]
  ],
  "metrics_initial": {
    "vehicles_used": 2,
    "total_distance_km": 917.1800000000001,
    "cost_distance": 917.1800000000001,
    "cost_time": 1041.52,
    "vehicle_cost": 1800.0,
    "waiting_E": 211.95,
    "horizon_excess_E": 0.0,
    "makespan_E": 585.08,
    "sum_route_time_E": 1041.52,
    "avg_route_time_E": 520.76
  },
  "metrics_best": {
    "vehicles_used": 2,
    "total_distance_km": 780.1700000000001,
    "cost_distance": 780.1700000000001,
    "cost_time": 987.3,
    "vehicle_cost": 1800.0,
    "waiting_E": 286.18000000000006,
    "horizon_excess_E": 0.0,
    "makespan_E": 582.97,
    "sum_route_time_E": 987.3,
    "avg_route_time_E": 493.65
  },
  "metrics_delta": {
    "vehicles_used": 0,
    "total_distance_km": -137.01,
    "cost_distance": -137.01,
    "cost_time": -54.22000000000003,
    "vehicle_cost": 0.0,
    "waiting_E": 74.23000000000008,
    "horizon_excess_E": 0.0,
    "makespan_E": -2.1100000000000136,
    "sum_route_time_E": -54.22000000000003,
    "avg_route_time_E": -27.110000000000014
  },
  "process": {
    "runtime_seconds": 41.07288885116577,
    "epochs": 44,
    "accepted_moves": 89408,
    "improving_moves": 17333,
    "rejected_window_E_moves": 332849,
    "rejected_window_P_moves": 328322,
    "rejected_window_both_moves": 321383
  },
  "trace_improvements": [
    [
      0,
      3756.87
    ],
    [
      2,
      3744.57
    ],
    [
      3,
      3732.0699999999997
    ],
    [
      5,
      3683.39
    ],
    [
      16,
      3658.67
    ],
    [
      21,
      3622.12
    ],
    [
      26,
      3584.0699999999997
    ],
    [
      30,
      3578.2
    ],
    [
      33,
      3572.8599999999997
    ],
    [
      36,
      3571.2
    ],
    [
      41,
      3567.4700000000003
    ]
  ]
}