{
  "parameters": {
    "dataset": "app_final_200_tight",
    "t_max": 1000.0,
    "t_min": 10.0,
    "alpha": 0.9,
    "iters_per_T": 2000,
    "neighborhood": "mixed",
    "day_horizon": 600,
    "time_weight": 1.0
  },
  "initial_cost": 23984.11,
  "best_cost": 23842.309999999998,
  "improvement_pct": 0.005912247734020687,
  "best_routes": [
    [
      0,
      50,
      176,
      167,
      18,
      42,
      46,
      53,
      197,
      188,
      152,
      96,
      24,
      12,
      7,
      154,
      113,
      158,
      0
    ],
    [
      0,
      58,
      93,
      19,
      126,
      103,
      20,
      10,
      125,
      193,
      63,
      195,
      0
    ],
    [
      0,
      147,
      184,
      94,
      64,
      59,
      75,
      36,
      61,
      198,
      88,
      187,
      104,
      32,
      196,
      100,
      123,
      145,
      60,
      139,
      116,
      0
    ],
    [
      0,
      169,
      191,
      83,
      121,
      138,
      23,
      112,
      177,
      44,
      106,
      81,
      168,
      115,
      135,
      1,
      117,
      0
    ],
    [
      0,
      56,
      67,
      57,
      180,
      134,
      200,
      11,
      155,
      69,
      170,
      71,
      79,
      189,
      62,
      118,
      136,
      51,
      38,
      0
    ],
    [
      0,
      82,
      2,
      159,
      124,
      173,
      74,
      4,
      160,
      109,
      178,
      35,
      120,
      122,
      186,
      70,
      37,
      0
    ],
    [
      0,
      143,
      182,
      190,
      54,
      175,
      22,
      65,
      85,
      140,
      114,
      16,
      105,
      45,
      34,
      78,
      146,
      133,
      0
    ],
    [
      0,
      163,
      164,
      73,
      181,
      132,
      66,
      119,
      76,
      0
    ],
    [
      0,
      172,
      13,
      137,
      162,
      27,
      129,
      130,
      92,
      43,
      149,
      108,
      28,
      21,
      40,
      9,
      151,
      17,
      90,
      8,
      153,
      39,
      0
    ],
    [
      0,
      174,
      5,
      89,
      166,
      98,
      128,
      144,
      194,
      192,
      127,
      95,
      25,
      185,
      107,
      179,
      29,
      86,
      47,
      15,
      0
    ],
    [
      0,
      165,
      148,
      6,
      72,
      101,
      161,
      102,
      48,
      150,
      30,
      26,
      0
    ],
    [
      0,
      171,
      91,
      41,
      14,
      110,
      99,
      157,
      97,
      33,
      156,
      141,
      87,
      0
    ],
    [
      0,
      52,
      183,
      142,
      31,
      49,
      68,
      199,
      80,
      77,
      3,
      131,
      84,
      55,
      111,
      0
    ]
  ],
  "metrics_initial": {
    "vehicles_used": 13,
    "total_distance_km": 6224.23,
    "cost_distance": 6224.23,
    "cost_time": 6059.88,
    "vehicle_cost": 11700.0,
    "waiting_E": 964.6600000000002,
    "horizon_excess_E": 0.0,
    "makespan_E": 582.22,
    "sum_route_time_E": 6059.88,
    "avg_route_time_E": 466.1446153846154
  },
  "metrics_best": {
    "vehicles_used": 13,
    "total_distance_km": 5604.669999999997,
    "cost_distance": 5604.669999999997,
    "cost_time": 6537.64,
    "vehicle_cost": 11700.0,
    "waiting_E": 1881.9000000000008,
    "horizon_excess_E": 0.0,
    "makespan_E": 570.3,
    "sum_route_time_E": 6537.64,
    "avg_route_time_E": 502.8953846153846
  },
  "metrics_delta": {
    "vehicles_used": 0,
    "total_distance_km": -619.5600000000022,
    "cost_distance": -619.5600000000022,
    "cost_time": 477.7600000000002,
    "vehicle_cost": 0.0,
    "waiting_E": 917.2400000000006,
    "horizon_excess_E": 0.0,
    "makespan_E": -11.920000000000073,
    "sum_route_time_E": 477.7600000000002,
    "avg_route_time_E": 36.75076923076921
  },
  "process": {
    "runtime_seconds": 63.94992446899414,
    "epochs": 44,
    "accepted_moves": 10174,
    "improving_moves": 1634,
    "rejected_window_E_moves": 76373,
    "rejected_window_P_moves": 77045,
    "rejected_window_both_moves": 76308
  },
  "trace_improvements": [
    [
      0,
      23984.11
    ],
    [
      42,
      23885.879999999997
    ],
    [
      43,
      23842.309999999998
    ]
  ]
}