{
  "parameters": {
    "dataset": "app_final_20_loose",
    "t_max": 1000.0,
    "t_min": 10.0,
    "alpha": 0.9,
    "iters_per_T": 10000,
    "neighborhood": "mixed",
    "day_horizon": 600,
    "time_weight": 1.0
  },
  "initial_cost": 3225.33,
  "best_cost": 2062.0499999999997,
  "improvement_pct": 0.3606700709694823,
  "best_routes": [
    [
      0,
      6,
      16,
      2,
      11,
      12,
      19,
      17,
      8,
      7,
      18,
      5,
      1,
      4,
      14,
      15,
      3,
      10,
      20,
      9,
      13,
      0
    ]
  ],
  "metrics_initial": {
    "vehicles_used": 2,
    "total_distance_km": 707.16,
    "cost_distance": 707.16,
    "cost_time": 718.17,
    "vehicle_cost": 1800.0,
    "waiting_E": 56.379999999999946,
    "horizon_excess_E": 0.0,
    "makespan_E": 572.16,
    "sum_route_time_E": 718.17,
    "avg_route_time_E": 359.085
  },
  "metrics_best": {
    "vehicles_used": 1,
    "total_distance_km": 585.0099999999999,
    "cost_distance": 585.0099999999999,
    "cost_time": 577.04,
    "vehicle_cost": 900.0,
    "waiting_E": 43.02000000000006,
    "horizon_excess_E": 0.0,
    "makespan_E": 577.04,
    "sum_route_time_E": 577.04,
    "avg_route_time_E": 577.04
  },
  "metrics_delta": {
    "vehicles_used": -1,
    "total_distance_km": -122.15000000000009,
    "cost_distance": -122.15000000000009,
    "cost_time": -141.13,
    "vehicle_cost": -900.0,
    "waiting_E": -13.359999999999886,
    "horizon_excess_E": 0.0,
    "makespan_E": 4.8799999999999955,
    "sum_route_time_E": -141.13,
    "avg_route_time_E": 217.95499999999998
  },
  "process": {
    "runtime_seconds": 42.7334520816803,
    "epochs": 44,
    "accepted_moves": 112102,
    "improving_moves": 30939,
    "rejected_window_E_moves": 305555,
    "rejected_window_P_moves": 296950,
    "rejected_window_both_moves": 288640
  },
  "trace_improvements": [
    [
      0,
      3225.33
    ],
    [
      33,
      2062.0499999999997
    ]
  ]
}