{
  "parameters": {
    "dataset": "app_final_200_very_loose",
    "t_max": 1000.0,
    "t_min": 10.0,
    "alpha": 0.9,
    "iters_per_T": 15000,
    "neighborhood": "mixed",
    "day_horizon": 600,
    "time_weight": 1.0
  },
  "initial_cost": 12312.64,
  "best_cost": 11343.529999999999,
  "improvement_pct": 0.07870854666424103,
  "best_routes": [
    [
      0,
      50,
      107,
      199,
      63,
      142,
      19,
      47,
      110,
      148,
      189,
      75,
      59,
      69,
      85,
      191,
      3,
      57,
      143,
      22,
      84,
      188,
      53,
      49,
      18,
      81,
      56,
      104,
      0
    ],
    [
      0,
      173,
      16,
      190,
      134,
      180,
      170,
      176,
      98,
      174,
      41,
      66,
      42,
      1,
      158,
      109,
      117,
      62,
      152,
      194,
      90,
      7,
      157,
      200,
      145,
      12,
      83,
      65,
      9,
      44,
      0
    ],
    [
      0,
      147,
      29,
      136,
      149,
      89,
      4,
      67,
      46,
      155,
      153,
      2,
      144,
      114,
      37,
      131,
      11,
      138,
      129,
      184,
      165,
      164,
      183,
      196,
      120,
      128,
      88,
      30,
      112,
      171,
      168,
      100,
      103,
      31,
      0
    ],
    [
      0,
      40,
      14,
      43,
      162,
      10,
      111,
      91,
      5,
      77,
      23,
      33,
      82,
      87,
      139,
      73,
      20,
      13,
      92,
      108,
      39,
      118,
      106,
      198,
      93,
      27,
      21,
      102,
      36,
      192,
      133,
      54,
      80,
      58,
      151,
      70,
      161,
      60,
      0
    ],
    [
      0,
      115,
      187,
      25,
      159,
      197,
      166,
      68,
      163,
      150,
      137,
      51,
      28,
      97,
      146,
      122,
      175,
      181,
      101,
      119,
      17,
      123,
      127,
      8,
      186,
      185,
      160,
      116,
      32,
      132,
      156,
      99,
      35,
      24,
      55,
      195,
      193,
      0
    ],
    [
      0,
      126,
      26,
      179,
      48,
      172,
      94,
      76,
      34,
      79,
      125,
      52,
      182,
      169,
      38,
      113,
      71,
      178,
      121,
      105,
      140,
      74,
      130,
      72,
      124,
      96,
      141,
      64,
      154,
      15,
      177,
      6,
      135,
      45,
      61,
      167,
      78,
      95,
      86,
      0
    ]
  ],
  "metrics_initial": {
    "vehicles_used": 6,
    "total_distance_km": 3653.0499999999993,
    "cost_distance": 3653.0499999999993,
    "cost_time": 3259.59,
    "vehicle_cost": 5400.0,
    "waiting_E": 244.29000000000002,
    "horizon_excess_E": 0.0,
    "makespan_E": 598.4,
    "sum_route_time_E": 3259.59,
    "avg_route_time_E": 543.265
  },
  "metrics_best": {
    "vehicles_used": 6,
    "total_distance_km": 3039.7599999999975,
    "cost_distance": 3039.7599999999975,
    "cost_time": 2903.77,
    "vehicle_cost": 5400.0,
    "waiting_E": 336.65000000000003,
    "horizon_excess_E": 0.0,
    "makespan_E": 529.7099999999999,
    "sum_route_time_E": 2903.77,
    "avg_route_time_E": 483.96166666666664
  },
  "metrics_delta": {
    "vehicles_used": 0,
    "total_distance_km": -613.2900000000018,
    "cost_distance": -613.2900000000018,
    "cost_time": -355.82000000000016,
    "vehicle_cost": 0.0,
    "waiting_E": 92.36000000000001,
    "horizon_excess_E": 0.0,
    "makespan_E": -68.69000000000005,
    "sum_route_time_E": -355.82000000000016,
    "avg_route_time_E": -59.30333333333334
  },
  "process": {
    "runtime_seconds": 444.9422879219055,
    "epochs": 44,
    "accepted_moves": 55528,
    "improving_moves": 13383,
    "rejected_window_E_moves": 590038,
    "rejected_window_P_moves": 582381,
    "rejected_window_both_moves": 576331
  },
  "trace_improvements": [
    [
      0,
      12312.64
    ],
    [
      36,
      12291.48
    ],
    [
      39,
      12154.67
    ],
    [
      40,
      11781.619999999999
    ],
    [
      41,
      11542.07
    ],
    [
      42,
      11476.280000000002
    ],
    [
      43,
      11343.529999999999
    ]
  ]
}