{
  "parameters": {
    "dataset": "app_final_200_medium",
    "t_max": 1000.0,
    "t_min": 10.0,
    "alpha": 0.9,
    "iters_per_T": 2000,
    "neighborhood": "mixed",
    "day_horizon": 600,
    "time_weight": 1.0
  },
  "initial_cost": 16855.43,
  "best_cost": 16416.39,
  "improvement_pct": 0.026047392442672828,
  "best_routes": [
    [
      0,
      192,
      184,
      73,
      34,
      28,
      94,
      4,
      58,
      76,
      139,
      82,
      196,
      66,
      136,
      126,
      127,
      7,
      5,
      113,
      55,
      39,
      22,
      147,
      151,
      193,
      0
    ],
    [
      0,
      10,
      138,
      141,
      41,
      179,
      2,
      123,
      188,
      70,
      157,
      150,
      48,
      186,
      119,
      51,
      1,
      12,
      131,
      181,
      21,
      98,
      153,
      29,
      24,
      112,
      128,
      160,
      20,
      47,
      45,
      0
    ],
    [
      0,
      174,
      197,
      8,
      118,
      114,
      61,
      133,
      14,
      187,
      152,
      33,
      35,
      32,
      125,
      140,
      79,
      194,
      124,
      156,
      168,
      108,
      59,
      199,
      72,
      103,
      149,
      53,
      25,
      46,
      154,
      164,
      0
    ],
    [
      0,
      185,
      111,
      180,
      83,
      134,
      77,
      146,
      104,
      121,
      99,
      183,
      137,
      81,
      155,
      159,
      87,
      49,
      57,
      40,
      18,
      60,
      69,
      75,
      9,
      0
    ],
    [
      0,
      171,
      65,
      182,
      26,
      64,
      143,
      135,
      6,
      23,
      190,
      116,
      132,
      200,
      13,
      120,
      19,
      37,
      109,
      85,
      38,
      42,
      0
    ],
    [
      0,
      173,
      130,
      122,
      117,
      142,
      145,
      165,
      27,
      80,
      161,
      44,
      84,
      96,
      107,
      68,
      56,
      95,
      11,
      105,
      50,
      91,
      92,
      191,
      0
    ],
    [
      0,
      86,
      166,
      195,
      100,
      67,
      115,
      43,
      30,
      54,
      52,
      158,
      129,
      148,
      175,
      101,
      172,
      71,
      31,
      93,
      106,
      169,
      178,
      78,
      17,
      144,
      62,
      97,
      0
    ],
    [
      0,
      177,
      36,
      102,
      15,
      176,
      162,
      88,
      170,
      3,
      163,
      16,
      74,
      189,
      198,
      63,
      89,
      167,
      90,
      110,
      0
    ]
  ],
  "metrics_initial": {
    "vehicles_used": 8,
    "total_distance_km": 5197.43,
    "cost_distance": 5197.43,
    "cost_time": 4458.0,
    "vehicle_cost": 7200.0,
    "waiting_E": 506.91999999999996,
    "horizon_excess_E": 0.0,
    "makespan_E": 597.09,
    "sum_route_time_E": 4458.0,
    "avg_route_time_E": 557.25
  },
  "metrics_best": {
    "vehicles_used": 8,
    "total_distance_km": 4910.669999999999,
    "cost_distance": 4910.669999999999,
    "cost_time": 4305.72,
    "vehicle_cost": 7200.0,
    "waiting_E": 469.6000000000002,
    "horizon_excess_E": 0.0,
    "makespan_E": 572.3499999999999,
    "sum_route_time_E": 4305.72,
    "avg_route_time_E": 538.215
  },
  "metrics_delta": {
    "vehicles_used": 0,
    "total_distance_km": -286.7600000000011,
    "cost_distance": -286.7600000000011,
    "cost_time": -152.27999999999975,
    "vehicle_cost": 0.0,
    "waiting_E": -37.319999999999766,
    "horizon_excess_E": 0.0,
    "makespan_E": -24.740000000000123,
    "sum_route_time_E": -152.27999999999975,
    "avg_route_time_E": -19.034999999999968
  },
  "process": {
    "runtime_seconds": 56.89080834388733,
    "epochs": 44,
    "accepted_moves": 7920,
    "improving_moves": 1523,
    "rejected_window_E_moves": 78782,
    "rejected_window_P_moves": 78209,
    "rejected_window_both_moves": 77468
  },
  "trace_improvements": [
    [
      0,
      16855.43
    ],
    [
      38,
      16841.23
    ],
    [
      40,
      16690.989999999998
    ],
    [
      41,
      16602.61
    ],
    [
      42,
      16472.659999999996
    ],
    [
      43,
      16416.39
    ]
  ]
}