{
  "parameters": {
    "dataset": "app_final_120_medium",
    "t_max": 1000.0,
    "t_min": 10.0,
    "alpha": 0.9,
    "iters_per_T": 1000,
    "neighborhood": "mixed",
    "day_horizon": 600,
    "time_weight": 1.0
  },
  "initial_cost": 13892.869999999999,
  "best_cost": 12907.84,
  "improvement_pct": 0.07090183669752895,
  "best_routes": [
    [
      0,
      56,
      73,
      28,
      10,
      43,
      105,
      81,
      79,
      35,
      104,
      17,
      91,
      67,
      0
    ],
    [
      0,
      2,
      117,
      54,
      78,
      26,
      37,
      34,
      100,
      0
    ],
    [
      0,
      29,
      106,
      25,
      88,
      31,
      62,
      57,
      38,
      60,
      85,
      12,
      109,
      22,
      119,
      44,
      49,
      86,
      30,
      80,
      39,
      116,
      0
    ],
    [
      0,
      82,
      51,
      71,
      87,
      114,
      5,
      9,
      70,
      93,
      111,
      83,
      36,
      89,
      1,
      18,
      94,
      84,
      65,
      107,
      24,
      0
    ],
    [
      0,
      74,
      97,
      66,
      115,
      3,
      8,
      32,
      118,
      15,
      92,
      6,
      120,
      16,
      95,
      14,
      72,
      63,
      110,
      69,
      113,
      103,
      55,
      0
    ],
    [
      0,
      53,
      7,
      108,
      50,
      48,
      13,
      61,
      112,
      42,
      98,
      4,
      101,
      20,
      41,
      46,
      23,
      68,
      76,
      0
    ],
    [
      0,
      102,
      45,
      52,
      96,
      90,
      59,
      64,
      40,
      19,
      58,
      47,
      21,
      77,
      11,
      33,
      27,
      99,
      75,
      0
    ]
  ],
  "metrics_initial": {
    "vehicles_used": 7,
    "total_distance_km": 3814.1899999999996,
    "cost_distance": 3814.1899999999996,
    "cost_time": 3778.6800000000003,
    "vehicle_cost": 6300.0,
    "waiting_E": 367.19000000000005,
    "horizon_excess_E": 0.0,
    "makespan_E": 585.98,
    "sum_route_time_E": 3778.6800000000003,
    "avg_route_time_E": 539.8114285714286
  },
  "metrics_best": {
    "vehicles_used": 7,
    "total_distance_km": 3126.7999999999993,
    "cost_distance": 3126.7999999999993,
    "cost_time": 3481.04,
    "vehicle_cost": 6300.0,
    "waiting_E": 639.74,
    "horizon_excess_E": 0.0,
    "makespan_E": 576.11,
    "sum_route_time_E": 3481.04,
    "avg_route_time_E": 497.2914285714286
  },
  "metrics_delta": {
    "vehicles_used": 0,
    "total_distance_km": -687.3900000000003,
    "cost_distance": -687.3900000000003,
    "cost_time": -297.6400000000003,
    "vehicle_cost": 0.0,
    "waiting_E": 272.54999999999995,
    "horizon_excess_E": 0.0,
    "makespan_E": -9.870000000000005,
    "sum_route_time_E": -297.6400000000003,
    "avg_route_time_E": -42.51999999999998
  },
  "process": {
    "runtime_seconds": 16.971545219421387,
    "epochs": 44,
    "accepted_moves": 5169,
    "improving_moves": 907,
    "rejected_window_E_moves": 37672,
    "rejected_window_P_moves": 37655,
    "rejected_window_both_moves": 37095
  },
  "trace_improvements": [
    [
      0,
      13892.869999999999
    ],
    [
      33,
      13764.5
    ],
    [
      34,
      13649.37
    ],
    [
      35,
      13583.769999999999
    ],
    [
      36,
      13519.26
    ],
    [
      37,
      13467.670000000002
    ],
    [
      38,
      13280.88
    ],
    [
      39,
      13238.52
    ],
    [
      40,
      13185.909999999998
    ],
    [
      41,
      13113.099999999999
    ],
    [
      42,
      12923.91
    ],
    [
      43,
      12907.84
    ]
  ]
}