{
  "parameters": {
    "dataset": "app_final_120_very_loose",
    "t_max": 1000.0,
    "t_min": 10.0,
    "alpha": 0.9,
    "iters_per_T": 15000,
    "neighborhood": "mixed",
    "day_horizon": 600,
    "time_weight": 1.0
  },
  "initial_cost": 9577.64,
  "best_cost": 8891.86,
  "improvement_pct": 0.07160219010111038,
  "best_routes": [
    [
      0,
      3,
      74,
      99,
      63,
      20,
      101,
      73,
      103,
      33,
      22,
      58,
      59,
      43,
      50,
      55,
      39,
      49,
      98,
      35,
      51,
      6,
      77,
      48,
      15,
      19,
      90,
      53,
      85,
      0
    ],
    [
      0,
      119,
      92,
      102,
      84,
      96,
      64,
      10,
      68,
      71,
      8,
      54,
      113,
      67,
      82,
      38,
      47,
      94,
      106,
      28,
      9,
      86,
      46,
      78,
      76,
      93,
      56,
      40,
      0
    ],
    [
      0,
      116,
      111,
      104,
      17,
      70,
      62,
      14,
      18,
      23,
      37,
      105,
      65,
      114,
      118,
      60,
      27,
      81,
      69,
      95,
      24,
      88,
      61,
      87,
      0
    ],
    [
      0,
      117,
      26,
      36,
      57,
      112,
      115,
      120,
      7,
      80,
      107,
      12,
      5,
      41,
      32,
      100,
      108,
      1,
      45,
      66,
      0
    ],
    [
      0,
      89,
      4,
      34,
      83,
      31,
      97,
      75,
      109,
      11,
      25,
      91,
      2,
      110,
      44,
      29,
      13,
      72,
      30,
      21,
      16,
      42,
      79,
      52,
      0
    ]
  ],
  "metrics_initial": {
    "vehicles_used": 5,
    "total_distance_km": 2635.55,
    "cost_distance": 2635.55,
    "cost_time": 2442.09,
    "vehicle_cost": 4500.0,
    "waiting_E": 92.49000000000004,
    "horizon_excess_E": 0.0,
    "makespan_E": 595.2700000000001,
    "sum_route_time_E": 2442.09,
    "avg_route_time_E": 488.418
  },
  "metrics_best": {
    "vehicles_used": 5,
    "total_distance_km": 2140.43,
    "cost_distance": 2140.43,
    "cost_time": 2251.4300000000003,
    "vehicle_cost": 4500.0,
    "waiting_E": 288.0399999999999,
    "horizon_excess_E": 0.0,
    "makespan_E": 528.01,
    "sum_route_time_E": 2251.4300000000003,
    "avg_route_time_E": 450.28600000000006
  },
  "metrics_delta": {
    "vehicles_used": 0,
    "total_distance_km": -495.12000000000035,
    "cost_distance": -495.12000000000035,
    "cost_time": -190.65999999999985,
    "vehicle_cost": 0.0,
    "waiting_E": 195.54999999999987,
    "horizon_excess_E": 0.0,
    "makespan_E": -67.2600000000001,
    "sum_route_time_E": -190.65999999999985,
    "avg_route_time_E": -38.13199999999995
  },
  "process": {
    "runtime_seconds": 261.7813141345978,
    "epochs": 44,
    "accepted_moves": 76910,
    "improving_moves": 19750,
    "rejected_window_E_moves": 556912,
    "rejected_window_P_moves": 549357,
    "rejected_window_both_moves": 540437
  },
  "trace_improvements": [
    [
      0,
      9577.64
    ],
    [
      35,
      9427.710000000001
    ],
    [
      36,
      9411.590000000004
    ],
    [
      39,
      9138.88
    ],
    [
      41,
      9011.02
    ],
    [
      42,
      8978.55
    ],
    [
      43,
      8891.86
    ]
  ]
}