{
  "parameters": {
    "dataset": "app_final_40_very_loose",
    "t_max": 1000.0,
    "t_min": 10.0,
    "alpha": 0.9,
    "iters_per_T": 10000,
    "neighborhood": "mixed",
    "day_horizon": 600,
    "time_weight": 1.0
  },
  "initial_cost": 4057.98,
  "best_cost": 3548.42,
  "improvement_pct": 0.12556986480958504,
  "best_routes": [
    [
      0,
      5,
      6,
      20,
      31,
      24,
      3,
      21,
      23,
      22,
      36,
      10,
      2,
      17,
      7,
      16,
      29,
      19,
      4,
      28,
      27,
      37,
      0
    ],
    [
      0,
      14,
      39,
      32,
      8,
      12,
      9,
      13,
      11,
      34,
      30,
      15,
      1,
      18,
      26,
      35,
      33,
      38,
      40,
      25,
      0
    ]
  ],
  "metrics_initial": {
    "vehicles_used": 2,
    "total_distance_km": 1132.81,
    "cost_distance": 1132.81,
    "cost_time": 1125.17,
    "vehicle_cost": 1800.0,
    "waiting_E": 120.92999999999999,
    "horizon_excess_E": 0.0,
    "makespan_E": 578.77,
    "sum_route_time_E": 1125.17,
    "avg_route_time_E": 562.585
  },
  "metrics_best": {
    "vehicles_used": 2,
    "total_distance_km": 786.8499999999998,
    "cost_distance": 786.8499999999998,
    "cost_time": 961.5699999999999,
    "vehicle_cost": 1800.0,
    "waiting_E": 245.27999999999997,
    "horizon_excess_E": 0.0,
    "makespan_E": 553.8,
    "sum_route_time_E": 961.5699999999999,
    "avg_route_time_E": 480.78499999999997
  },
  "metrics_delta": {
    "vehicles_used": 0,
    "total_distance_km": -345.96000000000015,
    "cost_distance": -345.96000000000015,
    "cost_time": -163.60000000000014,
    "vehicle_cost": 0.0,
    "waiting_E": 124.34999999999998,
    "horizon_excess_E": 0.0,
    "makespan_E": -24.970000000000027,
    "sum_route_time_E": -163.60000000000014,
    "avg_route_time_E": -81.80000000000007
  },
  "process": {
    "runtime_seconds": 61.19361186027527,
    "epochs": 44,
    "accepted_moves": 64800,
    "improving_moves": 16792,
    "rejected_window_E_moves": 357629,
    "rejected_window_P_moves": 348744,
    "rejected_window_both_moves": 342143
  },
  "trace_improvements": [
    [
      0,
      4020.96
    ],
    [
      2,
      4003.1200000000003
    ],
    [
      8,
      3996.1500000000005
    ],
    [
      9,
      3899.1600000000003
    ],
    [
      25,
      3881.4199999999996
    ],
    [
      26,
      3875.66
    ],
    [
      31,
      3778.95
    ],
    [
      34,
      3651.81
    ],
    [
      43,
      3548.42
    ]
  ]
}