{
  "parameters": {
    "dataset": "app_final_80_medium",
    "t_max": 1000.0,
    "t_min": 10.0,
    "alpha": 0.9,
    "iters_per_T": 15000,
    "neighborhood": "mixed",
    "day_horizon": 600,
    "time_weight": 1.0
  },
  "initial_cost": 9712.71,
  "best_cost": 7310.450000000001,
  "improvement_pct": 0.24733158922689946,
  "best_routes": [
    [
      0,
      44,
      50,
      2,
      74,
      8,
      66,
      71,
      75,
      76,
      37,
      38,
      23,
      1,
      32,
      60,
      40,
      19,
      6,
      55,
      3,
      0
    ],
    [
      0,
      14,
      27,
      79,
      56,
      54,
      15,
      9,
      20,
      70,
      68,
      45,
      16,
      0
    ],
    [
      0,
      41,
      18,
      13,
      77,
      21,
      25,
      26,
      63,
      62,
      30,
      80,
      34,
      67,
      52,
      35,
      29,
      61,
      72,
      64,
      69,
      73,
      31,
      11,
      12,
      49,
      0
    ],
    [
      0,
      43,
      28,
      36,
      39,
      22,
      7,
      47,
      10,
      57,
      59,
      24,
      5,
      58,
      53,
      48,
      17,
      33,
      46,
      51,
      42,
      78,
      65,
      4,
      0
    ]
  ],
  "metrics_initial": {
    "vehicles_used": 5,
    "total_distance_km": 2720.8299999999995,
    "cost_distance": 2720.8299999999995,
    "cost_time": 2491.88,
    "vehicle_cost": 4500.0,
    "waiting_E": 97.90999999999991,
    "horizon_excess_E": 0.0,
    "makespan_E": 588.62,
    "sum_route_time_E": 2491.88,
    "avg_route_time_E": 498.37600000000003
  },
  "metrics_best": {
    "vehicles_used": 4,
    "total_distance_km": 1800.2499999999998,
    "cost_distance": 1800.2499999999998,
    "cost_time": 1910.2000000000003,
    "vehicle_cost": 3600.0,
    "waiting_E": 296.37,
    "horizon_excess_E": 0.0,
    "makespan_E": 596.4900000000001,
    "sum_route_time_E": 1910.2000000000003,
    "avg_route_time_E": 477.55000000000007
  },
  "metrics_delta": {
    "vehicles_used": -1,
    "total_distance_km": -920.5799999999997,
    "cost_distance": -920.5799999999997,
    "cost_time": -581.6799999999998,
    "vehicle_cost": -900.0,
    "waiting_E": 198.4600000000001,
    "horizon_excess_E": 0.0,
    "makespan_E": 7.870000000000118,
    "sum_route_time_E": -581.6799999999998,
    "avg_route_time_E": -20.825999999999965
  },
  "process": {
    "runtime_seconds": 176.98595762252808,
    "epochs": 44,
    "accepted_moves": 85800,
    "improving_moves": 16889,
    "rejected_window_E_moves": 557895,
    "rejected_window_P_moves": 559187,
    "rejected_window_both_moves": 551981
  },
  "trace_improvements": [
    [
      0,
      9710.55
    ],
    [
      24,
      9636.849999999999
    ],
    [
      26,
      9489.150000000001
    ],
    [
      32,
      9443.019999999999
    ],
    [
      35,
      9303.23
    ],
    [
      36,
      9213.679999999998
    ],
    [
      37,
      9083.5
    ],
    [
      38,
      8833.91
    ],
    [
      39,
      7432.200000000001
    ],
    [
      40,
      7343.46
    ],
    [
      41,
      7331.0
    ],
    [
      42,
      7310.450000000001
    ]
  ]
}