{
  "parameters": {
    "dataset": "app_final_80_tight",
    "t_max": 1000.0,
    "t_min": 10.0,
    "alpha": 0.9,
    "iters_per_T": 10000,
    "neighborhood": "mixed",
    "day_horizon": 600,
    "time_weight": 1.0
  },
  "initial_cost": 11626.3,
  "best_cost": 10463.72,
  "improvement_pct": 0.09999569940565786,
  "best_routes": [
    [
      0,
      48,
      68,
      8,
      51,
      71,
      30,
      47,
      44,
      53,
      38,
      0
    ],
    [
      0,
      34,
      50,
      13,
      5,
      35,
      52,
      0
    ],
    [
      0,
      17,
      31,
      15,
      56,
      16,
      23,
      79,
      10,
      25,
      78,
      46,
      76,
      1,
      63,
      65,
      0
    ],
    [
      0,
      21,
      4,
      22,
      20,
      54,
      29,
      61,
      59,
      41,
      74,
      39,
      64,
      27,
      37,
      75,
      69,
      70,
      0
    ],
    [
      0,
      18,
      6,
      62,
      33,
      40,
      45,
      43,
      7,
      60,
      73,
      77,
      57,
      49,
      11,
      9,
      80,
      0
    ],
    [
      0,
      72,
      26,
      36,
      66,
      2,
      28,
      55,
      14,
      42,
      24,
      3,
      58,
      19,
      32,
      12,
      67,
      0
    ]
  ],
  "metrics_initial": {
    "vehicles_used": 6,
    "total_distance_km": 2998.07,
    "cost_distance": 2998.07,
    "cost_time": 3228.2300000000005,
    "vehicle_cost": 5400.0,
    "waiting_E": 485.42,
    "horizon_excess_E": 0.0,
    "makespan_E": 597.35,
    "sum_route_time_E": 3228.2300000000005,
    "avg_route_time_E": 538.0383333333334
  },
  "metrics_best": {
    "vehicles_used": 6,
    "total_distance_km": 2225.2699999999995,
    "cost_distance": 2225.2699999999995,
    "cost_time": 2838.4500000000003,
    "vehicle_cost": 5400.0,
    "waiting_E": 800.8499999999998,
    "horizon_excess_E": 0.0,
    "makespan_E": 599.6300000000001,
    "sum_route_time_E": 2838.4500000000003,
    "avg_route_time_E": 473.07500000000005
  },
  "metrics_delta": {
    "vehicles_used": 0,
    "total_distance_km": -772.8000000000006,
    "cost_distance": -772.8000000000006,
    "cost_time": -389.7800000000002,
    "vehicle_cost": 0.0,
    "waiting_E": 315.4299999999998,
    "horizon_excess_E": 0.0,
    "makespan_E": 2.2800000000000864,
    "sum_route_time_E": -389.7800000000002,
    "avg_route_time_E": -64.96333333333337
  },
  "process": {
    "runtime_seconds": 122.44279050827026,
    "epochs": 44,
    "accepted_moves": 53040,
    "improving_moves": 6787,
    "rejected_window_E_moves": 379770,
    "rejected_window_P_moves": 382511,
    "rejected_window_both_moves": 378599
  },
  "trace_improvements": [
    [
      0,
      11606.37
    ],
    [
      2,
      11465.92
    ],
    [
      7,
      11369.119999999999
    ],
    [
      8,
      11332.51
    ],
    [
      16,
      11325.449999999999
    ],
    [
      28,
      11257.93
    ],
    [
      30,
      11226.84
    ],
    [
      31,
      11036.08
    ],
    [
      32,
      11004.57
    ],
    [
      33,
      10990.65
    ],
    [
      34,
      10984.630000000001
    ],
    [
      35,
      10721.66
    ],
    [
      40,
      10638.68
    ],
    [
      42,
      10595.529999999999
    ],
    [
      43,
      10463.72
    ]
  ]
}