{
  "parameters": {
    "dataset": "app_final_200_very_loose",
    "t_max": 1000.0,
    "t_min": 10.0,
    "alpha": 0.9,
    "iters_per_T": 2000,
    "neighborhood": "mixed",
    "day_horizon": 600,
    "time_weight": 1.0
  },
  "initial_cost": 12312.64,
  "best_cost": 12312.64,
  "improvement_pct": 0.0,
  "best_routes": [
    [
      0,
      27,
      137,
      150,
      117,
      163,
      166,
      197,
      199,
      68,
      194,
      159,
      25,
      198,
      65,
      50,
      126,
      91,
      179,
      77,
      168,
      3,
      59,
      110,
      47,
      82,
      87,
      19,
      45,
      61,
      167,
      78,
      115,
      31,
      4,
      56,
      55,
      24,
      99,
      114,
      196,
      165,
      184,
      49,
      18,
      53,
      188,
      30,
      143,
      81,
      181,
      36,
      102,
      0
    ],
    [
      0,
      93,
      147,
      29,
      26,
      142,
      107,
      97,
      28,
      187,
      174,
      54,
      170,
      134,
      122,
      175,
      190,
      101,
      119,
      116,
      185,
      8,
      34,
      144,
      2,
      79,
      125,
      100,
      171,
      57,
      38,
      64,
      23,
      121,
      178,
      130,
      72,
      157,
      90,
      86,
      21,
      80,
      58,
      0
    ],
    [
      0,
      5,
      69,
      182,
      88,
      52,
      128,
      120,
      94,
      76,
      11,
      37,
      153,
      131,
      32,
      156,
      132,
      127,
      123,
      186,
      40,
      195,
      89,
      15,
      139,
      105,
      124,
      96,
      141,
      191,
      112,
      106,
      118,
      95,
      66,
      109,
      1,
      41,
      44,
      9,
      193,
      35,
      0
    ],
    [
      0,
      16,
      162,
      67,
      84,
      22,
      149,
      111,
      48,
      155,
      183,
      129,
      164,
      138,
      172,
      154,
      33,
      113,
      85,
      169,
      148,
      74,
      140,
      63,
      6,
      135,
      13,
      145,
      12,
      62,
      152,
      39,
      83,
      60,
      70,
      192,
      46,
      160,
      17,
      161,
      0
    ],
    [
      0,
      14,
      173,
      176,
      98,
      42,
      158,
      51,
      10,
      103,
      189,
      75,
      136,
      71,
      73,
      20,
      200,
      177,
      43,
      151,
      180,
      146,
      108,
      0
    ],
    [
      0,
      133,
      7,
      92,
      104,
      0
    ]
  ],
  "metrics_initial": {
    "vehicles_used": 6,
    "total_distance_km": 3653.0499999999993,
    "cost_distance": 3653.0499999999993,
    "cost_time": 3259.59,
    "vehicle_cost": 5400.0,
    "waiting_E": 244.29000000000002,
    "horizon_excess_E": 0.0,
    "makespan_E": 598.4,
    "sum_route_time_E": 3259.59,
    "avg_route_time_E": 543.265
  },
  "metrics_best": {
    "vehicles_used": 6,
    "total_distance_km": 3653.0499999999993,
    "cost_distance": 3653.0499999999993,
    "cost_time": 3259.59,
    "vehicle_cost": 5400.0,
    "waiting_E": 244.29000000000002,
    "horizon_excess_E": 0.0,
    "makespan_E": 598.4,
    "sum_route_time_E": 3259.59,
    "avg_route_time_E": 543.265
  },
  "metrics_delta": {
    "vehicles_used": 0,
    "total_distance_km": 0.0,
    "cost_distance": 0.0,
    "cost_time": 0.0,
    "vehicle_cost": 0.0,
    "waiting_E": 0.0,
    "horizon_excess_E": 0.0,
    "makespan_E": 0.0,
    "sum_route_time_E": 0.0,
    "avg_route_time_E": 0.0
  },
  "process": {
    "runtime_seconds": 47.96149444580078,
    "epochs": 44,
    "accepted_moves": 6414,
    "improving_moves": 1230,
    "rejected_window_E_moves": 80319,
    "rejected_window_P_moves": 79167,
    "rejected_window_both_moves": 78293
  },
  "trace_improvements": [
    [
      0,
      12312.64
    ]
  ]
}