{
  "parameters": {
    "dataset": "app_final_40_medium",
    "t_max": 1000.0,
    "t_min": 10.0,
    "alpha": 0.9,
    "iters_per_T": 1000,
    "neighborhood": "mixed",
    "day_horizon": 600,
    "time_weight": 1.0
  },
  "initial_cost": 6085.45,
  "best_cost": 5444.5599999999995,
  "improvement_pct": 0.10531513692496042,
  "best_routes": [
    [
      0,
      11,
      5,
      17,
      37,
      39,
      12,
      7,
      23,
      6,
      24,
      13,
      40,
      3,
      28,
      38,
      8,
      22,
      26,
      21,
      9,
      0
    ],
    [
      0,
      16,
      35,
      32,
      30,
      29,
      20,
      18,
      10,
      14,
      0
    ],
    [
      0,
      27,
      33,
      1,
      36,
      4,
      34,
      31,
      25,
      2,
      15,
      19,
      0
    ]
  ],
  "metrics_initial": {
    "vehicles_used": 3,
    "total_distance_km": 1722.8400000000004,
    "cost_distance": 1722.8400000000004,
    "cost_time": 1662.61,
    "vehicle_cost": 2700.0,
    "waiting_E": 126.65,
    "horizon_excess_E": 0.0,
    "makespan_E": 589.23,
    "sum_route_time_E": 1662.61,
    "avg_route_time_E": 554.2033333333333
  },
  "metrics_best": {
    "vehicles_used": 3,
    "total_distance_km": 1309.0000000000002,
    "cost_distance": 1309.0000000000002,
    "cost_time": 1435.56,
    "vehicle_cost": 2700.0,
    "waiting_E": 245.43000000000004,
    "horizon_excess_E": 0.0,
    "makespan_E": 544.36,
    "sum_route_time_E": 1435.56,
    "avg_route_time_E": 478.52
  },
  "metrics_delta": {
    "vehicles_used": 0,
    "total_distance_km": -413.84000000000015,
    "cost_distance": -413.84000000000015,
    "cost_time": -227.04999999999995,
    "vehicle_cost": 0.0,
    "waiting_E": 118.78000000000003,
    "horizon_excess_E": 0.0,
    "makespan_E": -44.870000000000005,
    "sum_route_time_E": -227.04999999999995,
    "avg_route_time_E": -75.68333333333328
  },
  "process": {
    "runtime_seconds": 6.945135831832886,
    "epochs": 44,
    "accepted_moves": 6541,
    "improving_moves": 1186,
    "rejected_window_E_moves": 36004,
    "rejected_window_P_moves": 36193,
    "rejected_window_both_moves": 35552
  },
  "trace_improvements": [
    [
      0,
      6065.55
    ],
    [
      1,
      6053.52
    ],
    [
      2,
      5954.8
    ],
    [
      7,
      5954.5199999999995
    ],
    [
      11,
      5938.86
    ],
    [
      12,
      5929.0199999999995
    ],
    [
      15,
      5885.3099999999995
    ],
    [
      26,
      5884.36
    ],
    [
      27,
      5848.32
    ],
    [
      28,
      5817.210000000001
    ],
    [
      31,
      5808.14
    ],
    [
      32,
      5753.370000000001
    ],
    [
      33,
      5685.599999999999
    ],
    [
      37,
      5608.2
    ],
    [
      38,
      5578.25
    ],
    [
      39,
      5534.75
    ],
    [
      42,
      5459.110000000001
    ],
    [
      43,
      5444.5599999999995
    ]
  ]
}