{
  "parameters": {
    "dataset": "app_final_80_tight",
    "t_max": 1000.0,
    "t_min": 10.0,
    "alpha": 0.9,
    "iters_per_T": 5000,
    "neighborhood": "mixed",
    "day_horizon": 600,
    "time_weight": 1.0
  },
  "initial_cost": 11626.3,
  "best_cost": 9203.16,
  "improvement_pct": 0.20841884348416947,
  "best_routes": [
    [
      0,
      33,
      62,
      40,
      43,
      13,
      60,
      16,
      23,
      79,
      25,
      61,
      76,
      1,
      63,
      9,
      80,
      0
    ],
    [
      0,
      20,
      34,
      56,
      17,
      15,
      31,
      52,
      35,
      5,
      7,
      73,
      77,
      57,
      65,
      49,
      11,
      12,
      0
    ],
    [
      0,
      36,
      26,
      72,
      2,
      66,
      28,
      55,
      22,
      48,
      10,
      68,
      42,
      24,
      3,
      58,
      19,
      32,
      67,
      0
    ],
    [
      0,
      21,
      4,
      14,
      78,
      46,
      30,
      71,
      44,
      47,
      53,
      38,
      0
    ],
    [
      0,
      18,
      50,
      45,
      6,
      54,
      29,
      8,
      51,
      59,
      41,
      74,
      39,
      64,
      27,
      37,
      75,
      69,
      70,
      0
    ]
  ],
  "metrics_initial": {
    "vehicles_used": 6,
    "total_distance_km": 2998.07,
    "cost_distance": 2998.07,
    "cost_time": 3228.2300000000005,
    "vehicle_cost": 5400.0,
    "waiting_E": 485.42,
    "horizon_excess_E": 0.0,
    "makespan_E": 597.35,
    "sum_route_time_E": 3228.2300000000005,
    "avg_route_time_E": 538.0383333333334
  },
  "metrics_best": {
    "vehicles_used": 5,
    "total_distance_km": 2161.7,
    "cost_distance": 2161.7,
    "cost_time": 2541.46,
    "vehicle_cost": 4500.0,
    "waiting_E": 573.8100000000002,
    "horizon_excess_E": 0.0,
    "makespan_E": 599.6300000000001,
    "sum_route_time_E": 2541.46,
    "avg_route_time_E": 508.29200000000003
  },
  "metrics_delta": {
    "vehicles_used": -1,
    "total_distance_km": -836.3700000000003,
    "cost_distance": -836.3700000000003,
    "cost_time": -686.7700000000004,
    "vehicle_cost": -900.0,
    "waiting_E": 88.39000000000016,
    "horizon_excess_E": 0.0,
    "makespan_E": 2.2800000000000864,
    "sum_route_time_E": -686.7700000000004,
    "avg_route_time_E": -29.746333333333382
  },
  "process": {
    "runtime_seconds": 61.58431601524353,
    "epochs": 44,
    "accepted_moves": 25810,
    "improving_moves": 2939,
    "rejected_window_E_moves": 190712,
    "rejected_window_P_moves": 191904,
    "rejected_window_both_moves": 190066
  },
  "trace_improvements": [
    [
      0,
      11612.17
    ],
    [
      20,
      11550.679999999998
    ],
    [
      22,
      11523.259999999998
    ],
    [
      24,
      11463.880000000001
    ],
    [
      29,
      11369.69
    ],
    [
      30,
      11352.400000000001
    ],
    [
      31,
      11271.429999999998
    ],
    [
      32,
      11261.859999999999
    ],
    [
      33,
      11187.93
    ],
    [
      34,
      11123.65
    ],
    [
      35,
      11080.02
    ],
    [
      36,
      10929.61
    ],
    [
      37,
      10766.880000000001
    ],
    [
      38,
      10657.39
    ],
    [
      39,
      10562.52
    ],
    [
      40,
      10558.91
    ],
    [
      41,
      10476.490000000002
    ],
    [
      42,
      9271.34
    ],
    [
      43,
      9203.16
    ]
  ]
}