{
  "parameters": {
    "dataset": "app_final_20_very_loose",
    "t_max": 1000.0,
    "t_min": 10.0,
    "alpha": 0.9,
    "iters_per_T": 2000,
    "neighborhood": "mixed",
    "day_horizon": 600,
    "time_weight": 1.0
  },
  "initial_cost": 3222.19,
  "best_cost": 3063.2,
  "improvement_pct": 0.049342217560106705,
  "best_routes": [
    [
      0,
      15,
      10,
      9,
      2,
      19,
      13,
      7,
      17,
      11,
      12,
      6,
      20,
      0
    ],
    [
      0,
      18,
      5,
      1,
      3,
      4,
      8,
      14,
      16,
      0
    ]
  ],
  "metrics_initial": {
    "vehicles_used": 2,
    "total_distance_km": 649.4700000000001,
    "cost_distance": 649.4700000000001,
    "cost_time": 772.7199999999999,
    "vehicle_cost": 1800.0,
    "waiting_E": 192.59,
    "horizon_excess_E": 0.0,
    "makespan_E": 413.61999999999995,
    "sum_route_time_E": 772.7199999999999,
    "avg_route_time_E": 386.35999999999996
  },
  "metrics_best": {
    "vehicles_used": 2,
    "total_distance_km": 585.9200000000001,
    "cost_distance": 585.9200000000001,
    "cost_time": 677.28,
    "vehicle_cost": 1800.0,
    "waiting_E": 113.43000000000005,
    "horizon_excess_E": 0.0,
    "makespan_E": 342.14000000000004,
    "sum_route_time_E": 677.28,
    "avg_route_time_E": 338.64
  },
  "metrics_delta": {
    "vehicles_used": 0,
    "total_distance_km": -63.55000000000007,
    "cost_distance": -63.55000000000007,
    "cost_time": -95.43999999999994,
    "vehicle_cost": 0.0,
    "waiting_E": -79.15999999999995,
    "horizon_excess_E": 0.0,
    "makespan_E": -71.4799999999999,
    "sum_route_time_E": -95.43999999999994,
    "avg_route_time_E": -47.71999999999997
  },
  "process": {
    "runtime_seconds": 9.402069568634033,
    "epochs": 44,
    "accepted_moves": 26058,
    "improving_moves": 7688,
    "rejected_window_E_moves": 47631,
    "rejected_window_P_moves": 49375,
    "rejected_window_both_moves": 46472
  },
  "trace_improvements": [
    [
      0,
      3222.19
    ],
    [
      28,
      3202.6400000000003
    ],
    [
      29,
      3186.87
    ],
    [
      32,
      3094.1200000000003
    ],
    [
      35,
      3069.8600000000006
    ],
    [
      40,
      3065.9700000000003
    ],
    [
      41,
      3064.9700000000003
    ],
    [
      43,
      3063.2
    ]
  ]
}