{
  "parameters": {
    "dataset": "app_final_80_loose",
    "t_max": 1000.0,
    "t_min": 10.0,
    "alpha": 0.9,
    "iters_per_T": 10000,
    "neighborhood": "mixed",
    "day_horizon": 600,
    "time_weight": 1.0
  },
  "initial_cost": 6387.089999999999,
  "best_cost": 5766.549999999999,
  "improvement_pct": 0.09715535556881147,
  "best_routes": [
    [
      0,
      15,
      66,
      78,
      20,
      70,
      28,
      54,
      10,
      7,
      56,
      75,
      21,
      41,
      12,
      45,
      14,
      29,
      74,
      0
    ],
    [
      0,
      24,
      76,
      26,
      5,
      62,
      37,
      35,
      27,
      58,
      59,
      52,
      65,
      38,
      48,
      61,
      69,
      22,
      11,
      17,
      2,
      79,
      77,
      18,
      13,
      68,
      57,
      47,
      31,
      67,
      50,
      39,
      0
    ],
    [
      0,
      25,
      34,
      55,
      6,
      8,
      19,
      63,
      42,
      23,
      36,
      46,
      80,
      49,
      9,
      30,
      3,
      71,
      64,
      4,
      1,
      40,
      44,
      60,
      43,
      32,
      53,
      73,
      51,
      33,
      72,
      16,
      0
    ]
  ],
  "metrics_initial": {
    "vehicles_used": 3,
    "total_distance_km": 1987.2299999999998,
    "cost_distance": 1987.2299999999998,
    "cost_time": 1699.8599999999997,
    "vehicle_cost": 2700.0,
    "waiting_E": 61.810000000000045,
    "horizon_excess_E": 0.0,
    "makespan_E": 580.3,
    "sum_route_time_E": 1699.8599999999997,
    "avg_route_time_E": 566.6199999999999
  },
  "metrics_best": {
    "vehicles_used": 3,
    "total_distance_km": 1544.7199999999993,
    "cost_distance": 1544.7199999999993,
    "cost_time": 1521.8300000000002,
    "vehicle_cost": 2700.0,
    "waiting_E": 209.31000000000012,
    "horizon_excess_E": 0.0,
    "makespan_E": 584.19,
    "sum_route_time_E": 1521.8300000000002,
    "avg_route_time_E": 507.2766666666667
  },
  "metrics_delta": {
    "vehicles_used": 0,
    "total_distance_km": -442.51000000000045,
    "cost_distance": -442.51000000000045,
    "cost_time": -178.02999999999952,
    "vehicle_cost": 0.0,
    "waiting_E": 147.50000000000006,
    "horizon_excess_E": 0.0,
    "makespan_E": 3.8900000000001,
    "sum_route_time_E": -178.02999999999952,
    "avg_route_time_E": -59.34333333333319
  },
  "process": {
    "runtime_seconds": 103.50463342666626,
    "epochs": 44,
    "accepted_moves": 38620,
    "improving_moves": 7252,
    "rejected_window_E_moves": 394370,
    "rejected_window_P_moves": 385891,
    "rejected_window_both_moves": 381958
  },
  "trace_improvements": [
    [
      0,
      6350.5599999999995
    ],
    [
      4,
      6345.179999999999
    ],
    [
      8,
      6332.04
    ],
    [
      10,
      6308.209999999999
    ],
    [
      17,
      6308.179999999999
    ],
    [
      22,
      6250.39
    ],
    [
      35,
      6180.189999999999
    ],
    [
      36,
      6141.219999999999
    ],
    [
      37,
      6006.09
    ],
    [
      38,
      5983.109999999999
    ],
    [
      39,
      5932.369999999999
    ],
    [
      40,
      5930.95
    ],
    [
      41,
      5799.71
    ],
    [
      42,
      5781.53
    ],
    [
      43,
      5766.549999999999
    ]
  ]
}