{
  "parameters": {
    "dataset": "app_final_120_very_loose",
    "t_max": 1000.0,
    "t_min": 10.0,
    "alpha": 0.9,
    "iters_per_T": 2000,
    "neighborhood": "mixed",
    "day_horizon": 600,
    "time_weight": 1.0
  },
  "initial_cost": 9577.64,
  "best_cost": 9404.230000000001,
  "improvement_pct": 0.018105712889605167,
  "best_routes": [
    [
      0,
      116,
      112,
      17,
      59,
      76,
      101,
      11,
      34,
      49,
      40,
      88,
      95,
      27,
      37,
      52,
      0
    ],
    [
      0,
      104,
      81,
      117,
      97,
      30,
      14,
      62,
      89,
      56,
      93,
      3,
      74,
      63,
      99,
      69,
      105,
      65,
      118,
      114,
      60,
      100,
      41,
      32,
      111,
      66,
      2,
      44,
      29,
      53,
      4,
      51,
      8,
      48,
      19,
      16,
      42,
      21,
      0
    ],
    [
      0,
      119,
      7,
      115,
      36,
      15,
      10,
      6,
      67,
      55,
      50,
      58,
      91,
      103,
      45,
      24,
      61,
      18,
      108,
      87,
      107,
      80,
      120,
      57,
      0
    ],
    [
      0,
      1,
      25,
      70,
      73,
      72,
      75,
      31,
      90,
      83,
      35,
      54,
      113,
      68,
      71,
      96,
      64,
      84,
      102,
      92,
      26,
      85,
      79,
      0
    ],
    [
      0,
      12,
      23,
      5,
      20,
      33,
      109,
      22,
      43,
      94,
      28,
      82,
      98,
      38,
      47,
      9,
      106,
      39,
      78,
      46,
      86,
      77,
      13,
      110,
      0
    ]
  ],
  "metrics_initial": {
    "vehicles_used": 5,
    "total_distance_km": 2635.55,
    "cost_distance": 2635.55,
    "cost_time": 2442.09,
    "vehicle_cost": 4500.0,
    "waiting_E": 92.49000000000004,
    "horizon_excess_E": 0.0,
    "makespan_E": 595.2700000000001,
    "sum_route_time_E": 2442.09,
    "avg_route_time_E": 488.418
  },
  "metrics_best": {
    "vehicles_used": 5,
    "total_distance_km": 2487.36,
    "cost_distance": 2487.36,
    "cost_time": 2416.8700000000003,
    "vehicle_cost": 4500.0,
    "waiting_E": 148.28999999999996,
    "horizon_excess_E": 0.0,
    "makespan_E": 551.04,
    "sum_route_time_E": 2416.8700000000003,
    "avg_route_time_E": 483.3740000000001
  },
  "metrics_delta": {
    "vehicles_used": 0,
    "total_distance_km": -148.19000000000005,
    "cost_distance": -148.19000000000005,
    "cost_time": -25.2199999999998,
    "vehicle_cost": 0.0,
    "waiting_E": 55.799999999999926,
    "horizon_excess_E": 0.0,
    "makespan_E": -44.23000000000013,
    "sum_route_time_E": -25.2199999999998,
    "avg_route_time_E": -5.043999999999926
  },
  "process": {
    "runtime_seconds": 34.00881838798523,
    "epochs": 44,
    "accepted_moves": 9785,
    "improving_moves": 2407,
    "rejected_window_E_moves": 75127,
    "rejected_window_P_moves": 73068,
    "rejected_window_both_moves": 71773
  },
  "trace_improvements": [
    [
      0,
      9577.64
    ],
    [
      41,
      9547.54
    ],
    [
      42,
      9441.349999999999
    ],
    [
      43,
      9404.230000000001
    ]
  ]
}