{
  "parameters": {
    "dataset": "app_final_20_tight",
    "t_max": 1000.0,
    "t_min": 10.0,
    "alpha": 0.9,
    "iters_per_T": 5000,
    "neighborhood": "mixed",
    "day_horizon": 600,
    "time_weight": 1.0
  },
  "initial_cost": 5722.25,
  "best_cost": 5072.45,
  "improvement_pct": 0.11355673030713447,
  "best_routes": [
    [
      0,
      1,
      7,
      6,
      0
    ],
    [
      0,
      15,
      8,
      20,
      17,
      13,
      16,
      12,
      11,
      4,
      18,
      9,
      0
    ],
    [
      0,
      2,
      5,
      10,
      19,
      3,
      14,
      0
    ]
  ],
  "metrics_initial": {
    "vehicles_used": 3,
    "total_distance_km": 1291.25,
    "cost_distance": 1291.25,
    "cost_time": 1731.0000000000002,
    "vehicle_cost": 2700.0,
    "waiting_E": 578.6700000000001,
    "horizon_excess_E": 0.0,
    "makespan_E": 596.1400000000001,
    "sum_route_time_E": 1731.0000000000002,
    "avg_route_time_E": 577.0000000000001
  },
  "metrics_best": {
    "vehicles_used": 3,
    "total_distance_km": 823.8699999999999,
    "cost_distance": 823.8699999999999,
    "cost_time": 1548.5800000000002,
    "vehicle_cost": 2700.0,
    "waiting_E": 808.4800000000002,
    "horizon_excess_E": 0.0,
    "makespan_E": 589.46,
    "sum_route_time_E": 1548.5800000000002,
    "avg_route_time_E": 516.1933333333334
  },
  "metrics_delta": {
    "vehicles_used": 0,
    "total_distance_km": -467.3800000000001,
    "cost_distance": -467.3800000000001,
    "cost_time": -182.42000000000007,
    "vehicle_cost": 0.0,
    "waiting_E": 229.81000000000017,
    "horizon_excess_E": 0.0,
    "makespan_E": -6.680000000000064,
    "sum_route_time_E": -182.42000000000007,
    "avg_route_time_E": -60.80666666666673
  },
  "process": {
    "runtime_seconds": 24.04439425468445,
    "epochs": 44,
    "accepted_moves": 47497,
    "improving_moves": 5759,
    "rejected_window_E_moves": 164611,
    "rejected_window_P_moves": 168042,
    "rejected_window_both_moves": 163773
  },
  "trace_improvements": [
    [
      0,
      5331.200000000001
    ],
    [
      1,
      5264.09
    ],
    [
      3,
      5186.049999999999
    ],
    [
      4,
      5166.16
    ],
    [
      16,
      5132.34
    ],
    [
      22,
      5125.24
    ],
    [
      23,
      5110.18
    ],
    [
      27,
      5105.32
    ],
    [
      33,
      5086.84
    ],
    [
      34,
      5082.14
    ],
    [
      35,
      5072.45
    ]
  ]
}