{
  "parameters": {
    "dataset": "app_final_80_medium",
    "t_max": 1000.0,
    "t_min": 10.0,
    "alpha": 0.9,
    "iters_per_T": 2000,
    "neighborhood": "mixed",
    "day_horizon": 600,
    "time_weight": 1.0
  },
  "initial_cost": 9712.71,
  "best_cost": 9168.68,
  "improvement_pct": 0.0560121737393579,
  "best_routes": [
    [
      0,
      44,
      75,
      18,
      25,
      26,
      21,
      13,
      54,
      30,
      67,
      52,
      80,
      34,
      42,
      78,
      65,
      4,
      12,
      49,
      61,
      0
    ],
    [
      0,
      41,
      77,
      63,
      59,
      58,
      24,
      5,
      53,
      17,
      73,
      69,
      72,
      0
    ],
    [
      0,
      27,
      79,
      56,
      15,
      9,
      40,
      32,
      48,
      57,
      62,
      10,
      47,
      51,
      46,
      33,
      31,
      11,
      0
    ],
    [
      0,
      22,
      36,
      14,
      39,
      28,
      16,
      43,
      68,
      20,
      70,
      7,
      35,
      29,
      0
    ],
    [
      0,
      50,
      2,
      74,
      8,
      66,
      71,
      76,
      37,
      38,
      23,
      1,
      64,
      45,
      60,
      19,
      6,
      55,
      3,
      0
    ]
  ],
  "metrics_initial": {
    "vehicles_used": 5,
    "total_distance_km": 2720.8299999999995,
    "cost_distance": 2720.8299999999995,
    "cost_time": 2491.88,
    "vehicle_cost": 4500.0,
    "waiting_E": 97.90999999999991,
    "horizon_excess_E": 0.0,
    "makespan_E": 588.62,
    "sum_route_time_E": 2491.88,
    "avg_route_time_E": 498.37600000000003
  },
  "metrics_best": {
    "vehicles_used": 5,
    "total_distance_km": 2263.120000000001,
    "cost_distance": 2263.120000000001,
    "cost_time": 2405.56,
    "vehicle_cost": 4500.0,
    "waiting_E": 384.31,
    "horizon_excess_E": 0.0,
    "makespan_E": 566.02,
    "sum_route_time_E": 2405.56,
    "avg_route_time_E": 481.11199999999997
  },
  "metrics_delta": {
    "vehicles_used": 0,
    "total_distance_km": -457.7099999999987,
    "cost_distance": -457.7099999999987,
    "cost_time": -86.32000000000016,
    "vehicle_cost": 0.0,
    "waiting_E": 286.4000000000001,
    "horizon_excess_E": 0.0,
    "makespan_E": -22.600000000000023,
    "sum_route_time_E": -86.32000000000016,
    "avg_route_time_E": -17.264000000000067
  },
  "process": {
    "runtime_seconds": 24.609275817871094,
    "epochs": 44,
    "accepted_moves": 12003,
    "improving_moves": 2524,
    "rejected_window_E_moves": 73563,
    "rejected_window_P_moves": 73692,
    "rejected_window_both_moves": 72717
  },
  "trace_improvements": [
    [
      0,
      9712.71
    ],
    [
      33,
      9663.919999999998
    ],
    [
      34,
      9634.45
    ],
    [
      36,
      9466.43
    ],
    [
      38,
      9438.220000000001
    ],
    [
      39,
      9346.67
    ],
    [
      40,
      9340.120000000003
    ],
    [
      41,
      9272.439999999999
    ],
    [
      42,
      9168.68
    ]
  ]
}