{
  "parameters": {
    "dataset": "app_final_20_medium",
    "t_max": 1000.0,
    "t_min": 10.0,
    "alpha": 0.9,
    "iters_per_T": 1000,
    "neighborhood": "mixed",
    "day_horizon": 600,
    "time_weight": 1.0
  },
  "initial_cost": 3758.7000000000003,
  "best_cost": 3596.8199999999997,
  "improvement_pct": 0.04306808204964497,
  "best_routes": [
    [
      0,
      15,
      5,
      3,
      9,
      10,
      16,
      8,
      6,
      0
    ],
    [
      0,
      17,
      13,
      20,
      1,
      11,
      2,
      18,
      19,
      12,
      14,
      4,
      7,
      0
    ]
  ],
  "metrics_initial": {
    "vehicles_used": 2,
    "total_distance_km": 917.1800000000001,
    "cost_distance": 917.1800000000001,
    "cost_time": 1041.52,
    "vehicle_cost": 1800.0,
    "waiting_E": 211.95,
    "horizon_excess_E": 0.0,
    "makespan_E": 585.08,
    "sum_route_time_E": 1041.52,
    "avg_route_time_E": 520.76
  },
  "metrics_best": {
    "vehicles_used": 2,
    "total_distance_km": 808.08,
    "cost_distance": 808.08,
    "cost_time": 988.74,
    "vehicle_cost": 1800.0,
    "waiting_E": 254.10000000000002,
    "horizon_excess_E": 0.0,
    "makespan_E": 584.4100000000001,
    "sum_route_time_E": 988.74,
    "avg_route_time_E": 494.37
  },
  "metrics_delta": {
    "vehicles_used": 0,
    "total_distance_km": -109.10000000000002,
    "cost_distance": -109.10000000000002,
    "cost_time": -52.77999999999997,
    "vehicle_cost": 0.0,
    "waiting_E": 42.150000000000034,
    "horizon_excess_E": 0.0,
    "makespan_E": -0.6699999999999591,
    "sum_route_time_E": -52.77999999999997,
    "avg_route_time_E": -26.389999999999986
  },
  "process": {
    "runtime_seconds": 4.171497583389282,
    "epochs": 44,
    "accepted_moves": 8984,
    "improving_moves": 1712,
    "rejected_window_E_moves": 33206,
    "rejected_window_P_moves": 32837,
    "rejected_window_both_moves": 32176
  },
  "trace_improvements": [
    [
      0,
      3734.0499999999997
    ],
    [
      18,
      3728.1499999999996
    ],
    [
      20,
      3688.4100000000003
    ],
    [
      22,
      3683.45
    ],
    [
      28,
      3627.91
    ],
    [
      32,
      3603.71
    ],
    [
      33,
      3596.8199999999997
    ]
  ]
}