{
  "parameters": {
    "dataset": "app_final_80_medium",
    "t_max": 1000.0,
    "t_min": 10.0,
    "alpha": 0.9,
    "iters_per_T": 500,
    "neighborhood": "mixed",
    "day_horizon": 600,
    "time_weight": 1.0
  },
  "initial_cost": 9712.71,
  "best_cost": 9642.77,
  "improvement_pct": 0.007200873906458517,
  "best_routes": [
    [
      0,
      2,
      50,
      8,
      44,
      71,
      76,
      75,
      38,
      23,
      37,
      1,
      57,
      46,
      51,
      47,
      12,
      29,
      72,
      61,
      0
    ],
    [
      0,
      18,
      25,
      63,
      21,
      26,
      62,
      10,
      67,
      30,
      58,
      5,
      59,
      53,
      17,
      48,
      69,
      0
    ],
    [
      0,
      22,
      27,
      79,
      56,
      54,
      13,
      24,
      35,
      45,
      6,
      55,
      3,
      0
    ],
    [
      0,
      74,
      66,
      43,
      16,
      28,
      68,
      70,
      20,
      32,
      19,
      40,
      60,
      49,
      78,
      65,
      4,
      0
    ],
    [
      0,
      39,
      14,
      15,
      77,
      41,
      7,
      36,
      9,
      64,
      52,
      80,
      34,
      42,
      33,
      73,
      31,
      11,
      0
    ]
  ],
  "metrics_initial": {
    "vehicles_used": 5,
    "total_distance_km": 2720.8299999999995,
    "cost_distance": 2720.8299999999995,
    "cost_time": 2491.88,
    "vehicle_cost": 4500.0,
    "waiting_E": 97.90999999999991,
    "horizon_excess_E": 0.0,
    "makespan_E": 588.62,
    "sum_route_time_E": 2491.88,
    "avg_route_time_E": 498.37600000000003
  },
  "metrics_best": {
    "vehicles_used": 5,
    "total_distance_km": 2600.280000000001,
    "cost_distance": 2600.280000000001,
    "cost_time": 2542.4900000000002,
    "vehicle_cost": 4500.0,
    "waiting_E": 176.93,
    "horizon_excess_E": 0.0,
    "makespan_E": 580.0000000000001,
    "sum_route_time_E": 2542.4900000000002,
    "avg_route_time_E": 508.49800000000005
  },
  "metrics_delta": {
    "vehicles_used": 0,
    "total_distance_km": -120.54999999999836,
    "cost_distance": -120.54999999999836,
    "cost_time": 50.61000000000013,
    "vehicle_cost": 0.0,
    "waiting_E": 79.0200000000001,
    "horizon_excess_E": 0.0,
    "makespan_E": -8.61999999999989,
    "sum_route_time_E": 50.61000000000013,
    "avg_route_time_E": 10.122000000000014
  },
  "process": {
    "runtime_seconds": 5.881986141204834,
    "epochs": 44,
    "accepted_moves": 2792,
    "improving_moves": 532,
    "rejected_window_E_moves": 18699,
    "rejected_window_P_moves": 18697,
    "rejected_window_both_moves": 18474
  },
  "trace_improvements": [
    [
      0,
      9712.71
    ],
    [
      40,
      9710.73
    ],
    [
      41,
      9705.15
    ],
    [
      42,
      9666.73
    ],
    [
      43,
      9642.77
    ]
  ]
}