{
  "parameters": {
    "dataset": "app_final_200_medium",
    "t_max": 1000.0,
    "t_min": 10.0,
    "alpha": 0.9,
    "iters_per_T": 15000,
    "neighborhood": "mixed",
    "day_horizon": 600,
    "time_weight": 1.0
  },
  "initial_cost": 16855.43,
  "best_cost": 15356.63,
  "improvement_pct": 0.08892089967446698,
  "best_routes": [
    [
      0,
      174,
      82,
      135,
      100,
      118,
      115,
      2,
      127,
      76,
      148,
      145,
      11,
      70,
      156,
      186,
      51,
      164,
      168,
      154,
      181,
      21,
      98,
      29,
      160,
      112,
      128,
      20,
      47,
      147,
      151,
      0
    ],
    [
      0,
      180,
      83,
      134,
      141,
      41,
      179,
      52,
      30,
      54,
      126,
      43,
      105,
      56,
      159,
      155,
      87,
      31,
      63,
      107,
      68,
      22,
      19,
      35,
      32,
      0
    ],
    [
      0,
      111,
      67,
      64,
      61,
      114,
      158,
      66,
      136,
      196,
      93,
      188,
      131,
      109,
      12,
      59,
      53,
      167,
      169,
      106,
      149,
      46,
      0
    ],
    [
      0,
      176,
      162,
      88,
      139,
      10,
      195,
      166,
      142,
      117,
      77,
      123,
      138,
      104,
      137,
      183,
      99,
      121,
      153,
      81,
      150,
      1,
      7,
      62,
      103,
      72,
      78,
      110,
      95,
      144,
      89,
      50,
      69,
      75,
      0
    ],
    [
      0,
      192,
      36,
      73,
      130,
      34,
      6,
      184,
      190,
      74,
      189,
      125,
      23,
      140,
      120,
      157,
      5,
      119,
      124,
      38,
      0
    ],
    [
      0,
      173,
      28,
      171,
      177,
      102,
      197,
      175,
      8,
      4,
      165,
      161,
      80,
      18,
      143,
      129,
      49,
      84,
      116,
      132,
      55,
      57,
      17,
      178,
      199,
      25,
      37,
      85,
      193,
      97,
      0
    ],
    [
      0,
      185,
      122,
      15,
      86,
      170,
      3,
      108,
      146,
      16,
      198,
      172,
      71,
      96,
      90,
      60,
      91,
      40,
      92,
      113,
      191,
      9,
      13,
      45,
      0
    ],
    [
      0,
      65,
      133,
      182,
      94,
      26,
      44,
      27,
      14,
      33,
      58,
      39,
      152,
      187,
      101,
      79,
      194,
      163,
      24,
      48,
      42,
      200,
      0
    ]
  ],
  "metrics_initial": {
    "vehicles_used": 8,
    "total_distance_km": 5197.43,
    "cost_distance": 5197.43,
    "cost_time": 4458.0,
    "vehicle_cost": 7200.0,
    "waiting_E": 506.91999999999996,
    "horizon_excess_E": 0.0,
    "makespan_E": 597.09,
    "sum_route_time_E": 4458.0,
    "avg_route_time_E": 557.25
  },
  "metrics_best": {
    "vehicles_used": 8,
    "total_distance_km": 4047.3,
    "cost_distance": 4047.3,
    "cost_time": 4109.33,
    "vehicle_cost": 7200.0,
    "waiting_E": 904.5199999999999,
    "horizon_excess_E": 0.0,
    "makespan_E": 585.47,
    "sum_route_time_E": 4109.33,
    "avg_route_time_E": 513.66625
  },
  "metrics_delta": {
    "vehicles_used": 0,
    "total_distance_km": -1150.13,
    "cost_distance": -1150.13,
    "cost_time": -348.6700000000001,
    "vehicle_cost": 0.0,
    "waiting_E": 397.5999999999999,
    "horizon_excess_E": 0.0,
    "makespan_E": -11.620000000000005,
    "sum_route_time_E": -348.6700000000001,
    "avg_route_time_E": -43.58375000000001
  },
  "process": {
    "runtime_seconds": 431.0235958099365,
    "epochs": 44,
    "accepted_moves": 61814,
    "improving_moves": 12846,
    "rejected_window_E_moves": 587228,
    "rejected_window_P_moves": 584409,
    "rejected_window_both_moves": 579061
  },
  "trace_improvements": [
    [
      0,
      16855.43
    ],
    [
      18,
      16813.609999999997
    ],
    [
      33,
      16664.719999999994
    ],
    [
      34,
      16321.060000000001
    ],
    [
      38,
      16048.489999999998
    ],
    [
      40,
      15905.61
    ],
    [
      41,
      15776.15
    ],
    [
      42,
      15535.13
    ],
    [
      43,
      15356.63
    ]
  ]
}