{
  "parameters": {
    "dataset": "app_final_20_medium",
    "t_max": 1000.0,
    "t_min": 10.0,
    "alpha": 0.9,
    "iters_per_T": 5000,
    "neighborhood": "mixed",
    "day_horizon": 600,
    "time_weight": 1.0
  },
  "initial_cost": 3758.7000000000003,
  "best_cost": 3564.87,
  "improvement_pct": 0.0515683614015485,
  "best_routes": [
    [
      0,
      17,
      5,
      3,
      13,
      1,
      11,
      20,
      9,
      10,
      2,
      19,
      18,
      12,
      14,
      4,
      7,
      0
    ],
    [
      0,
      15,
      8,
      6,
      16,
      0
    ]
  ],
  "metrics_initial": {
    "vehicles_used": 2,
    "total_distance_km": 917.1800000000001,
    "cost_distance": 917.1800000000001,
    "cost_time": 1041.52,
    "vehicle_cost": 1800.0,
    "waiting_E": 211.95,
    "horizon_excess_E": 0.0,
    "makespan_E": 585.08,
    "sum_route_time_E": 1041.52,
    "avg_route_time_E": 520.76
  },
  "metrics_best": {
    "vehicles_used": 2,
    "total_distance_km": 768.21,
    "cost_distance": 768.21,
    "cost_time": 996.6600000000001,
    "vehicle_cost": 1800.0,
    "waiting_E": 306.5900000000001,
    "horizon_excess_E": 0.0,
    "makespan_E": 582.97,
    "sum_route_time_E": 996.6600000000001,
    "avg_route_time_E": 498.33000000000004
  },
  "metrics_delta": {
    "vehicles_used": 0,
    "total_distance_km": -148.97000000000003,
    "cost_distance": -148.97000000000003,
    "cost_time": -44.8599999999999,
    "vehicle_cost": 0.0,
    "waiting_E": 94.6400000000001,
    "horizon_excess_E": 0.0,
    "makespan_E": -2.1100000000000136,
    "sum_route_time_E": -44.8599999999999,
    "avg_route_time_E": -22.42999999999995
  },
  "process": {
    "runtime_seconds": 21.11793065071106,
    "epochs": 44,
    "accepted_moves": 44480,
    "improving_moves": 8401,
    "rejected_window_E_moves": 166415,
    "rejected_window_P_moves": 163359,
    "rejected_window_both_moves": 159809
  },
  "trace_improvements": [
    [
      0,
      3758.7000000000003
    ],
    [
      4,
      3754.51
    ],
    [
      7,
      3726.56
    ],
    [
      10,
      3655.9900000000007
    ],
    [
      16,
      3640.76
    ],
    [
      27,
      3615.87
    ],
    [
      28,
      3613.55
    ],
    [
      33,
      3598.25
    ],
    [
      34,
      3572.7799999999997
    ],
    [
      39,
      3569.51
    ],
    [
      40,
      3564.87
    ]
  ]
}