{
  "parameters": {
    "dataset": "app_final_20_medium",
    "t_max": 1000.0,
    "t_min": 10.0,
    "alpha": 0.9,
    "iters_per_T": 500,
    "neighborhood": "mixed",
    "day_horizon": 600,
    "time_weight": 1.0
  },
  "initial_cost": 3758.7000000000003,
  "best_cost": 3616.59,
  "improvement_pct": 0.03780828477931203,
  "best_routes": [
    [
      0,
      17,
      3,
      9,
      10,
      16,
      8,
      6,
      19,
      18,
      12,
      14,
      0
    ],
    [
      0,
      15,
      5,
      13,
      1,
      11,
      20,
      2,
      4,
      7,
      0
    ]
  ],
  "metrics_initial": {
    "vehicles_used": 2,
    "total_distance_km": 917.1800000000001,
    "cost_distance": 917.1800000000001,
    "cost_time": 1041.52,
    "vehicle_cost": 1800.0,
    "waiting_E": 211.95,
    "horizon_excess_E": 0.0,
    "makespan_E": 585.08,
    "sum_route_time_E": 1041.52,
    "avg_route_time_E": 520.76
  },
  "metrics_best": {
    "vehicles_used": 2,
    "total_distance_km": 753.4800000000001,
    "cost_distance": 753.4800000000001,
    "cost_time": 1063.1100000000001,
    "vehicle_cost": 1800.0,
    "waiting_E": 378.21,
    "horizon_excess_E": 0.0,
    "makespan_E": 540.09,
    "sum_route_time_E": 1063.1100000000001,
    "avg_route_time_E": 531.5550000000001
  },
  "metrics_delta": {
    "vehicles_used": 0,
    "total_distance_km": -163.69999999999993,
    "cost_distance": -163.69999999999993,
    "cost_time": 21.590000000000146,
    "vehicle_cost": 0.0,
    "waiting_E": 166.26,
    "horizon_excess_E": 0.0,
    "makespan_E": -44.99000000000001,
    "sum_route_time_E": 21.590000000000146,
    "avg_route_time_E": 10.795000000000073
  },
  "process": {
    "runtime_seconds": 2.2961337566375732,
    "epochs": 44,
    "accepted_moves": 4415,
    "improving_moves": 859,
    "rejected_window_E_moves": 16694,
    "rejected_window_P_moves": 16522,
    "rejected_window_both_moves": 16183
  },
  "trace_improvements": [
    [
      0,
      3719.09
    ],
    [
      18,
      3707.1800000000003
    ],
    [
      24,
      3696.88
    ],
    [
      28,
      3691.57
    ],
    [
      34,
      3629.26
    ],
    [
      35,
      3616.59
    ]
  ]
}