{
  "parameters": {
    "dataset": "app_final_120_tight",
    "t_max": 1000.0,
    "t_min": 10.0,
    "alpha": 0.9,
    "iters_per_T": 500,
    "neighborhood": "mixed",
    "day_horizon": 600,
    "time_weight": 1.0
  },
  "initial_cost": 15820.490000000003,
  "best_cost": 15626.55,
  "improvement_pct": 0.012258785916239263,
  "best_routes": [
    [
      0,
      38,
      102,
      26,
      29,
      62,
      100,
      8,
      65,
      97,
      103,
      12,
      63,
      101,
      77,
      22,
      42,
      0
    ],
    [
      0,
      25,
      109,
      78,
      86,
      75,
      33,
      104,
      40,
      81,
      105,
      0
    ],
    [
      0,
      18,
      67,
      53,
      91,
      21,
      116,
      4,
      28,
      17,
      66,
      34,
      106,
      57,
      55,
      95,
      50,
      58,
      35,
      0
    ],
    [
      0,
      32,
      69,
      74,
      59,
      3,
      73,
      47,
      30,
      107,
      1,
      114,
      83,
      120,
      9,
      5,
      46,
      0
    ],
    [
      0,
      41,
      93,
      60,
      43,
      51,
      19,
      115,
      37,
      96,
      52,
      117,
      90,
      94,
      0
    ],
    [
      0,
      61,
      118,
      36,
      82,
      71,
      80,
      108,
      113,
      2,
      72,
      110,
      6,
      0
    ],
    [
      0,
      85,
      70,
      79,
      76,
      68,
      88,
      45,
      56,
      48,
      54,
      13,
      10,
      87,
      111,
      99,
      39,
      24,
      23,
      89,
      84,
      31,
      0
    ],
    [
      0,
      64,
      92,
      11,
      14,
      20,
      112,
      49,
      16,
      27,
      15,
      7,
      44,
      98,
      119,
      0
    ]
  ],
  "metrics_initial": {
    "vehicles_used": 8,
    "total_distance_km": 4535.980000000002,
    "cost_distance": 4535.980000000002,
    "cost_time": 4084.5100000000007,
    "vehicle_cost": 7200.0,
    "waiting_E": 389.52,
    "horizon_excess_E": 0.0,
    "makespan_E": 599.3900000000001,
    "sum_route_time_E": 4084.5100000000007,
    "avg_route_time_E": 510.5637500000001
  },
  "metrics_best": {
    "vehicles_used": 8,
    "total_distance_km": 4260.929999999999,
    "cost_distance": 4260.929999999999,
    "cost_time": 4165.62,
    "vehicle_cost": 7200.0,
    "waiting_E": 626.78,
    "horizon_excess_E": 0.0,
    "makespan_E": 594.55,
    "sum_route_time_E": 4165.62,
    "avg_route_time_E": 520.7025
  },
  "metrics_delta": {
    "vehicles_used": 0,
    "total_distance_km": -275.0500000000029,
    "cost_distance": -275.0500000000029,
    "cost_time": 81.10999999999922,
    "vehicle_cost": 0.0,
    "waiting_E": 237.26,
    "horizon_excess_E": 0.0,
    "makespan_E": -4.8400000000001455,
    "sum_route_time_E": 81.10999999999922,
    "avg_route_time_E": 10.138749999999902
  },
  "process": {
    "runtime_seconds": 9.017375469207764,
    "epochs": 44,
    "accepted_moves": 2427,
    "improving_moves": 294,
    "rejected_window_E_moves": 19236,
    "rejected_window_P_moves": 19384,
    "rejected_window_both_moves": 19194
  },
  "trace_improvements": [
    [
      0,
      15820.490000000003
    ],
    [
      32,
      15808.239999999998
    ],
    [
      33,
      15758.109999999999
    ],
    [
      34,
      15719.759999999998
    ],
    [
      36,
      15681.029999999999
    ],
    [
      43,
      15626.55
    ]
  ]
}