{
  "parameters": {
    "dataset": "app_final_40_loose",
    "t_max": 1000.0,
    "t_min": 10.0,
    "alpha": 0.9,
    "iters_per_T": 5000,
    "neighborhood": "mixed",
    "day_horizon": 600,
    "time_weight": 1.0
  },
  "initial_cost": 3810.17,
  "best_cost": 3686.1599999999994,
  "improvement_pct": 0.03254710419745068,
  "best_routes": [
    [
      0,
      25,
      34,
      7,
      5,
      28,
      39,
      8,
      17,
      32,
      11,
      35,
      18,
      29,
      37,
      14,
      10,
      22,
      0
    ],
    [
      0,
      31,
      6,
      23,
      21,
      19,
      24,
      2,
      4,
      12,
      9,
      40,
      26,
      33,
      15,
      16,
      38,
      36,
      1,
      30,
      3,
      20,
      27,
      13,
      0
    ]
  ],
  "metrics_initial": {
    "vehicles_used": 2,
    "total_distance_km": 1018.9900000000001,
    "cost_distance": 1018.9900000000001,
    "cost_time": 991.1800000000001,
    "vehicle_cost": 1800.0,
    "waiting_E": 77.27999999999992,
    "horizon_excess_E": 0.0,
    "makespan_E": 504.1400000000001,
    "sum_route_time_E": 991.1800000000001,
    "avg_route_time_E": 495.59000000000003
  },
  "metrics_best": {
    "vehicles_used": 2,
    "total_distance_km": 874.7899999999995,
    "cost_distance": 874.7899999999995,
    "cost_time": 1011.3699999999999,
    "vehicle_cost": 1800.0,
    "waiting_E": 203.11,
    "horizon_excess_E": 0.0,
    "makespan_E": 545.3399999999999,
    "sum_route_time_E": 1011.3699999999999,
    "avg_route_time_E": 505.68499999999995
  },
  "metrics_delta": {
    "vehicles_used": 0,
    "total_distance_km": -144.2000000000006,
    "cost_distance": -144.2000000000006,
    "cost_time": 20.189999999999827,
    "vehicle_cost": 0.0,
    "waiting_E": 125.8300000000001,
    "horizon_excess_E": 0.0,
    "makespan_E": 41.19999999999982,
    "sum_route_time_E": 20.189999999999827,
    "avg_route_time_E": 10.094999999999914
  },
  "process": {
    "runtime_seconds": 30.304181575775146,
    "epochs": 44,
    "accepted_moves": 28367,
    "improving_moves": 6339,
    "rejected_window_E_moves": 185100,
    "rejected_window_P_moves": 183740,
    "rejected_window_both_moves": 180940
  },
  "trace_improvements": [
    [
      0,
      3810.17
    ],
    [
      25,
      3737.84
    ],
    [
      38,
      3709.09
    ],
    [
      39,
      3703.5699999999997
    ],
    [
      40,
      3686.1599999999994
    ]
  ]
}