{
  "parameters": {
    "dataset": "app_final_120_tight",
    "t_max": 1000.0,
    "t_min": 10.0,
    "alpha": 0.9,
    "iters_per_T": 2000,
    "neighborhood": "mixed",
    "day_horizon": 600,
    "time_weight": 1.0
  },
  "initial_cost": 15820.490000000003,
  "best_cost": 14838.380000000001,
  "improvement_pct": 0.06207835534803297,
  "best_routes": [
    [
      0,
      38,
      29,
      26,
      62,
      60,
      43,
      108,
      113,
      65,
      114,
      57,
      106,
      0
    ],
    [
      0,
      25,
      118,
      54,
      112,
      51,
      13,
      96,
      111,
      72,
      63,
      95,
      6,
      35,
      0
    ],
    [
      0,
      64,
      11,
      92,
      14,
      61,
      68,
      88,
      30,
      20,
      49,
      73,
      27,
      4,
      105,
      10,
      52,
      12,
      77,
      101,
      55,
      31,
      0
    ],
    [
      0,
      32,
      74,
      69,
      80,
      71,
      21,
      97,
      24,
      9,
      120,
      83,
      23,
      44,
      98,
      5,
      0
    ],
    [
      0,
      41,
      76,
      93,
      70,
      79,
      18,
      48,
      36,
      47,
      100,
      87,
      16,
      81,
      110,
      7,
      119,
      46,
      0
    ],
    [
      0,
      45,
      109,
      1,
      104,
      107,
      8,
      103,
      17,
      15,
      50,
      58,
      0
    ],
    [
      0,
      67,
      53,
      91,
      86,
      33,
      75,
      40,
      115,
      37,
      19,
      99,
      117,
      42,
      22,
      94,
      0
    ],
    [
      0,
      59,
      3,
      85,
      102,
      82,
      78,
      56,
      116,
      66,
      34,
      28,
      2,
      39,
      89,
      90,
      84,
      0
    ]
  ],
  "metrics_initial": {
    "vehicles_used": 8,
    "total_distance_km": 4535.980000000002,
    "cost_distance": 4535.980000000002,
    "cost_time": 4084.5100000000007,
    "vehicle_cost": 7200.0,
    "waiting_E": 389.52,
    "horizon_excess_E": 0.0,
    "makespan_E": 599.3900000000001,
    "sum_route_time_E": 4084.5100000000007,
    "avg_route_time_E": 510.5637500000001
  },
  "metrics_best": {
    "vehicles_used": 8,
    "total_distance_km": 3564.370000000001,
    "cost_distance": 3564.370000000001,
    "cost_time": 4074.0099999999998,
    "vehicle_cost": 7200.0,
    "waiting_E": 1132.8999999999996,
    "horizon_excess_E": 0.0,
    "makespan_E": 598.3100000000001,
    "sum_route_time_E": 4074.0099999999998,
    "avg_route_time_E": 509.25124999999997
  },
  "metrics_delta": {
    "vehicles_used": 0,
    "total_distance_km": -971.6100000000015,
    "cost_distance": -971.6100000000015,
    "cost_time": -10.50000000000091,
    "vehicle_cost": 0.0,
    "waiting_E": 743.3799999999997,
    "horizon_excess_E": 0.0,
    "makespan_E": -1.080000000000041,
    "sum_route_time_E": -10.50000000000091,
    "avg_route_time_E": -1.3125000000001137
  },
  "process": {
    "runtime_seconds": 35.82238698005676,
    "epochs": 44,
    "accepted_moves": 10214,
    "improving_moves": 1556,
    "rejected_window_E_moves": 76299,
    "rejected_window_P_moves": 76936,
    "rejected_window_both_moves": 76094
  },
  "trace_improvements": [
    [
      0,
      15551.650000000003
    ],
    [
      36,
      15529.909999999998
    ],
    [
      37,
      15482.840000000002
    ],
    [
      38,
      15263.03
    ],
    [
      40,
      15196.610000000002
    ],
    [
      41,
      15144.450000000003
    ],
    [
      42,
      14953.91
    ],
    [
      43,
      14838.380000000001
    ]
  ]
}