{
  "parameters": {
    "dataset": "app_final_40_tight",
    "t_max": 1000.0,
    "t_min": 10.0,
    "alpha": 0.9,
    "iters_per_T": 15000,
    "neighborhood": "mixed",
    "day_horizon": 600,
    "time_weight": 1.0
  },
  "initial_cost": 9186.7,
  "best_cost": 7170.869999999999,
  "improvement_pct": 0.2194291747852876,
  "best_routes": [
    [
      0,
      14,
      39,
      24,
      6,
      1,
      32,
      17,
      28,
      40,
      4,
      19,
      0
    ],
    [
      0,
      30,
      22,
      35,
      12,
      3,
      37,
      10,
      23,
      34,
      38,
      0
    ],
    [
      0,
      21,
      36,
      16,
      18,
      26,
      5,
      25,
      7,
      11,
      15,
      0
    ],
    [
      0,
      20,
      9,
      2,
      33,
      29,
      31,
      27,
      8,
      13,
      0
    ]
  ],
  "metrics_initial": {
    "vehicles_used": 5,
    "total_distance_km": 1991.9199999999998,
    "cost_distance": 1991.9199999999998,
    "cost_time": 2694.78,
    "vehicle_cost": 4500.0,
    "waiting_E": 869.1899999999998,
    "horizon_excess_E": 0.0,
    "makespan_E": 582.24,
    "sum_route_time_E": 2694.78,
    "avg_route_time_E": 538.956
  },
  "metrics_best": {
    "vehicles_used": 4,
    "total_distance_km": 1411.1299999999994,
    "cost_distance": 1411.1299999999994,
    "cost_time": 2159.74,
    "vehicle_cost": 3600.0,
    "waiting_E": 842.7200000000003,
    "horizon_excess_E": 0.0,
    "makespan_E": 596.89,
    "sum_route_time_E": 2159.74,
    "avg_route_time_E": 539.935
  },
  "metrics_delta": {
    "vehicles_used": -1,
    "total_distance_km": -580.7900000000004,
    "cost_distance": -580.7900000000004,
    "cost_time": -535.0400000000004,
    "vehicle_cost": -900.0,
    "waiting_E": -26.469999999999573,
    "horizon_excess_E": 0.0,
    "makespan_E": 14.649999999999977,
    "sum_route_time_E": -535.0400000000004,
    "avg_route_time_E": 0.9789999999999281
  },
  "process": {
    "runtime_seconds": 111.13342547416687,
    "epochs": 44,
    "accepted_moves": 107983,
    "improving_moves": 13621,
    "rejected_window_E_moves": 539277,
    "rejected_window_P_moves": 543196,
    "rejected_window_both_moves": 536078
  },
  "trace_improvements": [
    [
      0,
      9106.42
    ],
    [
      4,
      9054.52
    ],
    [
      8,
      9008.96
    ],
    [
      15,
      7758.3
    ],
    [
      16,
      7644.759999999999
    ],
    [
      17,
      7536.8099999999995
    ],
    [
      24,
      7493.57
    ],
    [
      25,
      7446.369999999999
    ],
    [
      26,
      7264.59
    ],
    [
      31,
      7200.92
    ],
    [
      33,
      7170.869999999999
    ]
  ]
}