{
  "parameters": {
    "dataset": "app_final_40_medium",
    "t_max": 1000.0,
    "t_min": 10.0,
    "alpha": 0.9,
    "iters_per_T": 5000,
    "neighborhood": "mixed",
    "day_horizon": 600,
    "time_weight": 1.0
  },
  "initial_cost": 6085.45,
  "best_cost": 5433.1,
  "improvement_pct": 0.10719831729781684,
  "best_routes": [
    [
      0,
      37,
      39,
      7,
      32,
      23,
      35,
      16,
      40,
      13,
      27,
      33,
      18,
      10,
      20,
      19,
      24,
      6,
      15,
      2,
      22,
      9,
      21,
      0
    ],
    [
      0,
      17,
      5,
      11,
      28,
      1,
      36,
      3,
      26,
      14,
      0
    ],
    [
      0,
      30,
      29,
      12,
      4,
      34,
      31,
      25,
      8,
      38,
      0
    ]
  ],
  "metrics_initial": {
    "vehicles_used": 3,
    "total_distance_km": 1722.8400000000004,
    "cost_distance": 1722.8400000000004,
    "cost_time": 1662.61,
    "vehicle_cost": 2700.0,
    "waiting_E": 126.65,
    "horizon_excess_E": 0.0,
    "makespan_E": 589.23,
    "sum_route_time_E": 1662.61,
    "avg_route_time_E": 554.2033333333333
  },
  "metrics_best": {
    "vehicles_used": 3,
    "total_distance_km": 1264.8600000000001,
    "cost_distance": 1264.8600000000001,
    "cost_time": 1468.2400000000002,
    "vehicle_cost": 2700.0,
    "waiting_E": 320.36000000000007,
    "horizon_excess_E": 0.0,
    "makespan_E": 543.4000000000001,
    "sum_route_time_E": 1468.2400000000002,
    "avg_route_time_E": 489.4133333333334
  },
  "metrics_delta": {
    "vehicles_used": 0,
    "total_distance_km": -457.98000000000025,
    "cost_distance": -457.98000000000025,
    "cost_time": -194.36999999999966,
    "vehicle_cost": 0.0,
    "waiting_E": 193.71000000000006,
    "horizon_excess_E": 0.0,
    "makespan_E": -45.82999999999993,
    "sum_route_time_E": -194.36999999999966,
    "avg_route_time_E": -64.78999999999985
  },
  "process": {
    "runtime_seconds": 33.131714820861816,
    "epochs": 44,
    "accepted_moves": 33940,
    "improving_moves": 6444,
    "rejected_window_E_moves": 178859,
    "rejected_window_P_moves": 180071,
    "rejected_window_both_moves": 177167
  },
  "trace_improvements": [
    [
      0,
      6008.2
    ],
    [
      1,
      5858.16
    ],
    [
      8,
      5800.35
    ],
    [
      20,
      5711.89
    ],
    [
      23,
      5640.099999999999
    ],
    [
      29,
      5622.97
    ],
    [
      31,
      5592.65
    ],
    [
      34,
      5535.55
    ],
    [
      39,
      5442.389999999999
    ],
    [
      42,
      5433.1
    ]
  ]
}