{
  "parameters": {
    "dataset": "app_final_80_medium",
    "t_max": 1000.0,
    "t_min": 10.0,
    "alpha": 0.9,
    "iters_per_T": 500,
    "neighborhood": "mixed",
    "day_horizon": 600,
    "time_weight": 1.0
  },
  "initial_cost": 9712.71,
  "best_cost": 9507.55,
  "improvement_pct": 0.021122838013283612,
  "best_routes": [
    [
      0,
      39,
      22,
      41,
      18,
      26,
      75,
      20,
      9,
      10,
      62,
      47,
      46,
      57,
      69,
      0
    ],
    [
      0,
      74,
      71,
      37,
      38,
      25,
      21,
      63,
      13,
      15,
      67,
      34,
      80,
      30,
      58,
      24,
      5,
      59,
      53,
      48,
      17,
      33,
      51,
      0
    ],
    [
      0,
      27,
      54,
      77,
      23,
      1,
      64,
      7,
      73,
      31,
      12,
      11,
      42,
      78,
      4,
      65,
      0
    ],
    [
      0,
      76,
      8,
      66,
      44,
      50,
      2,
      70,
      43,
      16,
      28,
      68,
      19,
      40,
      60,
      32,
      6,
      55,
      3,
      49,
      72,
      61,
      0
    ],
    [
      0,
      14,
      79,
      56,
      52,
      36,
      35,
      29,
      45,
      0
    ]
  ],
  "metrics_initial": {
    "vehicles_used": 5,
    "total_distance_km": 2720.8299999999995,
    "cost_distance": 2720.8299999999995,
    "cost_time": 2491.88,
    "vehicle_cost": 4500.0,
    "waiting_E": 97.90999999999991,
    "horizon_excess_E": 0.0,
    "makespan_E": 588.62,
    "sum_route_time_E": 2491.88,
    "avg_route_time_E": 498.37600000000003
  },
  "metrics_best": {
    "vehicles_used": 5,
    "total_distance_km": 2546.47,
    "cost_distance": 2546.47,
    "cost_time": 2461.08,
    "vehicle_cost": 4500.0,
    "waiting_E": 137.03000000000003,
    "horizon_excess_E": 0.0,
    "makespan_E": 577.43,
    "sum_route_time_E": 2461.08,
    "avg_route_time_E": 492.216
  },
  "metrics_delta": {
    "vehicles_used": 0,
    "total_distance_km": -174.35999999999967,
    "cost_distance": -174.35999999999967,
    "cost_time": -30.800000000000182,
    "vehicle_cost": 0.0,
    "waiting_E": 39.12000000000012,
    "horizon_excess_E": 0.0,
    "makespan_E": -11.190000000000055,
    "sum_route_time_E": -30.800000000000182,
    "avg_route_time_E": -6.160000000000025
  },
  "process": {
    "runtime_seconds": 5.8261635303497314,
    "epochs": 44,
    "accepted_moves": 2710,
    "improving_moves": 503,
    "rejected_window_E_moves": 18760,
    "rejected_window_P_moves": 18810,
    "rejected_window_both_moves": 18589
  },
  "trace_improvements": [
    [
      0,
      9712.71
    ],
    [
      41,
      9694.779999999999
    ],
    [
      42,
      9593.96
    ],
    [
      43,
      9507.55
    ]
  ]
}