{
  "parameters": {
    "dataset": "app_final_200_medium",
    "t_max": 500.0,
    "t_min": 10.0,
    "alpha": 0.9,
    "iters_per_T": 500,
    "neighborhood": "mixed",
    "day_horizon": 600,
    "time_weight": 1.0
  },
  "initial_cost": 16855.43,
  "best_cost": 16341.950000000004,
  "improvement_pct": 0.0304637733952795,
  "best_routes": [
    [
      0,
      184,
      34,
      4,
      94,
      182,
      26,
      61,
      100,
      76,
      145,
      142,
      117,
      166,
      134,
      183,
      137,
      81,
      12,
      136,
      66,
      169,
      106,
      126,
      72,
      31,
      56,
      96,
      113,
      84,
      39,
      55,
      9,
      132,
      120,
      193,
      20,
      47,
      147,
      151,
      124,
      85,
      154,
      164,
      0
    ],
    [
      0,
      179,
      52,
      30,
      196,
      139,
      79,
      11,
      63,
      7,
      186,
      131,
      109,
      181,
      21,
      29,
      160,
      128,
      112,
      97,
      13,
      0
    ],
    [
      0,
      73,
      140,
      189,
      173,
      23,
      125,
      101,
      107,
      148,
      119,
      156,
      68,
      87,
      105,
      49,
      75,
      92,
      0
    ],
    [
      0,
      185,
      180,
      88,
      162,
      170,
      176,
      71,
      197,
      122,
      157,
      70,
      159,
      158,
      89,
      50,
      60,
      40,
      57,
      19,
      45,
      42,
      0
    ],
    [
      0,
      177,
      28,
      174,
      102,
      135,
      114,
      143,
      64,
      175,
      33,
      152,
      58,
      187,
      14,
      116,
      6,
      74,
      190,
      35,
      198,
      194,
      172,
      38,
      5,
      22,
      200,
      32,
      0
    ],
    [
      0,
      192,
      36,
      171,
      130,
      65,
      133,
      8,
      165,
      67,
      188,
      41,
      138,
      123,
      2,
      127,
      82,
      118,
      27,
      161,
      80,
      44,
      18,
      129,
      78,
      103,
      59,
      93,
      110,
      144,
      90,
      149,
      62,
      95,
      191,
      0
    ],
    [
      0,
      86,
      83,
      146,
      195,
      54,
      43,
      115,
      1,
      108,
      24,
      155,
      53,
      167,
      178,
      17,
      69,
      91,
      0
    ],
    [
      0,
      111,
      15,
      77,
      10,
      141,
      104,
      121,
      3,
      99,
      163,
      48,
      16,
      150,
      168,
      51,
      153,
      98,
      199,
      25,
      37,
      46,
      0
    ]
  ],
  "metrics_initial": {
    "vehicles_used": 8,
    "total_distance_km": 5197.43,
    "cost_distance": 5197.43,
    "cost_time": 4458.0,
    "vehicle_cost": 7200.0,
    "waiting_E": 506.91999999999996,
    "horizon_excess_E": 0.0,
    "makespan_E": 597.09,
    "sum_route_time_E": 4458.0,
    "avg_route_time_E": 557.25
  },
  "metrics_best": {
    "vehicles_used": 8,
    "total_distance_km": 4835.900000000004,
    "cost_distance": 4835.900000000004,
    "cost_time": 4306.05,
    "vehicle_cost": 7200.0,
    "waiting_E": 530.5900000000001,
    "horizon_excess_E": 0.0,
    "makespan_E": 593.53,
    "sum_route_time_E": 4306.05,
    "avg_route_time_E": 538.25625
  },
  "metrics_delta": {
    "vehicles_used": 0,
    "total_distance_km": -361.5299999999961,
    "cost_distance": -361.5299999999961,
    "cost_time": -151.94999999999982,
    "vehicle_cost": 0.0,
    "waiting_E": 23.670000000000186,
    "horizon_excess_E": 0.0,
    "makespan_E": -3.560000000000059,
    "sum_route_time_E": -151.94999999999982,
    "avg_route_time_E": -18.993749999999977
  },
  "process": {
    "runtime_seconds": 11.175589799880981,
    "epochs": 38,
    "accepted_moves": 1513,
    "improving_moves": 214,
    "rejected_window_E_moves": 17224,
    "rejected_window_P_moves": 16963,
    "rejected_window_both_moves": 16821
  },
  "trace_improvements": [
    [
      0,
      16855.43
    ],
    [
      25,
      16822.670000000002
    ],
    [
      32,
      16710.22
    ],
    [
      33,
      16480.24
    ],
    [
      34,
      16447.760000000002
    ],
    [
      37,
      16341.950000000004
    ]
  ]
}