{
  "parameters": {
    "dataset": "app_final_40_very_loose",
    "t_max": 1000.0,
    "t_min": 10.0,
    "alpha": 0.9,
    "iters_per_T": 500,
    "neighborhood": "mixed",
    "day_horizon": 600,
    "time_weight": 1.0
  },
  "initial_cost": 4057.98,
  "best_cost": 3779.3199999999997,
  "improvement_pct": 0.06866963366009697,
  "best_routes": [
    [
      0,
      5,
      20,
      31,
      6,
      8,
      14,
      33,
      25,
      35,
      26,
      38,
      15,
      18,
      11,
      1,
      34,
      30,
      13,
      9,
      12,
      17,
      2,
      36,
      23,
      0
    ],
    [
      0,
      39,
      32,
      21,
      22,
      10,
      7,
      16,
      29,
      19,
      4,
      28,
      27,
      37,
      40,
      24,
      3,
      0
    ]
  ],
  "metrics_initial": {
    "vehicles_used": 2,
    "total_distance_km": 1132.81,
    "cost_distance": 1132.81,
    "cost_time": 1125.17,
    "vehicle_cost": 1800.0,
    "waiting_E": 120.92999999999999,
    "horizon_excess_E": 0.0,
    "makespan_E": 578.77,
    "sum_route_time_E": 1125.17,
    "avg_route_time_E": 562.585
  },
  "metrics_best": {
    "vehicles_used": 2,
    "total_distance_km": 970.6700000000002,
    "cost_distance": 970.6700000000002,
    "cost_time": 1008.6499999999999,
    "vehicle_cost": 1800.0,
    "waiting_E": 119.39000000000001,
    "horizon_excess_E": 0.0,
    "makespan_E": 524.4899999999999,
    "sum_route_time_E": 1008.6499999999999,
    "avg_route_time_E": 504.32499999999993
  },
  "metrics_delta": {
    "vehicles_used": 0,
    "total_distance_km": -162.13999999999976,
    "cost_distance": -162.13999999999976,
    "cost_time": -116.52000000000021,
    "vehicle_cost": 0.0,
    "waiting_E": -1.5399999999999778,
    "horizon_excess_E": 0.0,
    "makespan_E": -54.280000000000086,
    "sum_route_time_E": -116.52000000000021,
    "avg_route_time_E": -58.260000000000105
  },
  "process": {
    "runtime_seconds": 2.927866220474243,
    "epochs": 44,
    "accepted_moves": 2875,
    "improving_moves": 640,
    "rejected_window_E_moves": 18040,
    "rejected_window_P_moves": 17408,
    "rejected_window_both_moves": 17065
  },
  "trace_improvements": [
    [
      0,
      4057.98
    ],
    [
      7,
      4047.5699999999997
    ],
    [
      19,
      3973.2700000000004
    ],
    [
      33,
      3946.61
    ],
    [
      38,
      3908.18
    ],
    [
      39,
      3900.24
    ],
    [
      40,
      3856.57
    ],
    [
      41,
      3835.17
    ],
    [
      42,
      3826.07
    ],
    [
      43,
      3779.3199999999997
    ]
  ]
}