{
  "parameters": {
    "dataset": "app_final_40_very_loose",
    "t_max": 100.0,
    "t_min": 10.0,
    "alpha": 0.9,
    "iters_per_T": 500,
    "neighborhood": "mixed",
    "day_horizon": 600,
    "time_weight": 1.0
  },
  "initial_cost": 4057.98,
  "best_cost": 3866.71,
  "improvement_pct": 0.0471342884883612,
  "best_routes": [
    [
      0,
      8,
      9,
      13,
      11,
      34,
      1,
      18,
      38,
      33,
      25,
      6,
      24,
      31,
      20,
      3,
      10,
      36,
      2,
      17,
      7,
      23,
      0
    ],
    [
      0,
      21,
      5,
      39,
      14,
      32,
      22,
      16,
      19,
      29,
      28,
      4,
      30,
      26,
      35,
      40,
      15,
      12,
      27,
      37,
      0
    ]
  ],
  "metrics_initial": {
    "vehicles_used": 2,
    "total_distance_km": 1132.81,
    "cost_distance": 1132.81,
    "cost_time": 1125.17,
    "vehicle_cost": 1800.0,
    "waiting_E": 120.92999999999999,
    "horizon_excess_E": 0.0,
    "makespan_E": 578.77,
    "sum_route_time_E": 1125.17,
    "avg_route_time_E": 562.585
  },
  "metrics_best": {
    "vehicles_used": 2,
    "total_distance_km": 1012.1299999999999,
    "cost_distance": 1012.1299999999999,
    "cost_time": 1054.58,
    "vehicle_cost": 1800.0,
    "waiting_E": 132.22000000000003,
    "horizon_excess_E": 0.0,
    "makespan_E": 543.8100000000001,
    "sum_route_time_E": 1054.58,
    "avg_route_time_E": 527.29
  },
  "metrics_delta": {
    "vehicles_used": 0,
    "total_distance_km": -120.68000000000006,
    "cost_distance": -120.68000000000006,
    "cost_time": -70.59000000000015,
    "vehicle_cost": 0.0,
    "waiting_E": 11.290000000000035,
    "horizon_excess_E": 0.0,
    "makespan_E": -34.95999999999992,
    "sum_route_time_E": -70.59000000000015,
    "avg_route_time_E": -35.29500000000007
  },
  "process": {
    "runtime_seconds": 1.4855878353118896,
    "epochs": 22,
    "accepted_moves": 1412,
    "improving_moves": 323,
    "rejected_window_E_moves": 9088,
    "rejected_window_P_moves": 8915,
    "rejected_window_both_moves": 8774
  },
  "trace_improvements": [
    [
      0,
      4030.4800000000005
    ],
    [
      15,
      4002.41
    ],
    [
      16,
      3982.7200000000003
    ],
    [
      18,
      3925.02
    ],
    [
      20,
      3896.0699999999997
    ],
    [
      21,
      3866.71
    ]
  ]
}