{
  "parameters": {
    "dataset": "app_final_120_medium",
    "t_max": 500.0,
    "t_min": 10.0,
    "alpha": 0.9,
    "iters_per_T": 500,
    "neighborhood": "mixed",
    "day_horizon": 600,
    "time_weight": 1.0
  },
  "initial_cost": 13892.869999999999,
  "best_cost": 13548.880000000001,
  "improvement_pct": 0.02476018274121891,
  "best_routes": [
    [
      0,
      43,
      114,
      74,
      102,
      10,
      54,
      2,
      112,
      42,
      95,
      120,
      92,
      27,
      72,
      11,
      113,
      91,
      67,
      0
    ],
    [
      0,
      53,
      50,
      13,
      71,
      60,
      85,
      100,
      20,
      80,
      22,
      68,
      101,
      76,
      0
    ],
    [
      0,
      106,
      29,
      56,
      73,
      28,
      34,
      119,
      49,
      86,
      41,
      103,
      55,
      0
    ],
    [
      0,
      51,
      78,
      7,
      8,
      108,
      48,
      3,
      66,
      115,
      15,
      9,
      94,
      75,
      81,
      61,
      79,
      104,
      17,
      0
    ],
    [
      0,
      90,
      59,
      62,
      64,
      70,
      52,
      87,
      26,
      97,
      118,
      84,
      93,
      1,
      14,
      35,
      69,
      110,
      0
    ],
    [
      0,
      117,
      111,
      83,
      36,
      31,
      12,
      37,
      109,
      46,
      23,
      32,
      44,
      30,
      4,
      18,
      16,
      33,
      63,
      0
    ],
    [
      0,
      82,
      96,
      105,
      45,
      5,
      40,
      25,
      88,
      19,
      58,
      38,
      47,
      57,
      77,
      21,
      98,
      99,
      89,
      6,
      65,
      107,
      24,
      39,
      116,
      0
    ]
  ],
  "metrics_initial": {
    "vehicles_used": 7,
    "total_distance_km": 3814.1899999999996,
    "cost_distance": 3814.1899999999996,
    "cost_time": 3778.6800000000003,
    "vehicle_cost": 6300.0,
    "waiting_E": 367.19000000000005,
    "horizon_excess_E": 0.0,
    "makespan_E": 585.98,
    "sum_route_time_E": 3778.6800000000003,
    "avg_route_time_E": 539.8114285714286
  },
  "metrics_best": {
    "vehicles_used": 7,
    "total_distance_km": 3570.180000000001,
    "cost_distance": 3570.180000000001,
    "cost_time": 3678.7,
    "vehicle_cost": 6300.0,
    "waiting_E": 396.76,
    "horizon_excess_E": 0.0,
    "makespan_E": 589.2,
    "sum_route_time_E": 3678.7,
    "avg_route_time_E": 525.5285714285714
  },
  "metrics_delta": {
    "vehicles_used": 0,
    "total_distance_km": -244.0099999999984,
    "cost_distance": -244.0099999999984,
    "cost_time": -99.98000000000047,
    "vehicle_cost": 0.0,
    "waiting_E": 29.569999999999936,
    "horizon_excess_E": 0.0,
    "makespan_E": 3.2200000000000273,
    "sum_route_time_E": -99.98000000000047,
    "avg_route_time_E": -14.28285714285721
  },
  "process": {
    "runtime_seconds": 7.441373586654663,
    "epochs": 38,
    "accepted_moves": 2231,
    "improving_moves": 391,
    "rejected_window_E_moves": 16259,
    "rejected_window_P_moves": 16309,
    "rejected_window_both_moves": 16103
  },
  "trace_improvements": [
    [
      0,
      13853.199999999999
    ],
    [
      33,
      13803.479999999998
    ],
    [
      34,
      13777.720000000001
    ],
    [
      35,
      13743.35
    ],
    [
      36,
      13604.96
    ],
    [
      37,
      13548.880000000001
    ]
  ]
}