{
  "parameters": {
    "dataset": "app_final_40_loose",
    "t_max": 100.0,
    "t_min": 10.0,
    "alpha": 0.9,
    "iters_per_T": 500,
    "neighborhood": "mixed",
    "day_horizon": 600,
    "time_weight": 1.0
  },
  "initial_cost": 3810.17,
  "best_cost": 3713.97,
  "improvement_pct": 0.025248217271145453,
  "best_routes": [
    [
      0,
      31,
      6,
      25,
      23,
      34,
      39,
      8,
      17,
      32,
      35,
      4,
      15,
      29,
      37,
      16,
      38,
      36,
      10,
      14,
      22,
      0
    ],
    [
      0,
      24,
      21,
      19,
      5,
      7,
      2,
      9,
      12,
      40,
      26,
      33,
      18,
      11,
      30,
      3,
      28,
      20,
      27,
      1,
      13,
      0
    ]
  ],
  "metrics_initial": {
    "vehicles_used": 2,
    "total_distance_km": 1018.9900000000001,
    "cost_distance": 1018.9900000000001,
    "cost_time": 991.1800000000001,
    "vehicle_cost": 1800.0,
    "waiting_E": 77.27999999999992,
    "horizon_excess_E": 0.0,
    "makespan_E": 504.1400000000001,
    "sum_route_time_E": 991.1800000000001,
    "avg_route_time_E": 495.59000000000003
  },
  "metrics_best": {
    "vehicles_used": 2,
    "total_distance_km": 908.6999999999999,
    "cost_distance": 908.6999999999999,
    "cost_time": 1005.2700000000001,
    "vehicle_cost": 1800.0,
    "waiting_E": 161.16000000000003,
    "horizon_excess_E": 0.0,
    "makespan_E": 517.69,
    "sum_route_time_E": 1005.2700000000001,
    "avg_route_time_E": 502.63500000000005
  },
  "metrics_delta": {
    "vehicles_used": 0,
    "total_distance_km": -110.29000000000019,
    "cost_distance": -110.29000000000019,
    "cost_time": 14.090000000000032,
    "vehicle_cost": 0.0,
    "waiting_E": 83.88000000000011,
    "horizon_excess_E": 0.0,
    "makespan_E": 13.549999999999955,
    "sum_route_time_E": 14.090000000000032,
    "avg_route_time_E": 7.045000000000016
  },
  "process": {
    "runtime_seconds": 1.5288076400756836,
    "epochs": 22,
    "accepted_moves": 1287,
    "improving_moves": 254,
    "rejected_window_E_moves": 9248,
    "rejected_window_P_moves": 9295,
    "rejected_window_both_moves": 9183
  },
  "trace_improvements": [
    [
      0,
      3810.17
    ],
    [
      19,
      3713.97
    ]
  ]
}