{
  "parameters": {
    "dataset": "app_final_40_very_loose",
    "t_max": 1500.0,
    "t_min": 10.0,
    "alpha": 0.9,
    "iters_per_T": 500,
    "neighborhood": "mixed",
    "day_horizon": 600,
    "time_weight": 1.0
  },
  "initial_cost": 4057.98,
  "best_cost": 3836.5099999999993,
  "improvement_pct": 0.05457641486651011,
  "best_routes": [
    [
      0,
      5,
      20,
      31,
      6,
      25,
      26,
      18,
      11,
      1,
      15,
      12,
      27,
      7,
      17,
      36,
      2,
      10,
      23,
      3,
      24,
      0
    ],
    [
      0,
      22,
      21,
      8,
      39,
      32,
      38,
      33,
      14,
      37,
      16,
      19,
      29,
      28,
      4,
      9,
      13,
      30,
      34,
      35,
      40,
      0
    ]
  ],
  "metrics_initial": {
    "vehicles_used": 2,
    "total_distance_km": 1132.81,
    "cost_distance": 1132.81,
    "cost_time": 1125.17,
    "vehicle_cost": 1800.0,
    "waiting_E": 120.92999999999999,
    "horizon_excess_E": 0.0,
    "makespan_E": 578.77,
    "sum_route_time_E": 1125.17,
    "avg_route_time_E": 562.585
  },
  "metrics_best": {
    "vehicles_used": 2,
    "total_distance_km": 995.3199999999998,
    "cost_distance": 995.3199999999998,
    "cost_time": 1041.1899999999998,
    "vehicle_cost": 1800.0,
    "waiting_E": 110.05000000000001,
    "horizon_excess_E": 0.0,
    "makespan_E": 548.6099999999999,
    "sum_route_time_E": 1041.1899999999998,
    "avg_route_time_E": 520.5949999999999
  },
  "metrics_delta": {
    "vehicles_used": 0,
    "total_distance_km": -137.49000000000012,
    "cost_distance": -137.49000000000012,
    "cost_time": -83.98000000000025,
    "vehicle_cost": 0.0,
    "waiting_E": -10.879999999999981,
    "horizon_excess_E": 0.0,
    "makespan_E": -30.160000000000082,
    "sum_route_time_E": -83.98000000000025,
    "avg_route_time_E": -41.99000000000012
  },
  "process": {
    "runtime_seconds": 3.258206605911255,
    "epochs": 48,
    "accepted_moves": 3230,
    "improving_moves": 759,
    "rejected_window_E_moves": 19888,
    "rejected_window_P_moves": 18973,
    "rejected_window_both_moves": 18564
  },
  "trace_improvements": [
    [
      0,
      3991.52
    ],
    [
      42,
      3958.1500000000005
    ],
    [
      44,
      3948.26
    ],
    [
      45,
      3843.4399999999996
    ],
    [
      46,
      3836.5099999999993
    ]
  ]
}