{
  "parameters": {
    "dataset": "app_final_20_medium",
    "t_max": 500.0,
    "t_min": 10.0,
    "alpha": 0.9,
    "iters_per_T": 500,
    "neighborhood": "mixed",
    "day_horizon": 600,
    "time_weight": 1.0
  },
  "initial_cost": 3758.7000000000003,
  "best_cost": 3589.3900000000003,
  "improvement_pct": 0.04504482932928936,
  "best_routes": [
    [
      0,
      17,
      15,
      13,
      1,
      11,
      20,
      9,
      10,
      16,
      8,
      6,
      0
    ],
    [
      0,
      5,
      3,
      2,
      19,
      18,
      12,
      14,
      4,
      7,
      0
    ]
  ],
  "metrics_initial": {
    "vehicles_used": 2,
    "total_distance_km": 917.1800000000001,
    "cost_distance": 917.1800000000001,
    "cost_time": 1041.52,
    "vehicle_cost": 1800.0,
    "waiting_E": 211.95,
    "horizon_excess_E": 0.0,
    "makespan_E": 585.08,
    "sum_route_time_E": 1041.52,
    "avg_route_time_E": 520.76
  },
  "metrics_best": {
    "vehicles_used": 2,
    "total_distance_km": 802.09,
    "cost_distance": 802.09,
    "cost_time": 987.3,
    "vehicle_cost": 1800.0,
    "waiting_E": 249.91000000000005,
    "horizon_excess_E": 0.0,
    "makespan_E": 582.97,
    "sum_route_time_E": 987.3,
    "avg_route_time_E": 493.65
  },
  "metrics_delta": {
    "vehicles_used": 0,
    "total_distance_km": -115.09000000000003,
    "cost_distance": -115.09000000000003,
    "cost_time": -54.22000000000003,
    "vehicle_cost": 0.0,
    "waiting_E": 37.960000000000065,
    "horizon_excess_E": 0.0,
    "makespan_E": -2.1100000000000136,
    "sum_route_time_E": -54.22000000000003,
    "avg_route_time_E": -27.110000000000014
  },
  "process": {
    "runtime_seconds": 1.7190032005310059,
    "epochs": 38,
    "accepted_moves": 3866,
    "improving_moves": 736,
    "rejected_window_E_moves": 14290,
    "rejected_window_P_moves": 14089,
    "rejected_window_both_moves": 13783
  },
  "trace_improvements": [
    [
      0,
      3734.0499999999997
    ],
    [
      4,
      3719.4300000000003
    ],
    [
      5,
      3686.2
    ],
    [
      25,
      3673.36
    ],
    [
      28,
      3668.02
    ],
    [
      30,
      3623.5200000000004
    ],
    [
      31,
      3605.58
    ],
    [
      37,
      3589.3900000000003
    ]
  ]
}