{
  "parameters": {
    "dataset": "app_final_20_very_loose",
    "t_max": 2000.0,
    "t_min": 10.0,
    "alpha": 0.9,
    "iters_per_T": 500,
    "neighborhood": "mixed",
    "day_horizon": 600,
    "time_weight": 1.0
  },
  "initial_cost": 3222.19,
  "best_cost": 3096.13,
  "improvement_pct": 0.03912246019011913,
  "best_routes": [
    [
      0,
      15,
      10,
      2,
      13,
      19,
      7,
      17,
      11,
      12,
      6,
      0
    ],
    [
      0,
      20,
      9,
      18,
      5,
      1,
      3,
      4,
      8,
      14,
      16,
      0
    ]
  ],
  "metrics_initial": {
    "vehicles_used": 2,
    "total_distance_km": 649.4700000000001,
    "cost_distance": 649.4700000000001,
    "cost_time": 772.7199999999999,
    "vehicle_cost": 1800.0,
    "waiting_E": 192.59,
    "horizon_excess_E": 0.0,
    "makespan_E": 413.61999999999995,
    "sum_route_time_E": 772.7199999999999,
    "avg_route_time_E": 386.35999999999996
  },
  "metrics_best": {
    "vehicles_used": 2,
    "total_distance_km": 618.9799999999999,
    "cost_distance": 618.9799999999999,
    "cost_time": 677.15,
    "vehicle_cost": 1800.0,
    "waiting_E": 104.70000000000003,
    "horizon_excess_E": 0.0,
    "makespan_E": 342.01,
    "sum_route_time_E": 677.15,
    "avg_route_time_E": 338.575
  },
  "metrics_delta": {
    "vehicles_used": 0,
    "total_distance_km": -30.490000000000236,
    "cost_distance": -30.490000000000236,
    "cost_time": -95.56999999999994,
    "vehicle_cost": 0.0,
    "waiting_E": -87.88999999999997,
    "horizon_excess_E": 0.0,
    "makespan_E": -71.60999999999996,
    "sum_route_time_E": -95.56999999999994,
    "avg_route_time_E": -47.78499999999997
  },
  "process": {
    "runtime_seconds": 2.5451152324676514,
    "epochs": 51,
    "accepted_moves": 7795,
    "improving_moves": 2357,
    "rejected_window_E_moves": 13943,
    "rejected_window_P_moves": 14386,
    "rejected_window_both_moves": 13484
  },
  "trace_improvements": [
    [
      0,
      3222.19
    ],
    [
      38,
      3173.3
    ],
    [
      39,
      3167.0
    ],
    [
      45,
      3102.2599999999998
    ],
    [
      48,
      3096.13
    ]
  ]
}