{
  "parameters": {
    "dataset": "app_final_80_tight",
    "t_max": 500.0,
    "t_min": 10.0,
    "alpha": 0.9,
    "iters_per_T": 500,
    "neighborhood": "mixed",
    "day_horizon": 600,
    "time_weight": 1.0
  },
  "initial_cost": 11626.3,
  "best_cost": 11401.54,
  "improvement_pct": 0.019332031686778977,
  "best_routes": [
    [
      0,
      6,
      33,
      62,
      40,
      45,
      13,
      74,
      78,
      71,
      30,
      76,
      1,
      0
    ],
    [
      0,
      18,
      15,
      31,
      10,
      48,
      8,
      51,
      61,
      25,
      3,
      58,
      19,
      32,
      67,
      63,
      0
    ],
    [
      0,
      4,
      21,
      23,
      16,
      17,
      73,
      35,
      52,
      77,
      49,
      9,
      80,
      0
    ],
    [
      0,
      36,
      26,
      66,
      28,
      55,
      14,
      24,
      42,
      37,
      46,
      44,
      47,
      53,
      38,
      0
    ],
    [
      0,
      2,
      22,
      5,
      56,
      79,
      68,
      59,
      41,
      64,
      27,
      75,
      69,
      0
    ],
    [
      0,
      34,
      20,
      50,
      72,
      29,
      54,
      43,
      60,
      7,
      39,
      57,
      11,
      12,
      65,
      70,
      0
    ]
  ],
  "metrics_initial": {
    "vehicles_used": 6,
    "total_distance_km": 2998.07,
    "cost_distance": 2998.07,
    "cost_time": 3228.2300000000005,
    "vehicle_cost": 5400.0,
    "waiting_E": 485.42,
    "horizon_excess_E": 0.0,
    "makespan_E": 597.35,
    "sum_route_time_E": 3228.2300000000005,
    "avg_route_time_E": 538.0383333333334
  },
  "metrics_best": {
    "vehicles_used": 6,
    "total_distance_km": 2876.3299999999995,
    "cost_distance": 2876.3299999999995,
    "cost_time": 3125.21,
    "vehicle_cost": 5400.0,
    "waiting_E": 548.8599999999999,
    "horizon_excess_E": 0.0,
    "makespan_E": 577.6,
    "sum_route_time_E": 3125.21,
    "avg_route_time_E": 520.8683333333333
  },
  "metrics_delta": {
    "vehicles_used": 0,
    "total_distance_km": -121.74000000000069,
    "cost_distance": -121.74000000000069,
    "cost_time": -103.02000000000044,
    "vehicle_cost": 0.0,
    "waiting_E": 63.439999999999884,
    "horizon_excess_E": 0.0,
    "makespan_E": -19.75,
    "sum_route_time_E": -103.02000000000044,
    "avg_route_time_E": -17.170000000000073
  },
  "process": {
    "runtime_seconds": 5.260398864746094,
    "epochs": 38,
    "accepted_moves": 2145,
    "improving_moves": 235,
    "rejected_window_E_moves": 16570,
    "rejected_window_P_moves": 16687,
    "rejected_window_both_moves": 16498
  },
  "trace_improvements": [
    [
      0,
      11626.3
    ],
    [
      7,
      11562.130000000001
    ],
    [
      8,
      11559.19
    ],
    [
      28,
      11540.11
    ],
    [
      30,
      11531.689999999999
    ],
    [
      31,
      11508.970000000001
    ],
    [
      33,
      11428.5
    ],
    [
      35,
      11418.84
    ],
    [
      36,
      11412.11
    ],
    [
      37,
      11401.54
    ]
  ]
}