{
  "parameters": {
    "dataset": "app_final_40_medium",
    "t_max": 1000.0,
    "t_min": 10.0,
    "alpha": 0.9,
    "iters_per_T": 500,
    "neighborhood": "mixed",
    "day_horizon": 600,
    "time_weight": 1.0
  },
  "initial_cost": 6085.45,
  "best_cost": 5556.2300000000005,
  "improvement_pct": 0.086964809504638,
  "best_routes": [
    [
      0,
      11,
      5,
      17,
      23,
      32,
      7,
      35,
      6,
      20,
      18,
      10,
      26,
      14,
      9,
      21,
      0
    ],
    [
      0,
      37,
      39,
      12,
      16,
      40,
      27,
      33,
      3,
      25,
      36,
      1,
      28,
      38,
      0
    ],
    [
      0,
      30,
      29,
      13,
      24,
      4,
      34,
      31,
      2,
      15,
      19,
      22,
      8,
      0
    ]
  ],
  "metrics_initial": {
    "vehicles_used": 3,
    "total_distance_km": 1722.8400000000004,
    "cost_distance": 1722.8400000000004,
    "cost_time": 1662.61,
    "vehicle_cost": 2700.0,
    "waiting_E": 126.65,
    "horizon_excess_E": 0.0,
    "makespan_E": 589.23,
    "sum_route_time_E": 1662.61,
    "avg_route_time_E": 554.2033333333333
  },
  "metrics_best": {
    "vehicles_used": 3,
    "total_distance_km": 1355.22,
    "cost_distance": 1355.22,
    "cost_time": 1501.0100000000002,
    "vehicle_cost": 2700.0,
    "waiting_E": 267.23,
    "horizon_excess_E": 0.0,
    "makespan_E": 580.9000000000001,
    "sum_route_time_E": 1501.0100000000002,
    "avg_route_time_E": 500.33666666666676
  },
  "metrics_delta": {
    "vehicles_used": 0,
    "total_distance_km": -367.62000000000035,
    "cost_distance": -367.62000000000035,
    "cost_time": -161.59999999999968,
    "vehicle_cost": 0.0,
    "waiting_E": 140.58,
    "horizon_excess_E": 0.0,
    "makespan_E": -8.329999999999927,
    "sum_route_time_E": -161.59999999999968,
    "avg_route_time_E": -53.866666666666504
  },
  "process": {
    "runtime_seconds": 3.1837143898010254,
    "epochs": 44,
    "accepted_moves": 3081,
    "improving_moves": 495,
    "rejected_window_E_moves": 18203,
    "rejected_window_P_moves": 18299,
    "rejected_window_both_moves": 17951
  },
  "trace_improvements": [
    [
      0,
      6064.790000000001
    ],
    [
      14,
      6045.4
    ],
    [
      15,
      5981.830000000001
    ],
    [
      17,
      5890.58
    ],
    [
      21,
      5890.5599999999995
    ],
    [
      32,
      5751.820000000001
    ],
    [
      34,
      5661.4400000000005
    ],
    [
      35,
      5584.3099999999995
    ],
    [
      42,
      5568.83
    ],
    [
      43,
      5556.2300000000005
    ]
  ]
}