{
  "parameters": {
    "dataset": "app_final_120_medium",
    "t_max": 1000.0,
    "t_min": 10.0,
    "alpha": 0.9,
    "iters_per_T": 500,
    "neighborhood": "mixed",
    "day_horizon": 600,
    "time_weight": 1.0
  },
  "initial_cost": 13892.869999999999,
  "best_cost": 13257.56,
  "improvement_pct": 0.04572921217862109,
  "best_routes": [
    [
      0,
      2,
      90,
      21,
      77,
      31,
      42,
      112,
      95,
      120,
      65,
      33,
      110,
      69,
      104,
      0
    ],
    [
      0,
      10,
      74,
      102,
      43,
      78,
      87,
      97,
      71,
      8,
      114,
      54,
      34,
      26,
      32,
      49,
      44,
      86,
      23,
      80,
      55,
      0
    ],
    [
      0,
      19,
      106,
      58,
      47,
      57,
      56,
      100,
      73,
      60,
      109,
      37,
      12,
      38,
      35,
      113,
      103,
      22,
      68,
      119,
      67,
      0
    ],
    [
      0,
      28,
      13,
      48,
      50,
      7,
      108,
      3,
      115,
      9,
      15,
      70,
      81,
      118,
      27,
      89,
      4,
      30,
      39,
      116,
      0
    ],
    [
      0,
      82,
      51,
      45,
      64,
      59,
      5,
      40,
      111,
      36,
      98,
      75,
      84,
      99,
      94,
      18,
      16,
      14,
      72,
      11,
      63,
      0
    ],
    [
      0,
      117,
      25,
      88,
      29,
      62,
      93,
      83,
      6,
      92,
      1,
      41,
      79,
      91,
      0
    ],
    [
      0,
      53,
      105,
      96,
      52,
      61,
      66,
      85,
      17,
      20,
      46,
      24,
      107,
      101,
      76,
      0
    ]
  ],
  "metrics_initial": {
    "vehicles_used": 7,
    "total_distance_km": 3814.1899999999996,
    "cost_distance": 3814.1899999999996,
    "cost_time": 3778.6800000000003,
    "vehicle_cost": 6300.0,
    "waiting_E": 367.19000000000005,
    "horizon_excess_E": 0.0,
    "makespan_E": 585.98,
    "sum_route_time_E": 3778.6800000000003,
    "avg_route_time_E": 539.8114285714286
  },
  "metrics_best": {
    "vehicles_used": 7,
    "total_distance_km": 3303.299999999999,
    "cost_distance": 3303.299999999999,
    "cost_time": 3654.2599999999998,
    "vehicle_cost": 6300.0,
    "waiting_E": 681.01,
    "horizon_excess_E": 0.0,
    "makespan_E": 540.15,
    "sum_route_time_E": 3654.2599999999998,
    "avg_route_time_E": 522.0371428571428
  },
  "metrics_delta": {
    "vehicles_used": 0,
    "total_distance_km": -510.8900000000008,
    "cost_distance": -510.8900000000008,
    "cost_time": -124.42000000000053,
    "vehicle_cost": 0.0,
    "waiting_E": 313.81999999999994,
    "horizon_excess_E": 0.0,
    "makespan_E": -45.83000000000004,
    "sum_route_time_E": -124.42000000000053,
    "avg_route_time_E": -17.774285714285725
  },
  "process": {
    "runtime_seconds": 8.801771402359009,
    "epochs": 44,
    "accepted_moves": 2720,
    "improving_moves": 529,
    "rejected_window_E_moves": 18687,
    "rejected_window_P_moves": 18729,
    "rejected_window_both_moves": 18427
  },
  "trace_improvements": [
    [
      0,
      13892.869999999999
    ],
    [
      30,
      13845.04
    ],
    [
      33,
      13769.400000000001
    ],
    [
      34,
      13659.780000000002
    ],
    [
      35,
      13621.8
    ],
    [
      36,
      13583.259999999998
    ],
    [
      37,
      13486.8
    ],
    [
      39,
      13439.050000000001
    ],
    [
      40,
      13330.43
    ],
    [
      42,
      13260.829999999998
    ],
    [
      43,
      13257.56
    ]
  ]
}