{
  "parameters": {
    "dataset": "app_final_20_medium",
    "t_max": 1500.0,
    "t_min": 10.0,
    "alpha": 0.9,
    "iters_per_T": 500,
    "neighborhood": "mixed",
    "day_horizon": 600,
    "time_weight": 1.0
  },
  "initial_cost": 3758.7000000000003,
  "best_cost": 3614.14,
  "improvement_pct": 0.03846010588767403,
  "best_routes": [
    [
      0,
      5,
      3,
      13,
      1,
      11,
      20,
      9,
      10,
      16,
      4,
      2,
      12,
      14,
      7,
      0
    ],
    [
      0,
      17,
      15,
      8,
      18,
      19,
      6,
      0
    ]
  ],
  "metrics_initial": {
    "vehicles_used": 2,
    "total_distance_km": 917.1800000000001,
    "cost_distance": 917.1800000000001,
    "cost_time": 1041.52,
    "vehicle_cost": 1800.0,
    "waiting_E": 211.95,
    "horizon_excess_E": 0.0,
    "makespan_E": 585.08,
    "sum_route_time_E": 1041.52,
    "avg_route_time_E": 520.76
  },
  "metrics_best": {
    "vehicles_used": 2,
    "total_distance_km": 790.3199999999998,
    "cost_distance": 790.3199999999998,
    "cost_time": 1023.82,
    "vehicle_cost": 1800.0,
    "waiting_E": 311.8,
    "horizon_excess_E": 0.0,
    "makespan_E": 590.2800000000001,
    "sum_route_time_E": 1023.82,
    "avg_route_time_E": 511.91
  },
  "metrics_delta": {
    "vehicles_used": 0,
    "total_distance_km": -126.86000000000024,
    "cost_distance": -126.86000000000024,
    "cost_time": -17.699999999999932,
    "vehicle_cost": 0.0,
    "waiting_E": 99.85000000000002,
    "horizon_excess_E": 0.0,
    "makespan_E": 5.2000000000000455,
    "sum_route_time_E": -17.699999999999932,
    "avg_route_time_E": -8.849999999999966
  },
  "process": {
    "runtime_seconds": 2.077826499938965,
    "epochs": 48,
    "accepted_moves": 4931,
    "improving_moves": 959,
    "rejected_window_E_moves": 17983,
    "rejected_window_P_moves": 17940,
    "rejected_window_both_moves": 17523
  },
  "trace_improvements": [
    [
      0,
      3758.7000000000003
    ],
    [
      3,
      3758.67
    ],
    [
      7,
      3754.9699999999993
    ],
    [
      8,
      3711.5299999999997
    ],
    [
      30,
      3709.69
    ],
    [
      32,
      3670.59
    ],
    [
      38,
      3665.3199999999997
    ],
    [
      44,
      3631.15
    ],
    [
      45,
      3619.04
    ],
    [
      46,
      3614.14
    ]
  ]
}