{
  "parameters": {
    "dataset": "app_final_20_very_loose",
    "t_max": 100.0,
    "t_min": 10.0,
    "alpha": 0.9,
    "iters_per_T": 500,
    "neighborhood": "mixed",
    "day_horizon": 600,
    "time_weight": 1.0
  },
  "initial_cost": 3222.19,
  "best_cost": 3075.43,
  "improvement_pct": 0.04554666236317542,
  "best_routes": [
    [
      0,
      15,
      20,
      10,
      9,
      2,
      19,
      13,
      7,
      17,
      11,
      12,
      6,
      0
    ],
    [
      0,
      4,
      18,
      5,
      1,
      3,
      8,
      14,
      16,
      0
    ]
  ],
  "metrics_initial": {
    "vehicles_used": 2,
    "total_distance_km": 649.4700000000001,
    "cost_distance": 649.4700000000001,
    "cost_time": 772.7199999999999,
    "vehicle_cost": 1800.0,
    "waiting_E": 192.59,
    "horizon_excess_E": 0.0,
    "makespan_E": 413.61999999999995,
    "sum_route_time_E": 772.7199999999999,
    "avg_route_time_E": 386.35999999999996
  },
  "metrics_best": {
    "vehicles_used": 2,
    "total_distance_km": 598.28,
    "cost_distance": 598.28,
    "cost_time": 677.15,
    "vehicle_cost": 1800.0,
    "waiting_E": 116.25000000000007,
    "horizon_excess_E": 0.0,
    "makespan_E": 342.01,
    "sum_route_time_E": 677.15,
    "avg_route_time_E": 338.575
  },
  "metrics_delta": {
    "vehicles_used": 0,
    "total_distance_km": -51.19000000000017,
    "cost_distance": -51.19000000000017,
    "cost_time": -95.56999999999994,
    "vehicle_cost": 0.0,
    "waiting_E": -76.33999999999993,
    "horizon_excess_E": 0.0,
    "makespan_E": -71.60999999999996,
    "sum_route_time_E": -95.56999999999994,
    "avg_route_time_E": -47.78499999999997
  },
  "process": {
    "runtime_seconds": 1.148850679397583,
    "epochs": 22,
    "accepted_moves": 2743,
    "improving_moves": 695,
    "rejected_window_E_moves": 5299,
    "rejected_window_P_moves": 5539,
    "rejected_window_both_moves": 5234
  },
  "trace_improvements": [
    [
      0,
      3222.19
    ],
    [
      1,
      3170.19
    ],
    [
      14,
      3142.65
    ],
    [
      16,
      3075.43
    ]
  ]
}