{
  "parameters": {
    "dataset": "app_final_120_tight",
    "t_max": 2000.0,
    "t_min": 10.0,
    "alpha": 0.9,
    "iters_per_T": 500,
    "neighborhood": "mixed",
    "day_horizon": 600,
    "time_weight": 1.0
  },
  "initial_cost": 15820.490000000003,
  "best_cost": 15301.71,
  "improvement_pct": 0.03279165183884976,
  "best_routes": [
    [
      0,
      38,
      102,
      29,
      43,
      108,
      116,
      81,
      10,
      110,
      72,
      57,
      97,
      22,
      42,
      117,
      90,
      0
    ],
    [
      0,
      45,
      40,
      68,
      20,
      16,
      105,
      27,
      111,
      24,
      9,
      39,
      84,
      98,
      5,
      0
    ],
    [
      0,
      53,
      67,
      1,
      75,
      33,
      54,
      112,
      4,
      66,
      34,
      17,
      0
    ],
    [
      0,
      69,
      74,
      3,
      73,
      47,
      30,
      8,
      103,
      2,
      120,
      77,
      55,
      94,
      89,
      0
    ],
    [
      0,
      41,
      93,
      79,
      70,
      76,
      109,
      18,
      91,
      21,
      78,
      115,
      19,
      107,
      65,
      114,
      106,
      23,
      83,
      0
    ],
    [
      0,
      32,
      59,
      118,
      56,
      80,
      113,
      28,
      35,
      50,
      58,
      95,
      6,
      31,
      0
    ],
    [
      0,
      26,
      14,
      88,
      61,
      25,
      36,
      104,
      86,
      48,
      37,
      96,
      99,
      63,
      12,
      101,
      0
    ],
    [
      0,
      85,
      11,
      92,
      64,
      62,
      60,
      82,
      71,
      51,
      13,
      49,
      100,
      87,
      52,
      15,
      7,
      44,
      119,
      46,
      0
    ]
  ],
  "metrics_initial": {
    "vehicles_used": 8,
    "total_distance_km": 4535.980000000002,
    "cost_distance": 4535.980000000002,
    "cost_time": 4084.5100000000007,
    "vehicle_cost": 7200.0,
    "waiting_E": 389.52,
    "horizon_excess_E": 0.0,
    "makespan_E": 599.3900000000001,
    "sum_route_time_E": 4084.5100000000007,
    "avg_route_time_E": 510.5637500000001
  },
  "metrics_best": {
    "vehicles_used": 8,
    "total_distance_km": 3966.6600000000003,
    "cost_distance": 3966.6600000000003,
    "cost_time": 4135.05,
    "vehicle_cost": 7200.0,
    "waiting_E": 850.81,
    "horizon_excess_E": 0.0,
    "makespan_E": 598.71,
    "sum_route_time_E": 4135.05,
    "avg_route_time_E": 516.88125
  },
  "metrics_delta": {
    "vehicles_used": 0,
    "total_distance_km": -569.320000000002,
    "cost_distance": -569.320000000002,
    "cost_time": 50.53999999999951,
    "vehicle_cost": 0.0,
    "waiting_E": 461.28999999999996,
    "horizon_excess_E": 0.0,
    "makespan_E": -0.6800000000000637,
    "sum_route_time_E": 50.53999999999951,
    "avg_route_time_E": 6.317499999999939
  },
  "process": {
    "runtime_seconds": 10.478870391845703,
    "epochs": 51,
    "accepted_moves": 2874,
    "improving_moves": 417,
    "rejected_window_E_moves": 22290,
    "rejected_window_P_moves": 22463,
    "rejected_window_both_moves": 22230
  },
  "trace_improvements": [
    [
      0,
      15820.490000000003
    ],
    [
      34,
      15672.23
    ],
    [
      35,
      15666.710000000001
    ],
    [
      46,
      15612.72
    ],
    [
      47,
      15508.710000000001
    ],
    [
      48,
      15410.27
    ],
    [
      49,
      15391.66
    ],
    [
      50,
      15301.71
    ]
  ]
}