{
  "parameters": {
    "dataset": "app_final_80_loose",
    "t_max": 1500.0,
    "t_min": 10.0,
    "alpha": 0.9,
    "iters_per_T": 500,
    "neighborhood": "mixed",
    "day_horizon": 600,
    "time_weight": 1.0
  },
  "initial_cost": 6387.089999999999,
  "best_cost": 6157.9,
  "improvement_pct": 0.03588332088635038,
  "best_routes": [
    [
      0,
      78,
      66,
      20,
      25,
      34,
      59,
      58,
      35,
      75,
      76,
      2,
      24,
      14,
      55,
      45,
      41,
      21,
      12,
      36,
      46,
      68,
      71,
      1,
      39,
      0
    ],
    [
      0,
      27,
      56,
      10,
      37,
      26,
      70,
      43,
      53,
      51,
      33,
      52,
      65,
      38,
      48,
      69,
      74,
      29,
      22,
      11,
      17,
      79,
      50,
      67,
      40,
      32,
      73,
      72,
      16,
      0
    ],
    [
      0,
      15,
      6,
      63,
      19,
      42,
      8,
      23,
      80,
      49,
      3,
      9,
      30,
      62,
      64,
      5,
      4,
      60,
      44,
      28,
      31,
      54,
      47,
      57,
      13,
      77,
      18,
      7,
      61,
      0
    ]
  ],
  "metrics_initial": {
    "vehicles_used": 3,
    "total_distance_km": 1987.2299999999998,
    "cost_distance": 1987.2299999999998,
    "cost_time": 1699.8599999999997,
    "vehicle_cost": 2700.0,
    "waiting_E": 61.810000000000045,
    "horizon_excess_E": 0.0,
    "makespan_E": 580.3,
    "sum_route_time_E": 1699.8599999999997,
    "avg_route_time_E": 566.6199999999999
  },
  "metrics_best": {
    "vehicles_used": 3,
    "total_distance_km": 1829.0999999999992,
    "cost_distance": 1829.0999999999992,
    "cost_time": 1628.8000000000002,
    "vehicle_cost": 2700.0,
    "waiting_E": 108.59000000000009,
    "horizon_excess_E": 0.0,
    "makespan_E": 588.94,
    "sum_route_time_E": 1628.8000000000002,
    "avg_route_time_E": 542.9333333333334
  },
  "metrics_delta": {
    "vehicles_used": 0,
    "total_distance_km": -158.13000000000056,
    "cost_distance": -158.13000000000056,
    "cost_time": -71.05999999999949,
    "vehicle_cost": 0.0,
    "waiting_E": 46.780000000000044,
    "horizon_excess_E": 0.0,
    "makespan_E": 8.6400000000001,
    "sum_route_time_E": -71.05999999999949,
    "avg_route_time_E": -23.686666666666497
  },
  "process": {
    "runtime_seconds": 5.501022100448608,
    "epochs": 48,
    "accepted_moves": 1847,
    "improving_moves": 305,
    "rejected_window_E_moves": 21846,
    "rejected_window_P_moves": 21552,
    "rejected_window_both_moves": 21336
  },
  "trace_improvements": [
    [
      0,
      6319.82
    ],
    [
      3,
      6297.84
    ],
    [
      14,
      6253.5
    ],
    [
      45,
      6205.32
    ],
    [
      46,
      6195.469999999999
    ],
    [
      47,
      6157.9
    ]
  ]
}