{
  "parameters": {
    "dataset": "app_final_20_loose",
    "t_max": 1500.0,
    "t_min": 10.0,
    "alpha": 0.9,
    "iters_per_T": 500,
    "neighborhood": "mixed",
    "day_horizon": 600,
    "time_weight": 1.0
  },
  "initial_cost": 3225.33,
  "best_cost": 3183.26,
  "improvement_pct": 0.013043626543640406,
  "best_routes": [
    [
      0,
      6,
      16,
      0
    ],
    [
      0,
      11,
      12,
      19,
      17,
      8,
      7,
      18,
      5,
      4,
      1,
      15,
      3,
      2,
      10,
      14,
      13,
      9,
      20,
      0
    ]
  ],
  "metrics_initial": {
    "vehicles_used": 2,
    "total_distance_km": 707.16,
    "cost_distance": 707.16,
    "cost_time": 718.17,
    "vehicle_cost": 1800.0,
    "waiting_E": 56.379999999999946,
    "horizon_excess_E": 0.0,
    "makespan_E": 572.16,
    "sum_route_time_E": 718.17,
    "avg_route_time_E": 359.085
  },
  "metrics_best": {
    "vehicles_used": 2,
    "total_distance_km": 647.5,
    "cost_distance": 647.5,
    "cost_time": 735.76,
    "vehicle_cost": 1800.0,
    "waiting_E": 166.41000000000005,
    "horizon_excess_E": 0.0,
    "makespan_E": 589.75,
    "sum_route_time_E": 735.76,
    "avg_route_time_E": 367.88
  },
  "metrics_delta": {
    "vehicles_used": 0,
    "total_distance_km": -59.65999999999997,
    "cost_distance": -59.65999999999997,
    "cost_time": 17.590000000000032,
    "vehicle_cost": 0.0,
    "waiting_E": 110.03000000000011,
    "horizon_excess_E": 0.0,
    "makespan_E": 17.590000000000032,
    "sum_route_time_E": 17.590000000000032,
    "avg_route_time_E": 8.795000000000016
  },
  "process": {
    "runtime_seconds": 2.238173246383667,
    "epochs": 48,
    "accepted_moves": 6773,
    "improving_moves": 1808,
    "rejected_window_E_moves": 15115,
    "rejected_window_P_moves": 14408,
    "rejected_window_both_moves": 13939
  },
  "trace_improvements": [
    [
      0,
      3225.33
    ],
    [
      41,
      3219.04
    ],
    [
      42,
      3183.26
    ]
  ]
}