{
  "parameters": {
    "dataset": "app_final_40_medium",
    "t_max": 100.0,
    "t_min": 10.0,
    "alpha": 0.9,
    "iters_per_T": 500,
    "neighborhood": "mixed",
    "day_horizon": 600,
    "time_weight": 1.0
  },
  "initial_cost": 6085.45,
  "best_cost": 5704.540000000001,
  "improvement_pct": 0.06259356333549679,
  "best_routes": [
    [
      0,
      11,
      5,
      17,
      7,
      32,
      35,
      6,
      16,
      24,
      29,
      18,
      10,
      22,
      26,
      14,
      0
    ],
    [
      0,
      37,
      12,
      39,
      27,
      33,
      13,
      40,
      31,
      4,
      34,
      38,
      21,
      9,
      0
    ],
    [
      0,
      30,
      23,
      3,
      36,
      1,
      28,
      19,
      20,
      15,
      2,
      25,
      8,
      0
    ]
  ],
  "metrics_initial": {
    "vehicles_used": 3,
    "total_distance_km": 1722.8400000000004,
    "cost_distance": 1722.8400000000004,
    "cost_time": 1662.61,
    "vehicle_cost": 2700.0,
    "waiting_E": 126.65,
    "horizon_excess_E": 0.0,
    "makespan_E": 589.23,
    "sum_route_time_E": 1662.61,
    "avg_route_time_E": 554.2033333333333
  },
  "metrics_best": {
    "vehicles_used": 3,
    "total_distance_km": 1505.1,
    "cost_distance": 1505.1,
    "cost_time": 1499.44,
    "vehicle_cost": 2700.0,
    "waiting_E": 104.02000000000012,
    "horizon_excess_E": 0.0,
    "makespan_E": 531.59,
    "sum_route_time_E": 1499.44,
    "avg_route_time_E": 499.81333333333333
  },
  "metrics_delta": {
    "vehicles_used": 0,
    "total_distance_km": -217.74000000000046,
    "cost_distance": -217.74000000000046,
    "cost_time": -163.16999999999985,
    "vehicle_cost": 0.0,
    "waiting_E": -22.62999999999988,
    "horizon_excess_E": 0.0,
    "makespan_E": -57.639999999999986,
    "sum_route_time_E": -163.16999999999985,
    "avg_route_time_E": -54.38999999999993
  },
  "process": {
    "runtime_seconds": 1.662658452987671,
    "epochs": 22,
    "accepted_moves": 1427,
    "improving_moves": 202,
    "rejected_window_E_moves": 9067,
    "rejected_window_P_moves": 9151,
    "rejected_window_both_moves": 8961
  },
  "trace_improvements": [
    [
      0,
      6085.45
    ],
    [
      8,
      6072.119999999999
    ],
    [
      9,
      6021.3099999999995
    ],
    [
      10,
      5919.139999999999
    ],
    [
      17,
      5844.25
    ],
    [
      18,
      5736.339999999999
    ],
    [
      19,
      5728.83
    ],
    [
      21,
      5704.540000000001
    ]
  ]
}