{
  "parameters": {
    "dataset": "app_final_80_tight",
    "t_max": 1000.0,
    "t_min": 10.0,
    "alpha": 0.9,
    "iters_per_T": 500,
    "neighborhood": "mixed",
    "day_horizon": 600,
    "time_weight": 1.0
  },
  "initial_cost": 11626.3,
  "best_cost": 11110.220000000001,
  "improvement_pct": 0.04438901456181228,
  "best_routes": [
    [
      0,
      6,
      33,
      62,
      40,
      45,
      43,
      13,
      60,
      5,
      61,
      74,
      41,
      39,
      64,
      27,
      80,
      0
    ],
    [
      0,
      21,
      34,
      48,
      56,
      15,
      7,
      35,
      73,
      77,
      49,
      3,
      58,
      19,
      32,
      12,
      67,
      0
    ],
    [
      0,
      31,
      52,
      17,
      23,
      16,
      79,
      11,
      57,
      65,
      63,
      1,
      76,
      70,
      0
    ],
    [
      0,
      66,
      26,
      72,
      55,
      28,
      14,
      24,
      42,
      25,
      78,
      71,
      44,
      47,
      30,
      37,
      75,
      69,
      0
    ],
    [
      0,
      4,
      36,
      2,
      29,
      54,
      8,
      51,
      59,
      46,
      9,
      53,
      38,
      0
    ],
    [
      0,
      18,
      50,
      20,
      22,
      10,
      68,
      0
    ]
  ],
  "metrics_initial": {
    "vehicles_used": 6,
    "total_distance_km": 2998.07,
    "cost_distance": 2998.07,
    "cost_time": 3228.2300000000005,
    "vehicle_cost": 5400.0,
    "waiting_E": 485.42,
    "horizon_excess_E": 0.0,
    "makespan_E": 597.35,
    "sum_route_time_E": 3228.2300000000005,
    "avg_route_time_E": 538.0383333333334
  },
  "metrics_best": {
    "vehicles_used": 6,
    "total_distance_km": 2732.0200000000013,
    "cost_distance": 2732.0200000000013,
    "cost_time": 2978.2000000000003,
    "vehicle_cost": 5400.0,
    "waiting_E": 488.9600000000001,
    "horizon_excess_E": 0.0,
    "makespan_E": 598.91,
    "sum_route_time_E": 2978.2000000000003,
    "avg_route_time_E": 496.36666666666673
  },
  "metrics_delta": {
    "vehicles_used": 0,
    "total_distance_km": -266.0499999999988,
    "cost_distance": -266.0499999999988,
    "cost_time": -250.0300000000002,
    "vehicle_cost": 0.0,
    "waiting_E": 3.5400000000000773,
    "horizon_excess_E": 0.0,
    "makespan_E": 1.5599999999999454,
    "sum_route_time_E": -250.0300000000002,
    "avg_route_time_E": -41.67166666666668
  },
  "process": {
    "runtime_seconds": 6.113549709320068,
    "epochs": 44,
    "accepted_moves": 2594,
    "improving_moves": 307,
    "rejected_window_E_moves": 19079,
    "rejected_window_P_moves": 19205,
    "rejected_window_both_moves": 19008
  },
  "trace_improvements": [
    [
      0,
      11626.3
    ],
    [
      33,
      11490.13
    ],
    [
      34,
      11348.05
    ],
    [
      35,
      11239.910000000002
    ],
    [
      36,
      11226.670000000002
    ],
    [
      40,
      11166.210000000001
    ],
    [
      41,
      11154.84
    ],
    [
      42,
      11110.220000000001
    ]
  ]
}