{
  "parameters": {
    "dataset": "app_final_80_tight",
    "t_max": 100.0,
    "t_min": 10.0,
    "alpha": 0.9,
    "iters_per_T": 500,
    "neighborhood": "mixed",
    "day_horizon": 600,
    "time_weight": 1.0
  },
  "initial_cost": 11626.3,
  "best_cost": 11253.150000000001,
  "improvement_pct": 0.03209533557537633,
  "best_routes": [
    [
      0,
      6,
      62,
      33,
      43,
      13,
      60,
      56,
      17,
      73,
      5,
      7,
      74,
      41,
      46,
      37,
      75,
      53,
      38,
      0
    ],
    [
      0,
      31,
      15,
      48,
      22,
      51,
      25,
      3,
      58,
      19,
      32,
      67,
      63,
      70,
      0
    ],
    [
      0,
      21,
      4,
      79,
      16,
      23,
      77,
      9,
      80,
      0
    ],
    [
      0,
      34,
      36,
      26,
      72,
      2,
      14,
      55,
      42,
      68,
      59,
      61,
      78,
      30,
      71,
      44,
      47,
      0
    ],
    [
      0,
      18,
      50,
      45,
      40,
      52,
      35,
      39,
      64,
      76,
      1,
      27,
      69,
      0
    ],
    [
      0,
      20,
      28,
      66,
      29,
      54,
      8,
      10,
      24,
      57,
      49,
      12,
      11,
      65,
      0
    ]
  ],
  "metrics_initial": {
    "vehicles_used": 6,
    "total_distance_km": 2998.07,
    "cost_distance": 2998.07,
    "cost_time": 3228.2300000000005,
    "vehicle_cost": 5400.0,
    "waiting_E": 485.42,
    "horizon_excess_E": 0.0,
    "makespan_E": 597.35,
    "sum_route_time_E": 3228.2300000000005,
    "avg_route_time_E": 538.0383333333334
  },
  "metrics_best": {
    "vehicles_used": 6,
    "total_distance_km": 2695.1900000000005,
    "cost_distance": 2695.1900000000005,
    "cost_time": 3157.96,
    "vehicle_cost": 5400.0,
    "waiting_E": 696.0600000000002,
    "horizon_excess_E": 0.0,
    "makespan_E": 597.35,
    "sum_route_time_E": 3157.96,
    "avg_route_time_E": 526.3266666666667
  },
  "metrics_delta": {
    "vehicles_used": 0,
    "total_distance_km": -302.87999999999965,
    "cost_distance": -302.87999999999965,
    "cost_time": -70.27000000000044,
    "vehicle_cost": 0.0,
    "waiting_E": 210.64000000000016,
    "horizon_excess_E": 0.0,
    "makespan_E": 0.0,
    "sum_route_time_E": -70.27000000000044,
    "avg_route_time_E": -11.711666666666702
  },
  "process": {
    "runtime_seconds": 3.210944652557373,
    "epochs": 22,
    "accepted_moves": 1231,
    "improving_moves": 105,
    "rejected_window_E_moves": 9571,
    "rejected_window_P_moves": 9628,
    "rejected_window_both_moves": 9545
  },
  "trace_improvements": [
    [
      0,
      11606.99
    ],
    [
      9,
      11551.53
    ],
    [
      10,
      11528.3
    ],
    [
      11,
      11524.27
    ],
    [
      12,
      11477.46
    ],
    [
      13,
      11344.4
    ],
    [
      17,
      11293.34
    ],
    [
      19,
      11281.260000000002
    ],
    [
      21,
      11253.150000000001
    ]
  ]
}