{
  "parameters": {
    "dataset": "app_final_40_very_loose",
    "t_max": 500.0,
    "t_min": 10.0,
    "alpha": 0.9,
    "iters_per_T": 500,
    "neighborhood": "mixed",
    "day_horizon": 600,
    "time_weight": 1.0
  },
  "initial_cost": 4057.98,
  "best_cost": 3967.73,
  "improvement_pct": 0.02224012932542792,
  "best_routes": [
    [
      0,
      32,
      14,
      34,
      9,
      1,
      11,
      18,
      26,
      38,
      35,
      25,
      6,
      24,
      31,
      20,
      5,
      21,
      3,
      36,
      17,
      10,
      2,
      7,
      23,
      0
    ],
    [
      0,
      22,
      39,
      12,
      15,
      33,
      8,
      37,
      27,
      16,
      29,
      19,
      4,
      28,
      13,
      30,
      40,
      0
    ]
  ],
  "metrics_initial": {
    "vehicles_used": 2,
    "total_distance_km": 1132.81,
    "cost_distance": 1132.81,
    "cost_time": 1125.17,
    "vehicle_cost": 1800.0,
    "waiting_E": 120.92999999999999,
    "horizon_excess_E": 0.0,
    "makespan_E": 578.77,
    "sum_route_time_E": 1125.17,
    "avg_route_time_E": 562.585
  },
  "metrics_best": {
    "vehicles_used": 2,
    "total_distance_km": 1046.3000000000002,
    "cost_distance": 1046.3000000000002,
    "cost_time": 1121.4299999999998,
    "vehicle_cost": 1800.0,
    "waiting_E": 143.71,
    "horizon_excess_E": 0.0,
    "makespan_E": 568.6999999999999,
    "sum_route_time_E": 1121.4299999999998,
    "avg_route_time_E": 560.7149999999999
  },
  "metrics_delta": {
    "vehicles_used": 0,
    "total_distance_km": -86.50999999999976,
    "cost_distance": -86.50999999999976,
    "cost_time": -3.7400000000002365,
    "vehicle_cost": 0.0,
    "waiting_E": 22.780000000000015,
    "horizon_excess_E": 0.0,
    "makespan_E": -10.07000000000005,
    "sum_route_time_E": -3.7400000000002365,
    "avg_route_time_E": -1.8700000000001182
  },
  "process": {
    "runtime_seconds": 2.5079920291900635,
    "epochs": 38,
    "accepted_moves": 2444,
    "improving_moves": 591,
    "rejected_window_E_moves": 16011,
    "rejected_window_P_moves": 15487,
    "rejected_window_both_moves": 15200
  },
  "trace_improvements": [
    [
      0,
      4057.98
    ],
    [
      1,
      4035.79
    ],
    [
      2,
      3967.73
    ]
  ]
}