{
  "parameters": {
    "dataset": "app_final_80_very_loose",
    "t_max": 500.0,
    "t_min": 10.0,
    "alpha": 0.9,
    "iters_per_T": 500,
    "neighborhood": "mixed",
    "day_horizon": 600,
    "time_weight": 1.0
  },
  "initial_cost": 6154.709999999999,
  "best_cost": 6153.34,
  "improvement_pct": 0.00022259375340170074,
  "best_routes": [
    [
      0,
      11,
      47,
      25,
      68,
      33,
      54,
      20,
      78,
      42,
      26,
      7,
      8,
      50,
      1,
      19,
      27,
      30,
      77,
      64,
      45,
      66,
      14,
      13,
      0
    ],
    [
      0,
      5,
      63,
      31,
      17,
      59,
      55,
      16,
      28,
      39,
      56,
      51,
      18,
      60,
      34,
      48,
      2,
      62,
      74,
      15,
      49,
      67,
      65,
      32,
      76,
      24,
      21,
      57,
      38,
      0
    ],
    [
      0,
      40,
      3,
      35,
      36,
      43,
      4,
      44,
      52,
      75,
      22,
      58,
      41,
      23,
      61,
      71,
      29,
      46,
      37,
      69,
      70,
      12,
      79,
      80,
      53,
      73,
      72,
      10,
      6,
      9,
      0
    ]
  ],
  "metrics_initial": {
    "vehicles_used": 3,
    "total_distance_km": 1864.99,
    "cost_distance": 1864.99,
    "cost_time": 1589.7199999999998,
    "vehicle_cost": 2700.0,
    "waiting_E": 20.30000000000001,
    "horizon_excess_E": 0.0,
    "makespan_E": 596.4899999999999,
    "sum_route_time_E": 1589.7199999999998,
    "avg_route_time_E": 529.9066666666666
  },
  "metrics_best": {
    "vehicles_used": 3,
    "total_distance_km": 1805.1600000000008,
    "cost_distance": 1805.1600000000008,
    "cost_time": 1648.1799999999998,
    "vehicle_cost": 2700.0,
    "waiting_E": 78.89999999999995,
    "horizon_excess_E": 0.0,
    "makespan_E": 576.63,
    "sum_route_time_E": 1648.1799999999998,
    "avg_route_time_E": 549.3933333333333
  },
  "metrics_delta": {
    "vehicles_used": 0,
    "total_distance_km": -59.829999999999245,
    "cost_distance": -59.829999999999245,
    "cost_time": 58.460000000000036,
    "vehicle_cost": 0.0,
    "waiting_E": 58.59999999999994,
    "horizon_excess_E": 0.0,
    "makespan_E": -19.8599999999999,
    "sum_route_time_E": 58.460000000000036,
    "avg_route_time_E": 19.48666666666668
  },
  "process": {
    "runtime_seconds": 4.777037620544434,
    "epochs": 38,
    "accepted_moves": 1573,
    "improving_moves": 272,
    "rejected_window_E_moves": 17124,
    "rejected_window_P_moves": 16964,
    "rejected_window_both_moves": 16787
  },
  "trace_improvements": [
    [
      0,
      6154.709999999999
    ],
    [
      36,
      6153.450000000001
    ],
    [
      37,
      6153.34
    ]
  ]
}