{
  "parameters": {
    "dataset": "app_final_120_loose",
    "t_max": 1000.0,
    "t_min": 10.0,
    "alpha": 0.9,
    "iters_per_T": 500,
    "neighborhood": "mixed",
    "day_horizon": 600,
    "time_weight": 1.0
  },
  "initial_cost": 7944.5599999999995,
  "best_cost": 7938.91,
  "improvement_pct": 0.0007111784667747032,
  "best_routes": [
    [
      0,
      112,
      115,
      88,
      22,
      63,
      85,
      70,
      117,
      95,
      4,
      32,
      80,
      111,
      15,
      76,
      87,
      8,
      27,
      38,
      118,
      96,
      65,
      7,
      81,
      6,
      26,
      83,
      72,
      34,
      86,
      14,
      24,
      100,
      73,
      31,
      90,
      17,
      19,
      0
    ],
    [
      0,
      110,
      68,
      84,
      55,
      47,
      64,
      75,
      43,
      102,
      109,
      69,
      66,
      1,
      50,
      25,
      93,
      119,
      105,
      46,
      49,
      5,
      98,
      104,
      54,
      0
    ],
    [
      0,
      51,
      91,
      29,
      18,
      114,
      79,
      13,
      9,
      41,
      35,
      21,
      71,
      58,
      106,
      30,
      113,
      39,
      103,
      61,
      116,
      2,
      44,
      52,
      62,
      53,
      107,
      12,
      40,
      42,
      36,
      77,
      57,
      56,
      99,
      0
    ],
    [
      0,
      20,
      89,
      97,
      120,
      82,
      108,
      67,
      16,
      78,
      101,
      10,
      48,
      92,
      59,
      28,
      23,
      94,
      60,
      37,
      74,
      3,
      11,
      33,
      45,
      0
    ]
  ],
  "metrics_initial": {
    "vehicles_used": 4,
    "total_distance_km": 2222.48,
    "cost_distance": 2222.48,
    "cost_time": 2122.08,
    "vehicle_cost": 3600.0,
    "waiting_E": 105.83999999999997,
    "horizon_excess_E": 0.0,
    "makespan_E": 599.2300000000001,
    "sum_route_time_E": 2122.08,
    "avg_route_time_E": 530.52
  },
  "metrics_best": {
    "vehicles_used": 4,
    "total_distance_km": 2185.15,
    "cost_distance": 2185.15,
    "cost_time": 2153.76,
    "vehicle_cost": 3600.0,
    "waiting_E": 172.76999999999995,
    "horizon_excess_E": 0.0,
    "makespan_E": 594.57,
    "sum_route_time_E": 2153.76,
    "avg_route_time_E": 538.44
  },
  "metrics_delta": {
    "vehicles_used": 0,
    "total_distance_km": -37.32999999999993,
    "cost_distance": -37.32999999999993,
    "cost_time": 31.68000000000029,
    "vehicle_cost": 0.0,
    "waiting_E": 66.92999999999998,
    "horizon_excess_E": 0.0,
    "makespan_E": -4.660000000000082,
    "sum_route_time_E": 31.68000000000029,
    "avg_route_time_E": 7.920000000000073
  },
  "process": {
    "runtime_seconds": 7.762653827667236,
    "epochs": 44,
    "accepted_moves": 1823,
    "improving_moves": 365,
    "rejected_window_E_moves": 19841,
    "rejected_window_P_moves": 19812,
    "rejected_window_both_moves": 19638
  },
  "trace_improvements": [
    [
      0,
      7944.5599999999995
    ],
    [
      42,
      7938.91
    ]
  ]
}