{
  "parameters": {
    "dataset": "app_final_40_tight",
    "t_max": 1000.0,
    "t_min": 10.0,
    "alpha": 0.9,
    "iters_per_T": 500,
    "neighborhood": "mixed",
    "day_horizon": 600,
    "time_weight": 1.0
  },
  "initial_cost": 9186.7,
  "best_cost": 8716.93,
  "improvement_pct": 0.05113588121958923,
  "best_routes": [
    [
      0,
      30,
      22,
      35,
      3,
      12,
      37,
      10,
      27,
      8,
      13,
      0
    ],
    [
      0,
      20,
      29,
      5,
      25,
      7,
      11,
      15,
      0
    ],
    [
      0,
      9,
      33,
      2,
      31,
      26,
      0
    ],
    [
      0,
      21,
      36,
      24,
      39,
      14,
      6,
      28,
      4,
      19,
      0
    ],
    [
      0,
      18,
      16,
      1,
      32,
      17,
      40,
      23,
      34,
      38,
      0
    ]
  ],
  "metrics_initial": {
    "vehicles_used": 5,
    "total_distance_km": 1991.9199999999998,
    "cost_distance": 1991.9199999999998,
    "cost_time": 2694.78,
    "vehicle_cost": 4500.0,
    "waiting_E": 869.1899999999998,
    "horizon_excess_E": 0.0,
    "makespan_E": 582.24,
    "sum_route_time_E": 2694.78,
    "avg_route_time_E": 538.956
  },
  "metrics_best": {
    "vehicles_used": 5,
    "total_distance_km": 1679.6000000000004,
    "cost_distance": 1679.6000000000004,
    "cost_time": 2537.33,
    "vehicle_cost": 4500.0,
    "waiting_E": 994.8299999999998,
    "horizon_excess_E": 0.0,
    "makespan_E": 596.89,
    "sum_route_time_E": 2537.33,
    "avg_route_time_E": 507.466
  },
  "metrics_delta": {
    "vehicles_used": 0,
    "total_distance_km": -312.3199999999995,
    "cost_distance": -312.3199999999995,
    "cost_time": -157.45000000000027,
    "vehicle_cost": 0.0,
    "waiting_E": 125.63999999999999,
    "horizon_excess_E": 0.0,
    "makespan_E": 14.649999999999977,
    "sum_route_time_E": -157.45000000000027,
    "avg_route_time_E": -31.49000000000001
  },
  "process": {
    "runtime_seconds": 3.882723093032837,
    "epochs": 44,
    "accepted_moves": 4122,
    "improving_moves": 531,
    "rejected_window_E_moves": 17348,
    "rejected_window_P_moves": 17457,
    "rejected_window_both_moves": 17174
  },
  "trace_improvements": [
    [
      0,
      9144.060000000001
    ],
    [
      4,
      9136.039999999999
    ],
    [
      5,
      9088.169999999998
    ],
    [
      6,
      9011.39
    ],
    [
      29,
      8981.36
    ],
    [
      31,
      8937.550000000001
    ],
    [
      32,
      8897.55
    ],
    [
      33,
      8889.45
    ],
    [
      34,
      8841.32
    ],
    [
      35,
      8822.44
    ],
    [
      36,
      8730.07
    ],
    [
      43,
      8716.93
    ]
  ]
}