{
  "parameters": {
    "dataset": "app_final_200_medium",
    "t_max": 1000.0,
    "t_min": 10.0,
    "alpha": 0.9,
    "iters_per_T": 500,
    "neighborhood": "mixed",
    "day_horizon": 600,
    "time_weight": 1.0
  },
  "initial_cost": 16855.43,
  "best_cost": 16855.43,
  "improvement_pct": 0.0,
  "best_routes": [
    [
      0,
      184,
      73,
      130,
      4,
      94,
      182,
      26,
      61,
      64,
      100,
      76,
      145,
      142,
      117,
      104,
      183,
      137,
      81,
      12,
      136,
      66,
      169,
      106,
      126,
      72,
      31,
      63,
      56,
      96,
      113,
      84,
      9,
      55,
      39,
      132,
      120,
      193,
      20,
      47,
      151,
      147,
      124,
      38,
      85,
      154,
      164,
      0
    ],
    [
      0,
      86,
      166,
      179,
      162,
      16,
      15,
      172,
      79,
      148,
      158,
      7,
      109,
      163,
      128,
      24,
      29,
      153,
      112,
      160,
      149,
      97,
      0
    ],
    [
      0,
      83,
      111,
      177,
      171,
      28,
      52,
      125,
      23,
      189,
      140,
      49,
      11,
      107,
      68,
      51,
      156,
      168,
      181,
      131,
      37,
      199,
      92,
      0
    ],
    [
      0,
      185,
      180,
      88,
      170,
      141,
      71,
      197,
      157,
      198,
      122,
      108,
      127,
      87,
      105,
      129,
      89,
      60,
      50,
      40,
      57,
      19,
      42,
      13,
      0
    ],
    [
      0,
      102,
      174,
      114,
      143,
      135,
      175,
      173,
      33,
      152,
      58,
      187,
      14,
      116,
      6,
      190,
      74,
      35,
      101,
      194,
      5,
      119,
      22,
      200,
      32,
      0
    ],
    [
      0,
      192,
      34,
      36,
      65,
      133,
      8,
      165,
      67,
      2,
      188,
      41,
      138,
      123,
      159,
      82,
      118,
      27,
      161,
      44,
      80,
      18,
      78,
      103,
      59,
      46,
      93,
      53,
      110,
      95,
      62,
      144,
      90,
      69,
      75,
      191,
      0
    ],
    [
      0,
      10,
      115,
      43,
      30,
      54,
      196,
      146,
      134,
      176,
      99,
      121,
      48,
      150,
      186,
      1,
      70,
      155,
      167,
      178,
      17,
      91,
      0
    ],
    [
      0,
      139,
      195,
      77,
      3,
      98,
      21,
      25,
      45,
      0
    ]
  ],
  "metrics_initial": {
    "vehicles_used": 8,
    "total_distance_km": 5197.43,
    "cost_distance": 5197.43,
    "cost_time": 4458.0,
    "vehicle_cost": 7200.0,
    "waiting_E": 506.91999999999996,
    "horizon_excess_E": 0.0,
    "makespan_E": 597.09,
    "sum_route_time_E": 4458.0,
    "avg_route_time_E": 557.25
  },
  "metrics_best": {
    "vehicles_used": 8,
    "total_distance_km": 5197.43,
    "cost_distance": 5197.43,
    "cost_time": 4458.0,
    "vehicle_cost": 7200.0,
    "waiting_E": 506.91999999999996,
    "horizon_excess_E": 0.0,
    "makespan_E": 597.09,
    "sum_route_time_E": 4458.0,
    "avg_route_time_E": 557.25
  },
  "metrics_delta": {
    "vehicles_used": 0,
    "total_distance_km": 0.0,
    "cost_distance": 0.0,
    "cost_time": 0.0,
    "vehicle_cost": 0.0,
    "waiting_E": 0.0,
    "horizon_excess_E": 0.0,
    "makespan_E": 0.0,
    "sum_route_time_E": 0.0,
    "avg_route_time_E": 0.0
  },
  "process": {
    "runtime_seconds": 12.907820701599121,
    "epochs": 44,
    "accepted_moves": 1803,
    "improving_moves": 311,
    "rejected_window_E_moves": 19993,
    "rejected_window_P_moves": 19840,
    "rejected_window_both_moves": 19662
  },
  "trace_improvements": [
    [
      0,
      16855.43
    ]
  ]
}