{
  "parameters": {
    "dataset": "app_final_20_medium",
    "t_max": 2000.0,
    "t_min": 10.0,
    "alpha": 0.9,
    "iters_per_T": 500,
    "neighborhood": "mixed",
    "day_horizon": 600,
    "time_weight": 1.0
  },
  "initial_cost": 3758.7000000000003,
  "best_cost": 3638.92,
  "improvement_pct": 0.031867400963098994,
  "best_routes": [
    [
      0,
      15,
      17,
      5,
      3,
      2,
      10,
      7,
      0
    ],
    [
      0,
      13,
      1,
      11,
      20,
      9,
      16,
      8,
      6,
      19,
      18,
      12,
      14,
      4,
      0
    ]
  ],
  "metrics_initial": {
    "vehicles_used": 2,
    "total_distance_km": 917.1800000000001,
    "cost_distance": 917.1800000000001,
    "cost_time": 1041.52,
    "vehicle_cost": 1800.0,
    "waiting_E": 211.95,
    "horizon_excess_E": 0.0,
    "makespan_E": 585.08,
    "sum_route_time_E": 1041.52,
    "avg_route_time_E": 520.76
  },
  "metrics_best": {
    "vehicles_used": 2,
    "total_distance_km": 796.0200000000001,
    "cost_distance": 796.0200000000001,
    "cost_time": 1042.8999999999999,
    "vehicle_cost": 1800.0,
    "waiting_E": 318.08000000000004,
    "horizon_excess_E": 0.0,
    "makespan_E": 562.9499999999999,
    "sum_route_time_E": 1042.8999999999999,
    "avg_route_time_E": 521.4499999999999
  },
  "metrics_delta": {
    "vehicles_used": 0,
    "total_distance_km": -121.15999999999997,
    "cost_distance": -121.15999999999997,
    "cost_time": 1.3799999999998818,
    "vehicle_cost": 0.0,
    "waiting_E": 106.13000000000005,
    "horizon_excess_E": 0.0,
    "makespan_E": -22.13000000000011,
    "sum_route_time_E": 1.3799999999998818,
    "avg_route_time_E": 0.6899999999999409
  },
  "process": {
    "runtime_seconds": 2.1840176582336426,
    "epochs": 51,
    "accepted_moves": 5314,
    "improving_moves": 1080,
    "rejected_window_E_moves": 19267,
    "rejected_window_P_moves": 19113,
    "rejected_window_both_moves": 18747
  },
  "trace_improvements": [
    [
      0,
      3734.0499999999997
    ],
    [
      20,
      3729.4300000000003
    ],
    [
      31,
      3660.54
    ],
    [
      41,
      3638.92
    ]
  ]
}