{
  "parameters": {
    "dataset": "app_final_20_very_loose",
    "t_max": 500.0,
    "t_min": 10.0,
    "alpha": 0.9,
    "iters_per_T": 500,
    "neighborhood": "mixed",
    "day_horizon": 600,
    "time_weight": 1.0
  },
  "initial_cost": 3222.19,
  "best_cost": 3083.9700000000003,
  "improvement_pct": 0.042896291031875776,
  "best_routes": [
    [
      0,
      15,
      11,
      17,
      7,
      13,
      19,
      12,
      6,
      20,
      10,
      0
    ],
    [
      0,
      9,
      2,
      18,
      1,
      5,
      3,
      4,
      8,
      14,
      16,
      0
    ]
  ],
  "metrics_initial": {
    "vehicles_used": 2,
    "total_distance_km": 649.4700000000001,
    "cost_distance": 649.4700000000001,
    "cost_time": 772.7199999999999,
    "vehicle_cost": 1800.0,
    "waiting_E": 192.59,
    "horizon_excess_E": 0.0,
    "makespan_E": 413.61999999999995,
    "sum_route_time_E": 772.7199999999999,
    "avg_route_time_E": 386.35999999999996
  },
  "metrics_best": {
    "vehicles_used": 2,
    "total_distance_km": 591.61,
    "cost_distance": 591.61,
    "cost_time": 692.3600000000001,
    "vehicle_cost": 1800.0,
    "waiting_E": 149.27000000000004,
    "horizon_excess_E": 0.0,
    "makespan_E": 352.25000000000006,
    "sum_route_time_E": 692.3600000000001,
    "avg_route_time_E": 346.18000000000006
  },
  "metrics_delta": {
    "vehicles_used": 0,
    "total_distance_km": -57.86000000000013,
    "cost_distance": -57.86000000000013,
    "cost_time": -80.35999999999979,
    "vehicle_cost": 0.0,
    "waiting_E": -43.319999999999965,
    "horizon_excess_E": 0.0,
    "makespan_E": -61.36999999999989,
    "sum_route_time_E": -80.35999999999979,
    "avg_route_time_E": -40.17999999999989
  },
  "process": {
    "runtime_seconds": 1.925482988357544,
    "epochs": 38,
    "accepted_moves": 5435,
    "improving_moves": 1584,
    "rejected_window_E_moves": 10342,
    "rejected_window_P_moves": 10708,
    "rejected_window_both_moves": 10118
  },
  "trace_improvements": [
    [
      0,
      3222.19
    ],
    [
      26,
      3190.84
    ],
    [
      28,
      3183.49
    ],
    [
      29,
      3142.06
    ],
    [
      33,
      3117.68
    ],
    [
      34,
      3083.9700000000003
    ]
  ]
}