{
  "parameters": {
    "dataset": "app_final_80_medium",
    "t_max": 100.0,
    "t_min": 10.0,
    "alpha": 0.9,
    "iters_per_T": 500,
    "neighborhood": "mixed",
    "day_horizon": 600,
    "time_weight": 1.0
  },
  "initial_cost": 9712.71,
  "best_cost": 9392.789999999999,
  "improvement_pct": 0.032938283959883505,
  "best_routes": [
    [
      0,
      74,
      9,
      76,
      37,
      75,
      18,
      10,
      62,
      23,
      48,
      17,
      57,
      73,
      31,
      3,
      0
    ],
    [
      0,
      44,
      8,
      66,
      71,
      38,
      1,
      25,
      63,
      26,
      54,
      30,
      47,
      46,
      59,
      5,
      58,
      24,
      53,
      51,
      33,
      78,
      65,
      4,
      42,
      0
    ],
    [
      0,
      14,
      27,
      79,
      56,
      41,
      21,
      13,
      15,
      7,
      20,
      68,
      61,
      0
    ],
    [
      0,
      2,
      50,
      43,
      16,
      28,
      39,
      29,
      70,
      19,
      40,
      60,
      32,
      6,
      55,
      69,
      72,
      12,
      49,
      11,
      0
    ],
    [
      0,
      22,
      77,
      36,
      52,
      80,
      34,
      67,
      35,
      64,
      45,
      0
    ]
  ],
  "metrics_initial": {
    "vehicles_used": 5,
    "total_distance_km": 2720.8299999999995,
    "cost_distance": 2720.8299999999995,
    "cost_time": 2491.88,
    "vehicle_cost": 4500.0,
    "waiting_E": 97.90999999999991,
    "horizon_excess_E": 0.0,
    "makespan_E": 588.62,
    "sum_route_time_E": 2491.88,
    "avg_route_time_E": 498.37600000000003
  },
  "metrics_best": {
    "vehicles_used": 5,
    "total_distance_km": 2446.959999999999,
    "cost_distance": 2446.959999999999,
    "cost_time": 2445.83,
    "vehicle_cost": 4500.0,
    "waiting_E": 258.65999999999985,
    "horizon_excess_E": 0.0,
    "makespan_E": 583.68,
    "sum_route_time_E": 2445.83,
    "avg_route_time_E": 489.166
  },
  "metrics_delta": {
    "vehicles_used": 0,
    "total_distance_km": -273.87000000000035,
    "cost_distance": -273.87000000000035,
    "cost_time": -46.05000000000018,
    "vehicle_cost": 0.0,
    "waiting_E": 160.74999999999994,
    "horizon_excess_E": 0.0,
    "makespan_E": -4.940000000000055,
    "sum_route_time_E": -46.05000000000018,
    "avg_route_time_E": -9.210000000000036
  },
  "process": {
    "runtime_seconds": 2.990705966949463,
    "epochs": 22,
    "accepted_moves": 1327,
    "improving_moves": 206,
    "rejected_window_E_moves": 9227,
    "rejected_window_P_moves": 9275,
    "rejected_window_both_moves": 9151
  },
  "trace_improvements": [
    [
      0,
      9712.71
    ],
    [
      9,
      9703.9
    ],
    [
      10,
      9527.029999999999
    ],
    [
      19,
      9412.39
    ],
    [
      20,
      9400.349999999999
    ],
    [
      21,
      9392.789999999999
    ]
  ]
}