{
  "parameters": {
    "dataset": "app_final_20_tight",
    "t_max": 1500.0,
    "t_min": 10.0,
    "alpha": 0.9,
    "iters_per_T": 500,
    "neighborhood": "mixed",
    "day_horizon": 600,
    "time_weight": 1.0
  },
  "initial_cost": 5722.25,
  "best_cost": 5098.35,
  "improvement_pct": 0.10903053868670534,
  "best_routes": [
    [
      0,
      15,
      8,
      20,
      17,
      11,
      16,
      12,
      18,
      4,
      9,
      0
    ],
    [
      0,
      2,
      5,
      10,
      19,
      3,
      14,
      0
    ],
    [
      0,
      1,
      13,
      7,
      6,
      0
    ]
  ],
  "metrics_initial": {
    "vehicles_used": 3,
    "total_distance_km": 1291.25,
    "cost_distance": 1291.25,
    "cost_time": 1731.0000000000002,
    "vehicle_cost": 2700.0,
    "waiting_E": 578.6700000000001,
    "horizon_excess_E": 0.0,
    "makespan_E": 596.1400000000001,
    "sum_route_time_E": 1731.0000000000002,
    "avg_route_time_E": 577.0000000000001
  },
  "metrics_best": {
    "vehicles_used": 3,
    "total_distance_km": 851.4899999999999,
    "cost_distance": 851.4899999999999,
    "cost_time": 1546.8600000000001,
    "vehicle_cost": 2700.0,
    "waiting_E": 775.2,
    "horizon_excess_E": 0.0,
    "makespan_E": 587.74,
    "sum_route_time_E": 1546.8600000000001,
    "avg_route_time_E": 515.62
  },
  "metrics_delta": {
    "vehicles_used": 0,
    "total_distance_km": -439.7600000000001,
    "cost_distance": -439.7600000000001,
    "cost_time": -184.1400000000001,
    "vehicle_cost": 0.0,
    "waiting_E": 196.52999999999997,
    "horizon_excess_E": 0.0,
    "makespan_E": -8.400000000000091,
    "sum_route_time_E": -184.1400000000001,
    "avg_route_time_E": -61.38000000000011
  },
  "process": {
    "runtime_seconds": 2.3888683319091797,
    "epochs": 48,
    "accepted_moves": 5368,
    "improving_moves": 660,
    "rejected_window_E_moves": 17768,
    "rejected_window_P_moves": 18242,
    "rejected_window_both_moves": 17652
  },
  "trace_improvements": [
    [
      0,
      5492.570000000001
    ],
    [
      1,
      5463.85
    ],
    [
      3,
      5308.599999999999
    ],
    [
      7,
      5281.639999999999
    ],
    [
      11,
      5244.5599999999995
    ],
    [
      16,
      5240.87
    ],
    [
      22,
      5240.21
    ],
    [
      28,
      5197.0
    ],
    [
      29,
      5161.94
    ],
    [
      42,
      5160.84
    ],
    [
      45,
      5118.0599999999995
    ],
    [
      46,
      5098.35
    ]
  ]
}