{
  "parameters": {
    "dataset": "app_final_40_loose",
    "t_max": 2000.0,
    "t_min": 10.0,
    "alpha": 0.9,
    "iters_per_T": 500,
    "neighborhood": "mixed",
    "day_horizon": 600,
    "time_weight": 1.0
  },
  "initial_cost": 3810.17,
  "best_cost": 3760.58,
  "improvement_pct": 0.013015167302246394,
  "best_routes": [
    [
      0,
      6,
      5,
      7,
      28,
      8,
      17,
      32,
      35,
      12,
      4,
      33,
      15,
      29,
      37,
      16,
      38,
      36,
      13,
      14,
      10,
      22,
      0
    ],
    [
      0,
      31,
      19,
      24,
      9,
      40,
      26,
      2,
      21,
      23,
      25,
      34,
      20,
      39,
      11,
      18,
      30,
      3,
      1,
      27,
      0
    ]
  ],
  "metrics_initial": {
    "vehicles_used": 2,
    "total_distance_km": 1018.9900000000001,
    "cost_distance": 1018.9900000000001,
    "cost_time": 991.1800000000001,
    "vehicle_cost": 1800.0,
    "waiting_E": 77.27999999999992,
    "horizon_excess_E": 0.0,
    "makespan_E": 504.1400000000001,
    "sum_route_time_E": 991.1800000000001,
    "avg_route_time_E": 495.59000000000003
  },
  "metrics_best": {
    "vehicles_used": 2,
    "total_distance_km": 984.04,
    "cost_distance": 984.04,
    "cost_time": 976.54,
    "vehicle_cost": 1800.0,
    "waiting_E": 66.67999999999995,
    "horizon_excess_E": 0.0,
    "makespan_E": 499.61,
    "sum_route_time_E": 976.54,
    "avg_route_time_E": 488.27
  },
  "metrics_delta": {
    "vehicles_used": 0,
    "total_distance_km": -34.95000000000016,
    "cost_distance": -34.95000000000016,
    "cost_time": -14.6400000000001,
    "vehicle_cost": 0.0,
    "waiting_E": -10.599999999999966,
    "horizon_excess_E": 0.0,
    "makespan_E": -4.530000000000086,
    "sum_route_time_E": -14.6400000000001,
    "avg_route_time_E": -7.32000000000005
  },
  "process": {
    "runtime_seconds": 3.3410167694091797,
    "epochs": 51,
    "accepted_moves": 3191,
    "improving_moves": 684,
    "rejected_window_E_moves": 21525,
    "rejected_window_P_moves": 21467,
    "rejected_window_both_moves": 21130
  },
  "trace_improvements": [
    [
      0,
      3810.17
    ],
    [
      47,
      3776.61
    ],
    [
      48,
      3760.58
    ]
  ]
}