{
  "parameters": {
    "dataset": "app_final_20_tight",
    "t_max": 2000.0,
    "t_min": 10.0,
    "alpha": 0.9,
    "iters_per_T": 500,
    "neighborhood": "mixed",
    "day_horizon": 600,
    "time_weight": 1.0
  },
  "initial_cost": 5722.25,
  "best_cost": 5110.179999999999,
  "improvement_pct": 0.10696317008169874,
  "best_routes": [
    [
      0,
      15,
      8,
      20,
      17,
      7,
      6,
      0
    ],
    [
      0,
      1,
      13,
      16,
      12,
      11,
      18,
      4,
      9,
      0
    ],
    [
      0,
      2,
      5,
      10,
      19,
      3,
      14,
      0
    ]
  ],
  "metrics_initial": {
    "vehicles_used": 3,
    "total_distance_km": 1291.25,
    "cost_distance": 1291.25,
    "cost_time": 1731.0000000000002,
    "vehicle_cost": 2700.0,
    "waiting_E": 578.6700000000001,
    "horizon_excess_E": 0.0,
    "makespan_E": 596.1400000000001,
    "sum_route_time_E": 1731.0000000000002,
    "avg_route_time_E": 577.0000000000001
  },
  "metrics_best": {
    "vehicles_used": 3,
    "total_distance_km": 863.3199999999999,
    "cost_distance": 863.3199999999999,
    "cost_time": 1546.86,
    "vehicle_cost": 2700.0,
    "waiting_E": 785.1400000000001,
    "horizon_excess_E": 0.0,
    "makespan_E": 587.74,
    "sum_route_time_E": 1546.86,
    "avg_route_time_E": 515.62
  },
  "metrics_delta": {
    "vehicles_used": 0,
    "total_distance_km": -427.93000000000006,
    "cost_distance": -427.93000000000006,
    "cost_time": -184.14000000000033,
    "vehicle_cost": 0.0,
    "waiting_E": 206.47000000000003,
    "horizon_excess_E": 0.0,
    "makespan_E": -8.400000000000091,
    "sum_route_time_E": -184.14000000000033,
    "avg_route_time_E": -61.38000000000011
  },
  "process": {
    "runtime_seconds": 2.5071771144866943,
    "epochs": 51,
    "accepted_moves": 5489,
    "improving_moves": 682,
    "rejected_window_E_moves": 19213,
    "rejected_window_P_moves": 19540,
    "rejected_window_both_moves": 19096
  },
  "trace_improvements": [
    [
      0,
      5613.57
    ],
    [
      1,
      5459.12
    ],
    [
      2,
      5333.629999999999
    ],
    [
      8,
      5233.4
    ],
    [
      21,
      5200.26
    ],
    [
      24,
      5185.17
    ],
    [
      35,
      5111.8
    ],
    [
      36,
      5110.179999999999
    ]
  ]
}