{
  "parameters": {
    "dataset": "app_final_40_medium",
    "t_max": 500.0,
    "t_min": 10.0,
    "alpha": 0.9,
    "iters_per_T": 500,
    "neighborhood": "mixed",
    "day_horizon": 600,
    "time_weight": 1.0
  },
  "initial_cost": 6085.45,
  "best_cost": 5484.73,
  "improvement_pct": 0.09871414603685845,
  "best_routes": [
    [
      0,
      11,
      5,
      17,
      40,
      33,
      27,
      3,
      36,
      1,
      28,
      38,
      21,
      0
    ],
    [
      0,
      16,
      32,
      23,
      30,
      29,
      24,
      20,
      18,
      10,
      14,
      26,
      22,
      8,
      9,
      0
    ],
    [
      0,
      13,
      37,
      39,
      12,
      7,
      6,
      35,
      4,
      34,
      25,
      31,
      2,
      15,
      19,
      0
    ]
  ],
  "metrics_initial": {
    "vehicles_used": 3,
    "total_distance_km": 1722.8400000000004,
    "cost_distance": 1722.8400000000004,
    "cost_time": 1662.61,
    "vehicle_cost": 2700.0,
    "waiting_E": 126.65,
    "horizon_excess_E": 0.0,
    "makespan_E": 589.23,
    "sum_route_time_E": 1662.61,
    "avg_route_time_E": 554.2033333333333
  },
  "metrics_best": {
    "vehicles_used": 3,
    "total_distance_km": 1315.78,
    "cost_distance": 1315.78,
    "cost_time": 1468.95,
    "vehicle_cost": 2700.0,
    "waiting_E": 279.81,
    "horizon_excess_E": 0.0,
    "makespan_E": 544.36,
    "sum_route_time_E": 1468.95,
    "avg_route_time_E": 489.65000000000003
  },
  "metrics_delta": {
    "vehicles_used": 0,
    "total_distance_km": -407.0600000000004,
    "cost_distance": -407.0600000000004,
    "cost_time": -193.65999999999985,
    "vehicle_cost": 0.0,
    "waiting_E": 153.16,
    "horizon_excess_E": 0.0,
    "makespan_E": -44.870000000000005,
    "sum_route_time_E": -193.65999999999985,
    "avg_route_time_E": -64.55333333333323
  },
  "process": {
    "runtime_seconds": 2.810250759124756,
    "epochs": 38,
    "accepted_moves": 2831,
    "improving_moves": 510,
    "rejected_window_E_moves": 15206,
    "rejected_window_P_moves": 15313,
    "rejected_window_both_moves": 15067
  },
  "trace_improvements": [
    [
      0,
      6029.28
    ],
    [
      2,
      5972.09
    ],
    [
      3,
      5952.08
    ],
    [
      4,
      5896.130000000001
    ],
    [
      9,
      5793.18
    ],
    [
      23,
      5721.98
    ],
    [
      24,
      5622.8099999999995
    ],
    [
      29,
      5615.42
    ],
    [
      30,
      5601.53
    ],
    [
      31,
      5586.27
    ],
    [
      34,
      5529.1900000000005
    ],
    [
      37,
      5484.73
    ]
  ]
}