{
  "parameters": {
    "dataset": "app_final_20_tight",
    "t_max": 100.0,
    "t_min": 10.0,
    "alpha": 0.9,
    "iters_per_T": 500,
    "neighborhood": "mixed",
    "day_horizon": 600,
    "time_weight": 1.0
  },
  "initial_cost": 5722.25,
  "best_cost": 5152.54,
  "improvement_pct": 0.09956048757044869,
  "best_routes": [
    [
      0,
      15,
      8,
      17,
      20,
      11,
      16,
      3,
      14,
      0
    ],
    [
      0,
      1,
      13,
      7,
      6,
      0
    ],
    [
      0,
      2,
      5,
      19,
      10,
      12,
      4,
      18,
      9,
      0
    ]
  ],
  "metrics_initial": {
    "vehicles_used": 3,
    "total_distance_km": 1291.25,
    "cost_distance": 1291.25,
    "cost_time": 1731.0000000000002,
    "vehicle_cost": 2700.0,
    "waiting_E": 578.6700000000001,
    "horizon_excess_E": 0.0,
    "makespan_E": 596.1400000000001,
    "sum_route_time_E": 1731.0000000000002,
    "avg_route_time_E": 577.0000000000001
  },
  "metrics_best": {
    "vehicles_used": 3,
    "total_distance_km": 902.2999999999998,
    "cost_distance": 902.2999999999998,
    "cost_time": 1550.24,
    "vehicle_cost": 2700.0,
    "waiting_E": 734.8400000000001,
    "horizon_excess_E": 0.0,
    "makespan_E": 589.46,
    "sum_route_time_E": 1550.24,
    "avg_route_time_E": 516.7466666666667
  },
  "metrics_delta": {
    "vehicles_used": 0,
    "total_distance_km": -388.95000000000016,
    "cost_distance": -388.95000000000016,
    "cost_time": -180.76000000000022,
    "vehicle_cost": 0.0,
    "waiting_E": 156.17000000000007,
    "horizon_excess_E": 0.0,
    "makespan_E": -6.680000000000064,
    "sum_route_time_E": -180.76000000000022,
    "avg_route_time_E": -60.253333333333444
  },
  "process": {
    "runtime_seconds": 1.138047218322754,
    "epochs": 22,
    "accepted_moves": 2361,
    "improving_moves": 242,
    "rejected_window_E_moves": 8009,
    "rejected_window_P_moves": 8252,
    "rejected_window_both_moves": 7967
  },
  "trace_improvements": [
    [
      0,
      5383.13
    ],
    [
      1,
      5336.75
    ],
    [
      2,
      5312.469999999999
    ],
    [
      3,
      5306.92
    ],
    [
      4,
      5231.389999999999
    ],
    [
      5,
      5193.26
    ],
    [
      8,
      5187.85
    ],
    [
      9,
      5178.65
    ],
    [
      18,
      5161.1
    ],
    [
      21,
      5152.54
    ]
  ]
}