{
  "parameters": {
    "dataset": "app_final_40_medium",
    "t_max": 2000.0,
    "t_min": 10.0,
    "alpha": 0.9,
    "iters_per_T": 500,
    "neighborhood": "mixed",
    "day_horizon": 600,
    "time_weight": 1.0
  },
  "initial_cost": 6085.45,
  "best_cost": 5767.9,
  "improvement_pct": 0.05218184357771409,
  "best_routes": [
    [
      0,
      35,
      37,
      39,
      12,
      16,
      3,
      27,
      40,
      24,
      6,
      34,
      4,
      2,
      22,
      26,
      0
    ],
    [
      0,
      30,
      32,
      7,
      23,
      29,
      13,
      33,
      10,
      18,
      14,
      9,
      21,
      38,
      8,
      0
    ],
    [
      0,
      11,
      17,
      5,
      28,
      1,
      36,
      31,
      25,
      20,
      19,
      15,
      0
    ]
  ],
  "metrics_initial": {
    "vehicles_used": 3,
    "total_distance_km": 1722.8400000000004,
    "cost_distance": 1722.8400000000004,
    "cost_time": 1662.61,
    "vehicle_cost": 2700.0,
    "waiting_E": 126.65,
    "horizon_excess_E": 0.0,
    "makespan_E": 589.23,
    "sum_route_time_E": 1662.61,
    "avg_route_time_E": 554.2033333333333
  },
  "metrics_best": {
    "vehicles_used": 3,
    "total_distance_km": 1505.62,
    "cost_distance": 1505.62,
    "cost_time": 1562.28,
    "vehicle_cost": 2700.0,
    "waiting_E": 184.45999999999995,
    "horizon_excess_E": 0.0,
    "makespan_E": 533.87,
    "sum_route_time_E": 1562.28,
    "avg_route_time_E": 520.76
  },
  "metrics_delta": {
    "vehicles_used": 0,
    "total_distance_km": -217.22000000000048,
    "cost_distance": -217.22000000000048,
    "cost_time": -100.32999999999993,
    "vehicle_cost": 0.0,
    "waiting_E": 57.809999999999945,
    "horizon_excess_E": 0.0,
    "makespan_E": -55.360000000000014,
    "sum_route_time_E": -100.32999999999993,
    "avg_route_time_E": -33.44333333333327
  },
  "process": {
    "runtime_seconds": 3.6795434951782227,
    "epochs": 51,
    "accepted_moves": 3732,
    "improving_moves": 652,
    "rejected_window_E_moves": 21130,
    "rejected_window_P_moves": 21006,
    "rejected_window_both_moves": 20633
  },
  "trace_improvements": [
    [
      0,
      6023.49
    ],
    [
      9,
      5910.17
    ],
    [
      19,
      5905.43
    ],
    [
      33,
      5802.91
    ],
    [
      43,
      5767.9
    ]
  ]
}