{
  "parameters": {
    "dataset": "app_final_80_very_loose",
    "t_max": 1000.0,
    "t_min": 10.0,
    "alpha": 0.9,
    "iters_per_T": 500,
    "neighborhood": "mixed",
    "day_horizon": 600,
    "time_weight": 1.0
  },
  "initial_cost": 6154.709999999999,
  "best_cost": 5924.07,
  "improvement_pct": 0.03747373962380022,
  "best_routes": [
    [
      0,
      11,
      3,
      35,
      22,
      34,
      48,
      42,
      18,
      61,
      45,
      2,
      23,
      60,
      66,
      14,
      57,
      64,
      77,
      69,
      79,
      80,
      38,
      10,
      0
    ],
    [
      0,
      5,
      63,
      31,
      70,
      17,
      16,
      20,
      59,
      28,
      55,
      54,
      78,
      33,
      24,
      7,
      49,
      62,
      75,
      15,
      74,
      43,
      4,
      44,
      76,
      32,
      65,
      73,
      72,
      9,
      0
    ],
    [
      0,
      40,
      47,
      25,
      36,
      52,
      68,
      41,
      58,
      21,
      26,
      71,
      29,
      1,
      46,
      50,
      53,
      37,
      19,
      27,
      30,
      12,
      51,
      39,
      56,
      13,
      67,
      8,
      6,
      0
    ]
  ],
  "metrics_initial": {
    "vehicles_used": 3,
    "total_distance_km": 1864.99,
    "cost_distance": 1864.99,
    "cost_time": 1589.7199999999998,
    "vehicle_cost": 2700.0,
    "waiting_E": 20.30000000000001,
    "horizon_excess_E": 0.0,
    "makespan_E": 596.4899999999999,
    "sum_route_time_E": 1589.7199999999998,
    "avg_route_time_E": 529.9066666666666
  },
  "metrics_best": {
    "vehicles_used": 3,
    "total_distance_km": 1687.9199999999998,
    "cost_distance": 1687.9199999999998,
    "cost_time": 1536.15,
    "vehicle_cost": 2700.0,
    "waiting_E": 84.43999999999998,
    "horizon_excess_E": 0.0,
    "makespan_E": 538.62,
    "sum_route_time_E": 1536.15,
    "avg_route_time_E": 512.0500000000001
  },
  "metrics_delta": {
    "vehicles_used": 0,
    "total_distance_km": -177.07000000000016,
    "cost_distance": -177.07000000000016,
    "cost_time": -53.56999999999971,
    "vehicle_cost": 0.0,
    "waiting_E": 64.13999999999997,
    "horizon_excess_E": 0.0,
    "makespan_E": -57.86999999999989,
    "sum_route_time_E": -53.56999999999971,
    "avg_route_time_E": -17.85666666666657
  },
  "process": {
    "runtime_seconds": 5.360839366912842,
    "epochs": 44,
    "accepted_moves": 2142,
    "improving_moves": 487,
    "rejected_window_E_moves": 19303,
    "rejected_window_P_moves": 19242,
    "rejected_window_both_moves": 19018
  },
  "trace_improvements": [
    [
      0,
      6134.280000000001
    ],
    [
      33,
      6101.579999999999
    ],
    [
      38,
      6094.9800000000005
    ],
    [
      39,
      6052.6
    ],
    [
      40,
      5948.839999999999
    ],
    [
      41,
      5924.07
    ]
  ]
}