{
  "parameters": {
    "dataset": "app_final_20_medium",
    "t_max": 1000.0,
    "t_min": 10.0,
    "alpha": 0.9,
    "iters_per_T": 500,
    "neighborhood": "mixed",
    "day_horizon": 600,
    "time_weight": 1.0
  },
  "initial_cost": 3758.7000000000003,
  "best_cost": 3606.59,
  "improvement_pct": 0.04046877909915665,
  "best_routes": [
    [
      0,
      15,
      5,
      3,
      9,
      10,
      16,
      8,
      6,
      19,
      18,
      12,
      14,
      0
    ],
    [
      0,
      17,
      13,
      1,
      11,
      20,
      2,
      4,
      7,
      0
    ]
  ],
  "metrics_initial": {
    "vehicles_used": 2,
    "total_distance_km": 917.1800000000001,
    "cost_distance": 917.1800000000001,
    "cost_time": 1041.52,
    "vehicle_cost": 1800.0,
    "waiting_E": 211.95,
    "horizon_excess_E": 0.0,
    "makespan_E": 585.08,
    "sum_route_time_E": 1041.52,
    "avg_route_time_E": 520.76
  },
  "metrics_best": {
    "vehicles_used": 2,
    "total_distance_km": 743.4800000000001,
    "cost_distance": 743.4800000000001,
    "cost_time": 1063.1100000000001,
    "vehicle_cost": 1800.0,
    "waiting_E": 397.81,
    "horizon_excess_E": 0.0,
    "makespan_E": 540.09,
    "sum_route_time_E": 1063.1100000000001,
    "avg_route_time_E": 531.5550000000001
  },
  "metrics_delta": {
    "vehicles_used": 0,
    "total_distance_km": -173.69999999999993,
    "cost_distance": -173.69999999999993,
    "cost_time": 21.590000000000146,
    "vehicle_cost": 0.0,
    "waiting_E": 185.86,
    "horizon_excess_E": 0.0,
    "makespan_E": -44.99000000000001,
    "sum_route_time_E": 21.590000000000146,
    "avg_route_time_E": 10.795000000000073
  },
  "process": {
    "runtime_seconds": 1.9479320049285889,
    "epochs": 44,
    "accepted_moves": 4485,
    "improving_moves": 868,
    "rejected_window_E_moves": 16591,
    "rejected_window_P_moves": 16464,
    "rejected_window_both_moves": 16122
  },
  "trace_improvements": [
    [
      0,
      3758.7000000000003
    ],
    [
      13,
      3732.06
    ],
    [
      21,
      3722.82
    ],
    [
      28,
      3689.0599999999995
    ],
    [
      29,
      3654.86
    ],
    [
      33,
      3652.05
    ],
    [
      34,
      3610.32
    ],
    [
      36,
      3606.59
    ]
  ]
}