{
  "parameters": {
    "dataset": "app_final_120_very_loose",
    "t_max": 1000.0,
    "t_min": 10.0,
    "alpha": 0.9,
    "iters_per_T": 500,
    "neighborhood": "mixed",
    "day_horizon": 600,
    "time_weight": 1.0
  },
  "initial_cost": 9577.64,
  "best_cost": 9560.140000000001,
  "improvement_pct": 0.0018271724558448826,
  "best_routes": [
    [
      0,
      111,
      93,
      70,
      4,
      113,
      54,
      67,
      82,
      94,
      38,
      28,
      86,
      98,
      53,
      13,
      61,
      37,
      87,
      0
    ],
    [
      0,
      116,
      115,
      112,
      7,
      119,
      5,
      23,
      60,
      114,
      105,
      65,
      118,
      1,
      104,
      66,
      117,
      83,
      19,
      51,
      6,
      8,
      48,
      77,
      85,
      21,
      42,
      16,
      57,
      120,
      0
    ],
    [
      0,
      81,
      25,
      50,
      55,
      59,
      22,
      58,
      101,
      33,
      103,
      56,
      45,
      63,
      74,
      20,
      76,
      3,
      95,
      69,
      99,
      91,
      29,
      80,
      0
    ],
    [
      0,
      92,
      102,
      64,
      96,
      26,
      107,
      108,
      32,
      100,
      41,
      12,
      18,
      89,
      30,
      73,
      39,
      9,
      106,
      47,
      46,
      43,
      78,
      11,
      2,
      40,
      110,
      44,
      52,
      79,
      0
    ],
    [
      0,
      36,
      84,
      10,
      71,
      68,
      15,
      35,
      90,
      31,
      72,
      97,
      109,
      49,
      34,
      75,
      17,
      62,
      14,
      27,
      88,
      24,
      0
    ]
  ],
  "metrics_initial": {
    "vehicles_used": 5,
    "total_distance_km": 2635.55,
    "cost_distance": 2635.55,
    "cost_time": 2442.09,
    "vehicle_cost": 4500.0,
    "waiting_E": 92.49000000000004,
    "horizon_excess_E": 0.0,
    "makespan_E": 595.2700000000001,
    "sum_route_time_E": 2442.09,
    "avg_route_time_E": 488.418
  },
  "metrics_best": {
    "vehicles_used": 5,
    "total_distance_km": 2551.370000000001,
    "cost_distance": 2551.370000000001,
    "cost_time": 2508.77,
    "vehicle_cost": 4500.0,
    "waiting_E": 235.95999999999998,
    "horizon_excess_E": 0.0,
    "makespan_E": 557.17,
    "sum_route_time_E": 2508.77,
    "avg_route_time_E": 501.754
  },
  "metrics_delta": {
    "vehicles_used": 0,
    "total_distance_km": -84.17999999999938,
    "cost_distance": -84.17999999999938,
    "cost_time": 66.67999999999984,
    "vehicle_cost": 0.0,
    "waiting_E": 143.46999999999994,
    "horizon_excess_E": 0.0,
    "makespan_E": -38.100000000000136,
    "sum_route_time_E": 66.67999999999984,
    "avg_route_time_E": 13.336000000000013
  },
  "process": {
    "runtime_seconds": 8.65660309791565,
    "epochs": 44,
    "accepted_moves": 2499,
    "improving_moves": 600,
    "rejected_window_E_moves": 18695,
    "rejected_window_P_moves": 18735,
    "rejected_window_both_moves": 18341
  },
  "trace_improvements": [
    [
      0,
      9577.64
    ],
    [
      43,
      9560.140000000001
    ]
  ]
}