{
  "parameters": {
    "dataset": "app_final_120_tight",
    "t_max": 500.0,
    "t_min": 10.0,
    "alpha": 0.9,
    "iters_per_T": 500,
    "neighborhood": "mixed",
    "day_horizon": 600,
    "time_weight": 1.0
  },
  "initial_cost": 15820.490000000003,
  "best_cost": 15340.430000000002,
  "improvement_pct": 0.030344192878981702,
  "best_routes": [
    [
      0,
      85,
      38,
      102,
      64,
      11,
      92,
      14,
      20,
      47,
      100,
      73,
      49,
      27,
      52,
      101,
      42,
      117,
      94,
      0
    ],
    [
      0,
      59,
      18,
      48,
      36,
      56,
      51,
      112,
      13,
      87,
      16,
      105,
      5,
      9,
      0
    ],
    [
      0,
      67,
      53,
      78,
      71,
      91,
      21,
      80,
      4,
      81,
      10,
      22,
      90,
      77,
      0
    ],
    [
      0,
      69,
      74,
      43,
      3,
      72,
      110,
      44,
      46,
      119,
      0
    ],
    [
      0,
      41,
      79,
      70,
      93,
      68,
      76,
      109,
      33,
      1,
      104,
      115,
      19,
      37,
      107,
      114,
      97,
      103,
      35,
      58,
      95,
      55,
      6,
      0
    ],
    [
      0,
      118,
      45,
      82,
      113,
      108,
      66,
      28,
      2,
      17,
      34,
      15,
      7,
      50,
      63,
      31,
      0
    ],
    [
      0,
      32,
      25,
      88,
      61,
      54,
      75,
      40,
      8,
      30,
      111,
      96,
      99,
      23,
      24,
      98,
      0
    ],
    [
      0,
      60,
      62,
      29,
      26,
      116,
      86,
      65,
      57,
      106,
      12,
      83,
      120,
      39,
      89,
      84,
      0
    ]
  ],
  "metrics_initial": {
    "vehicles_used": 8,
    "total_distance_km": 4535.980000000002,
    "cost_distance": 4535.980000000002,
    "cost_time": 4084.5100000000007,
    "vehicle_cost": 7200.0,
    "waiting_E": 389.52,
    "horizon_excess_E": 0.0,
    "makespan_E": 599.3900000000001,
    "sum_route_time_E": 4084.5100000000007,
    "avg_route_time_E": 510.5637500000001
  },
  "metrics_best": {
    "vehicles_used": 8,
    "total_distance_km": 3901.0300000000016,
    "cost_distance": 3901.0300000000016,
    "cost_time": 4239.4,
    "vehicle_cost": 7200.0,
    "waiting_E": 1025.2599999999998,
    "horizon_excess_E": 0.0,
    "makespan_E": 584.87,
    "sum_route_time_E": 4239.4,
    "avg_route_time_E": 529.925
  },
  "metrics_delta": {
    "vehicles_used": 0,
    "total_distance_km": -634.9500000000007,
    "cost_distance": -634.9500000000007,
    "cost_time": 154.88999999999896,
    "vehicle_cost": 0.0,
    "waiting_E": 635.7399999999998,
    "horizon_excess_E": 0.0,
    "makespan_E": -14.520000000000095,
    "sum_route_time_E": 154.88999999999896,
    "avg_route_time_E": 19.36124999999987
  },
  "process": {
    "runtime_seconds": 7.825373411178589,
    "epochs": 38,
    "accepted_moves": 2168,
    "improving_moves": 309,
    "rejected_window_E_moves": 16533,
    "rejected_window_P_moves": 16650,
    "rejected_window_both_moves": 16484
  },
  "trace_improvements": [
    [
      0,
      15737.560000000001
    ],
    [
      1,
      15487.530000000002
    ],
    [
      35,
      15380.100000000002
    ],
    [
      36,
      15355.070000000002
    ],
    [
      37,
      15340.430000000002
    ]
  ]
}