{
  "parameters": {
    "dataset": "app_final_80_tight",
    "t_max": 2000.0,
    "t_min": 10.0,
    "alpha": 0.9,
    "iters_per_T": 500,
    "neighborhood": "mixed",
    "day_horizon": 600,
    "time_weight": 1.0
  },
  "initial_cost": 11626.3,
  "best_cost": 11309.170000000002,
  "improvement_pct": 0.027276949674444783,
  "best_routes": [
    [
      0,
      18,
      6,
      33,
      62,
      40,
      45,
      13,
      56,
      79,
      68,
      41,
      61,
      71,
      46,
      75,
      1,
      63,
      0
    ],
    [
      0,
      31,
      15,
      48,
      10,
      8,
      51,
      3,
      58,
      19,
      32,
      67,
      12,
      0
    ],
    [
      0,
      21,
      4,
      14,
      23,
      17,
      52,
      35,
      73,
      39,
      76,
      9,
      80,
      65,
      0
    ],
    [
      0,
      34,
      66,
      72,
      26,
      28,
      55,
      22,
      16,
      42,
      24,
      25,
      78,
      47,
      44,
      30,
      37,
      27,
      70,
      0
    ],
    [
      0,
      20,
      50,
      59,
      74,
      64,
      69,
      0
    ],
    [
      0,
      36,
      2,
      29,
      54,
      43,
      60,
      7,
      5,
      77,
      57,
      49,
      11,
      53,
      38,
      0
    ]
  ],
  "metrics_initial": {
    "vehicles_used": 6,
    "total_distance_km": 2998.07,
    "cost_distance": 2998.07,
    "cost_time": 3228.2300000000005,
    "vehicle_cost": 5400.0,
    "waiting_E": 485.42,
    "horizon_excess_E": 0.0,
    "makespan_E": 597.35,
    "sum_route_time_E": 3228.2300000000005,
    "avg_route_time_E": 538.0383333333334
  },
  "metrics_best": {
    "vehicles_used": 6,
    "total_distance_km": 2778.4800000000005,
    "cost_distance": 2778.4800000000005,
    "cost_time": 3130.6900000000005,
    "vehicle_cost": 5400.0,
    "waiting_E": 608.55,
    "horizon_excess_E": 0.0,
    "makespan_E": 578.39,
    "sum_route_time_E": 3130.6900000000005,
    "avg_route_time_E": 521.7816666666668
  },
  "metrics_delta": {
    "vehicles_used": 0,
    "total_distance_km": -219.5899999999997,
    "cost_distance": -219.5899999999997,
    "cost_time": -97.53999999999996,
    "vehicle_cost": 0.0,
    "waiting_E": 123.12999999999994,
    "horizon_excess_E": 0.0,
    "makespan_E": -18.960000000000036,
    "sum_route_time_E": -97.53999999999996,
    "avg_route_time_E": -16.25666666666666
  },
  "process": {
    "runtime_seconds": 7.143903017044067,
    "epochs": 51,
    "accepted_moves": 2911,
    "improving_moves": 305,
    "rejected_window_E_moves": 22296,
    "rejected_window_P_moves": 22409,
    "rejected_window_both_moves": 22214
  },
  "trace_improvements": [
    [
      0,
      11566.83
    ],
    [
      43,
      11551.650000000001
    ],
    [
      45,
      11528.220000000001
    ],
    [
      47,
      11496.86
    ],
    [
      48,
      11309.560000000001
    ],
    [
      50,
      11309.170000000002
    ]
  ]
}