{
  "parameters": {
    "dataset": "app_final_80_tight",
    "t_max": 1500.0,
    "t_min": 10.0,
    "alpha": 0.9,
    "iters_per_T": 500,
    "neighborhood": "mixed",
    "day_horizon": 600,
    "time_weight": 1.0
  },
  "initial_cost": 11626.3,
  "best_cost": 11487.189999999999,
  "improvement_pct": 0.011965113578696627,
  "best_routes": [
    [
      0,
      18,
      50,
      45,
      40,
      62,
      60,
      7,
      5,
      73,
      77,
      47,
      44,
      46,
      37,
      27,
      69,
      0
    ],
    [
      0,
      31,
      48,
      22,
      55,
      51,
      78,
      25,
      3,
      58,
      19,
      32,
      12,
      67,
      0
    ],
    [
      0,
      21,
      28,
      14,
      10,
      16,
      52,
      35,
      49,
      11,
      57,
      80,
      9,
      70,
      0
    ],
    [
      0,
      34,
      66,
      26,
      36,
      72,
      2,
      79,
      68,
      74,
      59,
      30,
      71,
      75,
      1,
      0
    ],
    [
      0,
      33,
      6,
      56,
      15,
      17,
      23,
      42,
      24,
      76,
      63,
      65,
      0
    ],
    [
      0,
      4,
      20,
      13,
      43,
      54,
      29,
      8,
      61,
      41,
      39,
      64,
      53,
      38,
      0
    ]
  ],
  "metrics_initial": {
    "vehicles_used": 6,
    "total_distance_km": 2998.07,
    "cost_distance": 2998.07,
    "cost_time": 3228.2300000000005,
    "vehicle_cost": 5400.0,
    "waiting_E": 485.42,
    "horizon_excess_E": 0.0,
    "makespan_E": 597.35,
    "sum_route_time_E": 3228.2300000000005,
    "avg_route_time_E": 538.0383333333334
  },
  "metrics_best": {
    "vehicles_used": 6,
    "total_distance_km": 2955.58,
    "cost_distance": 2955.58,
    "cost_time": 3131.6099999999997,
    "vehicle_cost": 5400.0,
    "waiting_E": 426.2099999999999,
    "horizon_excess_E": 0.0,
    "makespan_E": 567.24,
    "sum_route_time_E": 3131.6099999999997,
    "avg_route_time_E": 521.935
  },
  "metrics_delta": {
    "vehicles_used": 0,
    "total_distance_km": -42.49000000000024,
    "cost_distance": -42.49000000000024,
    "cost_time": -96.6200000000008,
    "vehicle_cost": 0.0,
    "waiting_E": -59.21000000000009,
    "horizon_excess_E": 0.0,
    "makespan_E": -30.110000000000014,
    "sum_route_time_E": -96.6200000000008,
    "avg_route_time_E": -16.103333333333467
  },
  "process": {
    "runtime_seconds": 6.550372123718262,
    "epochs": 48,
    "accepted_moves": 2809,
    "improving_moves": 315,
    "rejected_window_E_moves": 20854,
    "rejected_window_P_moves": 20994,
    "rejected_window_both_moves": 20744
  },
  "trace_improvements": [
    [
      0,
      11549.9
    ],
    [
      42,
      11527.98
    ],
    [
      44,
      11495.939999999999
    ],
    [
      45,
      11488.0
    ],
    [
      47,
      11487.189999999999
    ]
  ]
}