{
  "parameters": {
    "dataset": "app_final_40_very_loose",
    "t_max": 2000.0,
    "t_min": 10.0,
    "alpha": 0.9,
    "iters_per_T": 500,
    "neighborhood": "mixed",
    "day_horizon": 600,
    "time_weight": 1.0
  },
  "initial_cost": 4057.98,
  "best_cost": 3729.2200000000003,
  "improvement_pct": 0.0810156777509992,
  "best_routes": [
    [
      0,
      32,
      14,
      39,
      8,
      25,
      38,
      35,
      6,
      24,
      31,
      20,
      3,
      22,
      36,
      2,
      17,
      10,
      23,
      27,
      37,
      15,
      18,
      40,
      0
    ],
    [
      0,
      21,
      5,
      33,
      26,
      11,
      1,
      34,
      13,
      9,
      30,
      12,
      28,
      4,
      19,
      29,
      16,
      7,
      0
    ]
  ],
  "metrics_initial": {
    "vehicles_used": 2,
    "total_distance_km": 1132.81,
    "cost_distance": 1132.81,
    "cost_time": 1125.17,
    "vehicle_cost": 1800.0,
    "waiting_E": 120.92999999999999,
    "horizon_excess_E": 0.0,
    "makespan_E": 578.77,
    "sum_route_time_E": 1125.17,
    "avg_route_time_E": 562.585
  },
  "metrics_best": {
    "vehicles_used": 2,
    "total_distance_km": 915.27,
    "cost_distance": 915.27,
    "cost_time": 1013.95,
    "vehicle_cost": 1800.0,
    "waiting_E": 190.06,
    "horizon_excess_E": 0.0,
    "makespan_E": 575.09,
    "sum_route_time_E": 1013.95,
    "avg_route_time_E": 506.975
  },
  "metrics_delta": {
    "vehicles_used": 0,
    "total_distance_km": -217.53999999999996,
    "cost_distance": -217.53999999999996,
    "cost_time": -111.22000000000003,
    "vehicle_cost": 0.0,
    "waiting_E": 69.13000000000001,
    "horizon_excess_E": 0.0,
    "makespan_E": -3.67999999999995,
    "sum_route_time_E": -111.22000000000003,
    "avg_route_time_E": -55.610000000000014
  },
  "process": {
    "runtime_seconds": 3.5427913665771484,
    "epochs": 51,
    "accepted_moves": 3788,
    "improving_moves": 960,
    "rejected_window_E_moves": 20544,
    "rejected_window_P_moves": 20086,
    "rejected_window_both_moves": 19679
  },
  "trace_improvements": [
    [
      0,
      4057.98
    ],
    [
      15,
      3978.45
    ],
    [
      39,
      3944.68
    ],
    [
      40,
      3900.2400000000002
    ],
    [
      41,
      3859.1800000000003
    ],
    [
      45,
      3833.1800000000003
    ],
    [
      47,
      3794.54
    ],
    [
      48,
      3787.79
    ],
    [
      49,
      3729.2200000000003
    ]
  ]
}