{
  "parameters": {
    "dataset": "app_final_40_tight",
    "t_max": 2000.0,
    "t_min": 10.0,
    "alpha": 0.9,
    "iters_per_T": 500,
    "neighborhood": "mixed",
    "day_horizon": 600,
    "time_weight": 1.0
  },
  "initial_cost": 9186.7,
  "best_cost": 8778.05,
  "improvement_pct": 0.04448278489555569,
  "best_routes": [
    [
      0,
      21,
      36,
      39,
      16,
      7,
      25,
      15,
      11,
      0
    ],
    [
      0,
      30,
      3,
      9,
      33,
      29,
      31,
      10,
      23,
      34,
      0
    ],
    [
      0,
      20,
      2,
      18,
      26,
      5,
      13,
      0
    ],
    [
      0,
      24,
      14,
      32,
      1,
      6,
      17,
      40,
      28,
      4,
      19,
      0
    ],
    [
      0,
      22,
      35,
      12,
      37,
      27,
      38,
      8,
      0
    ]
  ],
  "metrics_initial": {
    "vehicles_used": 5,
    "total_distance_km": 1991.9199999999998,
    "cost_distance": 1991.9199999999998,
    "cost_time": 2694.78,
    "vehicle_cost": 4500.0,
    "waiting_E": 869.1899999999998,
    "horizon_excess_E": 0.0,
    "makespan_E": 582.24,
    "sum_route_time_E": 2694.78,
    "avg_route_time_E": 538.956
  },
  "metrics_best": {
    "vehicles_used": 5,
    "total_distance_km": 1633.0099999999998,
    "cost_distance": 1633.0099999999998,
    "cost_time": 2645.04,
    "vehicle_cost": 4500.0,
    "waiting_E": 1108.87,
    "horizon_excess_E": 0.0,
    "makespan_E": 571.51,
    "sum_route_time_E": 2645.04,
    "avg_route_time_E": 529.008
  },
  "metrics_delta": {
    "vehicles_used": 0,
    "total_distance_km": -358.9100000000001,
    "cost_distance": -358.9100000000001,
    "cost_time": -49.74000000000024,
    "vehicle_cost": 0.0,
    "waiting_E": 239.68000000000006,
    "horizon_excess_E": 0.0,
    "makespan_E": -10.730000000000018,
    "sum_route_time_E": -49.74000000000024,
    "avg_route_time_E": -9.947999999999979
  },
  "process": {
    "runtime_seconds": 4.369723320007324,
    "epochs": 51,
    "accepted_moves": 4694,
    "improving_moves": 605,
    "rejected_window_E_moves": 20111,
    "rejected_window_P_moves": 20347,
    "rejected_window_both_moves": 19953
  },
  "trace_improvements": [
    [
      0,
      9186.7
    ],
    [
      22,
      9183.130000000001
    ],
    [
      25,
      9114.4
    ],
    [
      28,
      9110.49
    ],
    [
      29,
      9082.63
    ],
    [
      33,
      9075.38
    ],
    [
      34,
      9070.69
    ],
    [
      40,
      9029.93
    ],
    [
      43,
      9015.36
    ],
    [
      44,
      8998.369999999999
    ],
    [
      45,
      8949.14
    ],
    [
      46,
      8910.75
    ],
    [
      47,
      8841.12
    ],
    [
      48,
      8832.98
    ],
    [
      49,
      8780.09
    ],
    [
      50,
      8778.05
    ]
  ]
}