{
  "parameters": {
    "dataset": "app_final_40_tight",
    "t_max": 100.0,
    "t_min": 10.0,
    "alpha": 0.9,
    "iters_per_T": 500,
    "neighborhood": "mixed",
    "day_horizon": 600,
    "time_weight": 1.0
  },
  "initial_cost": 9186.7,
  "best_cost": 8626.31,
  "improvement_pct": 0.061000141508920636,
  "best_routes": [
    [
      0,
      36,
      9,
      10,
      37,
      17,
      28,
      40,
      4,
      19,
      0
    ],
    [
      0,
      14,
      39,
      24,
      6,
      1,
      32,
      11,
      15,
      0
    ],
    [
      0,
      20,
      29,
      31,
      2,
      33,
      27,
      38,
      0
    ],
    [
      0,
      30,
      22,
      35,
      12,
      3,
      23,
      34,
      0
    ],
    [
      0,
      21,
      18,
      26,
      16,
      5,
      7,
      25,
      13,
      8,
      0
    ]
  ],
  "metrics_initial": {
    "vehicles_used": 5,
    "total_distance_km": 1991.9199999999998,
    "cost_distance": 1991.9199999999998,
    "cost_time": 2694.78,
    "vehicle_cost": 4500.0,
    "waiting_E": 869.1899999999998,
    "horizon_excess_E": 0.0,
    "makespan_E": 582.24,
    "sum_route_time_E": 2694.78,
    "avg_route_time_E": 538.956
  },
  "metrics_best": {
    "vehicles_used": 5,
    "total_distance_km": 1461.15,
    "cost_distance": 1461.15,
    "cost_time": 2665.16,
    "vehicle_cost": 4500.0,
    "waiting_E": 1316.9300000000003,
    "horizon_excess_E": 0.0,
    "makespan_E": 572.62,
    "sum_route_time_E": 2665.16,
    "avg_route_time_E": 533.0319999999999
  },
  "metrics_delta": {
    "vehicles_used": 0,
    "total_distance_km": -530.7699999999998,
    "cost_distance": -530.7699999999998,
    "cost_time": -29.620000000000346,
    "vehicle_cost": 0.0,
    "waiting_E": 447.74000000000046,
    "horizon_excess_E": 0.0,
    "makespan_E": -9.620000000000005,
    "sum_route_time_E": -29.620000000000346,
    "avg_route_time_E": -5.924000000000092
  },
  "process": {
    "runtime_seconds": 1.9276113510131836,
    "epochs": 22,
    "accepted_moves": 1968,
    "improving_moves": 227,
    "rejected_window_E_moves": 8673,
    "rejected_window_P_moves": 8727,
    "rejected_window_both_moves": 8618
  },
  "trace_improvements": [
    [
      0,
      9063.599999999999
    ],
    [
      10,
      9049.74
    ],
    [
      11,
      8968.65
    ],
    [
      13,
      8919.89
    ],
    [
      14,
      8828.429999999998
    ],
    [
      16,
      8811.29
    ],
    [
      17,
      8748.79
    ],
    [
      18,
      8677.33
    ],
    [
      19,
      8641.369999999999
    ],
    [
      20,
      8626.31
    ]
  ]
}