{
  "parameters": {
    "dataset": "app_final_80_loose",
    "t_max": 1000.0,
    "t_min": 10.0,
    "alpha": 0.9,
    "iters_per_T": 500,
    "neighborhood": "mixed",
    "day_horizon": 600,
    "time_weight": 1.0
  },
  "initial_cost": 6387.089999999999,
  "best_cost": 6125.37,
  "improvement_pct": 0.040976407096189243,
  "best_routes": [
    [
      0,
      15,
      78,
      25,
      34,
      27,
      56,
      37,
      54,
      10,
      7,
      24,
      14,
      55,
      8,
      42,
      45,
      41,
      21,
      12,
      18,
      46,
      36,
      77,
      68,
      13,
      57,
      47,
      31,
      50,
      0
    ],
    [
      0,
      20,
      58,
      59,
      70,
      52,
      53,
      33,
      38,
      65,
      48,
      61,
      66,
      69,
      74,
      29,
      2,
      75,
      35,
      72,
      51,
      73,
      32,
      16,
      39,
      0
    ],
    [
      0,
      76,
      6,
      19,
      63,
      23,
      80,
      9,
      62,
      30,
      3,
      49,
      28,
      26,
      5,
      71,
      64,
      4,
      43,
      60,
      44,
      40,
      1,
      67,
      79,
      17,
      22,
      11,
      0
    ]
  ],
  "metrics_initial": {
    "vehicles_used": 3,
    "total_distance_km": 1987.2299999999998,
    "cost_distance": 1987.2299999999998,
    "cost_time": 1699.8599999999997,
    "vehicle_cost": 2700.0,
    "waiting_E": 61.810000000000045,
    "horizon_excess_E": 0.0,
    "makespan_E": 580.3,
    "sum_route_time_E": 1699.8599999999997,
    "avg_route_time_E": 566.6199999999999
  },
  "metrics_best": {
    "vehicles_used": 3,
    "total_distance_km": 1773.8300000000002,
    "cost_distance": 1773.8300000000002,
    "cost_time": 1651.5400000000002,
    "vehicle_cost": 2700.0,
    "waiting_E": 165.34000000000003,
    "horizon_excess_E": 0.0,
    "makespan_E": 576.67,
    "sum_route_time_E": 1651.5400000000002,
    "avg_route_time_E": 550.5133333333334
  },
  "metrics_delta": {
    "vehicles_used": 0,
    "total_distance_km": -213.39999999999964,
    "cost_distance": -213.39999999999964,
    "cost_time": -48.31999999999948,
    "vehicle_cost": 0.0,
    "waiting_E": 103.52999999999999,
    "horizon_excess_E": 0.0,
    "makespan_E": -3.6299999999999955,
    "sum_route_time_E": -48.31999999999948,
    "avg_route_time_E": -16.106666666666456
  },
  "process": {
    "runtime_seconds": 5.027387619018555,
    "epochs": 44,
    "accepted_moves": 1644,
    "improving_moves": 266,
    "rejected_window_E_moves": 19997,
    "rejected_window_P_moves": 19853,
    "rejected_window_both_moves": 19686
  },
  "trace_improvements": [
    [
      0,
      6387.089999999999
    ],
    [
      19,
      6384.66
    ],
    [
      26,
      6357.289999999999
    ],
    [
      35,
      6308.639999999999
    ],
    [
      38,
      6288.410000000001
    ],
    [
      40,
      6278.7300000000005
    ],
    [
      41,
      6225.700000000001
    ],
    [
      42,
      6183.04
    ],
    [
      43,
      6125.37
    ]
  ]
}