{
  "parameters": {
    "dataset": "app_final_40_tight",
    "t_max": 500.0,
    "t_min": 10.0,
    "alpha": 0.9,
    "iters_per_T": 500,
    "neighborhood": "mixed",
    "day_horizon": 600,
    "time_weight": 1.0
  },
  "initial_cost": 9186.7,
  "best_cost": 8708.52,
  "improvement_pct": 0.052051335082238484,
  "best_routes": [
    [
      0,
      21,
      18,
      29,
      2,
      10,
      37,
      17,
      28,
      40,
      19,
      0
    ],
    [
      0,
      20,
      33,
      9,
      31,
      27,
      38,
      8,
      0
    ],
    [
      0,
      30,
      22,
      3,
      12,
      23,
      4,
      34,
      0
    ],
    [
      0,
      35,
      36,
      39,
      16,
      26,
      5,
      7,
      25,
      13,
      0
    ],
    [
      0,
      14,
      24,
      32,
      1,
      6,
      15,
      11,
      0
    ]
  ],
  "metrics_initial": {
    "vehicles_used": 5,
    "total_distance_km": 1991.9199999999998,
    "cost_distance": 1991.9199999999998,
    "cost_time": 2694.78,
    "vehicle_cost": 4500.0,
    "waiting_E": 869.1899999999998,
    "horizon_excess_E": 0.0,
    "makespan_E": 582.24,
    "sum_route_time_E": 2694.78,
    "avg_route_time_E": 538.956
  },
  "metrics_best": {
    "vehicles_used": 5,
    "total_distance_km": 1568.02,
    "cost_distance": 1568.02,
    "cost_time": 2640.5000000000005,
    "vehicle_cost": 4500.0,
    "waiting_E": 1207.81,
    "horizon_excess_E": 0.0,
    "makespan_E": 593.1800000000001,
    "sum_route_time_E": 2640.5000000000005,
    "avg_route_time_E": 528.1000000000001
  },
  "metrics_delta": {
    "vehicles_used": 0,
    "total_distance_km": -423.89999999999986,
    "cost_distance": -423.89999999999986,
    "cost_time": -54.279999999999745,
    "vehicle_cost": 0.0,
    "waiting_E": 338.6200000000001,
    "horizon_excess_E": 0.0,
    "makespan_E": 10.940000000000055,
    "sum_route_time_E": -54.279999999999745,
    "avg_route_time_E": -10.85599999999988
  },
  "process": {
    "runtime_seconds": 3.312631607055664,
    "epochs": 38,
    "accepted_moves": 3529,
    "improving_moves": 427,
    "rejected_window_E_moves": 14933,
    "rejected_window_P_moves": 15030,
    "rejected_window_both_moves": 14818
  },
  "trace_improvements": [
    [
      0,
      9186.7
    ],
    [
      23,
      9114.93
    ],
    [
      24,
      9010.349999999999
    ],
    [
      25,
      8958.21
    ],
    [
      26,
      8940.49
    ],
    [
      27,
      8821.66
    ],
    [
      28,
      8818.86
    ],
    [
      32,
      8817.32
    ],
    [
      33,
      8774.62
    ],
    [
      34,
      8708.52
    ]
  ]
}