{
  "parameters": {
    "dataset": "app_final_80_loose",
    "t_max": 500.0,
    "t_min": 10.0,
    "alpha": 0.9,
    "iters_per_T": 500,
    "neighborhood": "mixed",
    "day_horizon": 600,
    "time_weight": 1.0
  },
  "initial_cost": 6387.089999999999,
  "best_cost": 6303.24,
  "improvement_pct": 0.01312804422671349,
  "best_routes": [
    [
      0,
      78,
      15,
      76,
      56,
      37,
      5,
      26,
      35,
      24,
      14,
      55,
      8,
      42,
      45,
      41,
      12,
      21,
      36,
      46,
      18,
      77,
      47,
      71,
      57,
      13,
      68,
      67,
      50,
      39,
      0
    ],
    [
      0,
      65,
      52,
      10,
      70,
      58,
      27,
      59,
      53,
      43,
      51,
      38,
      48,
      61,
      66,
      69,
      74,
      29,
      2,
      22,
      75,
      7,
      79,
      33,
      73,
      32,
      72,
      16,
      0
    ],
    [
      0,
      20,
      25,
      34,
      6,
      63,
      19,
      23,
      80,
      49,
      30,
      3,
      9,
      62,
      64,
      54,
      31,
      28,
      4,
      1,
      40,
      60,
      44,
      17,
      11,
      0
    ]
  ],
  "metrics_initial": {
    "vehicles_used": 3,
    "total_distance_km": 1987.2299999999998,
    "cost_distance": 1987.2299999999998,
    "cost_time": 1699.8599999999997,
    "vehicle_cost": 2700.0,
    "waiting_E": 61.810000000000045,
    "horizon_excess_E": 0.0,
    "makespan_E": 580.3,
    "sum_route_time_E": 1699.8599999999997,
    "avg_route_time_E": 566.6199999999999
  },
  "metrics_best": {
    "vehicles_used": 3,
    "total_distance_km": 1948.7999999999995,
    "cost_distance": 1948.7999999999995,
    "cost_time": 1654.44,
    "vehicle_cost": 2700.0,
    "waiting_E": 57.19000000000017,
    "horizon_excess_E": 0.0,
    "makespan_E": 599.3899999999999,
    "sum_route_time_E": 1654.44,
    "avg_route_time_E": 551.48
  },
  "metrics_delta": {
    "vehicles_used": 0,
    "total_distance_km": -38.43000000000029,
    "cost_distance": -38.43000000000029,
    "cost_time": -45.41999999999962,
    "vehicle_cost": 0.0,
    "waiting_E": -4.619999999999877,
    "horizon_excess_E": 0.0,
    "makespan_E": 19.089999999999918,
    "sum_route_time_E": -45.41999999999962,
    "avg_route_time_E": -15.139999999999873
  },
  "process": {
    "runtime_seconds": 4.354984521865845,
    "epochs": 38,
    "accepted_moves": 1440,
    "improving_moves": 196,
    "rejected_window_E_moves": 17284,
    "rejected_window_P_moves": 17106,
    "rejected_window_both_moves": 16891
  },
  "trace_improvements": [
    [
      0,
      6353.889999999999
    ],
    [
      17,
      6326.629999999999
    ],
    [
      18,
      6318.719999999999
    ],
    [
      25,
      6308.990000000001
    ],
    [
      31,
      6303.24
    ]
  ]
}