{
  "parameters": {
    "dataset": "app_final_80_loose",
    "t_max": 100.0,
    "t_min": 10.0,
    "alpha": 0.9,
    "iters_per_T": 500,
    "neighborhood": "mixed",
    "day_horizon": 600,
    "time_weight": 1.0
  },
  "initial_cost": 6387.089999999999,
  "best_cost": 6321.030000000001,
  "improvement_pct": 0.010342738242297915,
  "best_routes": [
    [
      0,
      15,
      20,
      27,
      58,
      70,
      26,
      28,
      2,
      24,
      14,
      55,
      8,
      42,
      45,
      41,
      12,
      21,
      36,
      46,
      18,
      77,
      68,
      13,
      57,
      71,
      47,
      67,
      50,
      39,
      61,
      0
    ],
    [
      0,
      25,
      56,
      10,
      37,
      34,
      66,
      78,
      69,
      38,
      65,
      52,
      53,
      43,
      59,
      35,
      29,
      74,
      33,
      51,
      32,
      73,
      72,
      16,
      0
    ],
    [
      0,
      76,
      6,
      19,
      63,
      23,
      64,
      62,
      3,
      9,
      30,
      80,
      49,
      54,
      5,
      4,
      60,
      44,
      40,
      1,
      31,
      75,
      7,
      79,
      17,
      11,
      22,
      48,
      0
    ]
  ],
  "metrics_initial": {
    "vehicles_used": 3,
    "total_distance_km": 1987.2299999999998,
    "cost_distance": 1987.2299999999998,
    "cost_time": 1699.8599999999997,
    "vehicle_cost": 2700.0,
    "waiting_E": 61.810000000000045,
    "horizon_excess_E": 0.0,
    "makespan_E": 580.3,
    "sum_route_time_E": 1699.8599999999997,
    "avg_route_time_E": 566.6199999999999
  },
  "metrics_best": {
    "vehicles_used": 3,
    "total_distance_km": 1940.9999999999995,
    "cost_distance": 1940.9999999999995,
    "cost_time": 1680.0300000000002,
    "vehicle_cost": 2700.0,
    "waiting_E": 68.68000000000006,
    "horizon_excess_E": 0.0,
    "makespan_E": 571.1200000000001,
    "sum_route_time_E": 1680.0300000000002,
    "avg_route_time_E": 560.0100000000001
  },
  "metrics_delta": {
    "vehicles_used": 0,
    "total_distance_km": -46.230000000000246,
    "cost_distance": -46.230000000000246,
    "cost_time": -19.829999999999472,
    "vehicle_cost": 0.0,
    "waiting_E": 6.870000000000019,
    "horizon_excess_E": 0.0,
    "makespan_E": -9.179999999999836,
    "sum_route_time_E": -19.829999999999472,
    "avg_route_time_E": -6.609999999999786
  },
  "process": {
    "runtime_seconds": 2.5381078720092773,
    "epochs": 22,
    "accepted_moves": 769,
    "improving_moves": 93,
    "rejected_window_E_moves": 10066,
    "rejected_window_P_moves": 10145,
    "rejected_window_both_moves": 10026
  },
  "trace_improvements": [
    [
      0,
      6387.089999999999
    ],
    [
      5,
      6380.389999999999
    ],
    [
      6,
      6361.369999999999
    ],
    [
      7,
      6339.62
    ],
    [
      19,
      6321.030000000001
    ]
  ]
}