{
  "parameters": {
    "dataset": "app_final_40_loose",
    "t_max": 1000.0,
    "t_min": 10.0,
    "alpha": 0.9,
    "iters_per_T": 500,
    "neighborhood": "mixed",
    "day_horizon": 600,
    "time_weight": 1.0
  },
  "initial_cost": 3810.17,
  "best_cost": 3691.16,
  "improvement_pct": 0.031234826792505378,
  "best_routes": [
    [
      0,
      5,
      7,
      35,
      17,
      32,
      8,
      39,
      20,
      34,
      13,
      14,
      22,
      36,
      38,
      16,
      29,
      37,
      10,
      0
    ],
    [
      0,
      31,
      6,
      25,
      23,
      21,
      24,
      19,
      2,
      26,
      4,
      12,
      9,
      40,
      15,
      33,
      18,
      11,
      30,
      3,
      28,
      1,
      27,
      0
    ]
  ],
  "metrics_initial": {
    "vehicles_used": 2,
    "total_distance_km": 1018.9900000000001,
    "cost_distance": 1018.9900000000001,
    "cost_time": 991.1800000000001,
    "vehicle_cost": 1800.0,
    "waiting_E": 77.27999999999992,
    "horizon_excess_E": 0.0,
    "makespan_E": 504.1400000000001,
    "sum_route_time_E": 991.1800000000001,
    "avg_route_time_E": 495.59000000000003
  },
  "metrics_best": {
    "vehicles_used": 2,
    "total_distance_km": 944.6300000000001,
    "cost_distance": 944.6300000000001,
    "cost_time": 946.53,
    "vehicle_cost": 1800.0,
    "waiting_E": 75.30999999999999,
    "horizon_excess_E": 0.0,
    "makespan_E": 491.89000000000004,
    "sum_route_time_E": 946.53,
    "avg_route_time_E": 473.265
  },
  "metrics_delta": {
    "vehicles_used": 0,
    "total_distance_km": -74.36000000000001,
    "cost_distance": -74.36000000000001,
    "cost_time": -44.65000000000009,
    "vehicle_cost": 0.0,
    "waiting_E": -1.9699999999999278,
    "horizon_excess_E": 0.0,
    "makespan_E": -12.250000000000057,
    "sum_route_time_E": -44.65000000000009,
    "avg_route_time_E": -22.325000000000045
  },
  "process": {
    "runtime_seconds": 2.860687732696533,
    "epochs": 44,
    "accepted_moves": 2734,
    "improving_moves": 528,
    "rejected_window_E_moves": 18543,
    "rejected_window_P_moves": 18368,
    "rejected_window_both_moves": 18069
  },
  "trace_improvements": [
    [
      0,
      3810.17
    ],
    [
      38,
      3773.74
    ],
    [
      39,
      3759.42
    ],
    [
      40,
      3757.8900000000003
    ],
    [
      41,
      3757.4500000000003
    ],
    [
      42,
      3691.16
    ]
  ]
}