{
  "parameters": {
    "dataset": "app_final_40_tight",
    "t_max": 1500.0,
    "t_min": 10.0,
    "alpha": 0.9,
    "iters_per_T": 500,
    "neighborhood": "mixed",
    "day_horizon": 600,
    "time_weight": 1.0
  },
  "initial_cost": 9186.7,
  "best_cost": 7462.23,
  "improvement_pct": 0.18771376010972396,
  "best_routes": [
    [
      0,
      20,
      9,
      33,
      2,
      31,
      29,
      37,
      17,
      28,
      40,
      4,
      19,
      0
    ],
    [
      0,
      21,
      18,
      26,
      16,
      5,
      25,
      7,
      11,
      15,
      13,
      8,
      0
    ],
    [
      0,
      3,
      12,
      24,
      14,
      32,
      1,
      6,
      23,
      34,
      0
    ],
    [
      0,
      30,
      22,
      35,
      36,
      39,
      10,
      27,
      38,
      0
    ]
  ],
  "metrics_initial": {
    "vehicles_used": 5,
    "total_distance_km": 1991.9199999999998,
    "cost_distance": 1991.9199999999998,
    "cost_time": 2694.78,
    "vehicle_cost": 4500.0,
    "waiting_E": 869.1899999999998,
    "horizon_excess_E": 0.0,
    "makespan_E": 582.24,
    "sum_route_time_E": 2694.78,
    "avg_route_time_E": 538.956
  },
  "metrics_best": {
    "vehicles_used": 4,
    "total_distance_km": 1623.8199999999997,
    "cost_distance": 1623.8199999999997,
    "cost_time": 2238.41,
    "vehicle_cost": 3600.0,
    "waiting_E": 743.48,
    "horizon_excess_E": 0.0,
    "makespan_E": 572.62,
    "sum_route_time_E": 2238.41,
    "avg_route_time_E": 559.6025
  },
  "metrics_delta": {
    "vehicles_used": -1,
    "total_distance_km": -368.10000000000014,
    "cost_distance": -368.10000000000014,
    "cost_time": -456.37000000000035,
    "vehicle_cost": -900.0,
    "waiting_E": -125.70999999999981,
    "horizon_excess_E": 0.0,
    "makespan_E": -9.620000000000005,
    "sum_route_time_E": -456.37000000000035,
    "avg_route_time_E": 20.646499999999946
  },
  "process": {
    "runtime_seconds": 4.180267333984375,
    "epochs": 48,
    "accepted_moves": 4250,
    "improving_moves": 566,
    "rejected_window_E_moves": 19237,
    "rejected_window_P_moves": 19400,
    "rejected_window_both_moves": 19101
  },
  "trace_improvements": [
    [
      0,
      9186.7
    ],
    [
      26,
      9154.27
    ],
    [
      33,
      9079.55
    ],
    [
      34,
      8985.18
    ],
    [
      35,
      8970.43
    ],
    [
      37,
      7791.17
    ],
    [
      38,
      7762.6
    ],
    [
      39,
      7679.84
    ],
    [
      40,
      7599.84
    ],
    [
      41,
      7539.469999999999
    ],
    [
      44,
      7513.45
    ],
    [
      45,
      7462.23
    ]
  ]
}