{
  "parameters": {
    "dataset": "app_final_40_loose",
    "t_max": 500.0,
    "t_min": 10.0,
    "alpha": 0.9,
    "iters_per_T": 500,
    "neighborhood": "mixed",
    "day_horizon": 600,
    "time_weight": 1.0
  },
  "initial_cost": 3810.17,
  "best_cost": 3673.42,
  "improvement_pct": 0.03589078702525084,
  "best_routes": [
    [
      0,
      31,
      24,
      19,
      21,
      5,
      32,
      17,
      8,
      39,
      28,
      20,
      34,
      23,
      13,
      10,
      36,
      38,
      16,
      15,
      33,
      29,
      37,
      14,
      22,
      0
    ],
    [
      0,
      6,
      25,
      7,
      2,
      4,
      26,
      12,
      9,
      40,
      35,
      18,
      11,
      30,
      3,
      1,
      27,
      0
    ]
  ],
  "metrics_initial": {
    "vehicles_used": 2,
    "total_distance_km": 1018.9900000000001,
    "cost_distance": 1018.9900000000001,
    "cost_time": 991.1800000000001,
    "vehicle_cost": 1800.0,
    "waiting_E": 77.27999999999992,
    "horizon_excess_E": 0.0,
    "makespan_E": 504.1400000000001,
    "sum_route_time_E": 991.1800000000001,
    "avg_route_time_E": 495.59000000000003
  },
  "metrics_best": {
    "vehicles_used": 2,
    "total_distance_km": 943.85,
    "cost_distance": 943.85,
    "cost_time": 929.57,
    "vehicle_cost": 1800.0,
    "waiting_E": 99.33000000000004,
    "horizon_excess_E": 0.0,
    "makespan_E": 468.86,
    "sum_route_time_E": 929.57,
    "avg_route_time_E": 464.785
  },
  "metrics_delta": {
    "vehicles_used": 0,
    "total_distance_km": -75.1400000000001,
    "cost_distance": -75.1400000000001,
    "cost_time": -61.610000000000014,
    "vehicle_cost": 0.0,
    "waiting_E": 22.050000000000125,
    "horizon_excess_E": 0.0,
    "makespan_E": -35.280000000000086,
    "sum_route_time_E": -61.610000000000014,
    "avg_route_time_E": -30.805000000000007
  },
  "process": {
    "runtime_seconds": 2.488048791885376,
    "epochs": 38,
    "accepted_moves": 2336,
    "improving_moves": 469,
    "rejected_window_E_moves": 15986,
    "rejected_window_P_moves": 16039,
    "rejected_window_both_moves": 15792
  },
  "trace_improvements": [
    [
      0,
      3810.17
    ],
    [
      31,
      3798.6100000000006
    ],
    [
      32,
      3737.6
    ],
    [
      33,
      3717.93
    ],
    [
      35,
      3704.39
    ],
    [
      36,
      3698.85
    ],
    [
      37,
      3673.42
    ]
  ]
}