{
  "parameters": {
    "dataset": "app_final_80_medium",
    "t_max": 500.0,
    "t_min": 10.0,
    "alpha": 0.9,
    "iters_per_T": 500,
    "neighborhood": "mixed",
    "day_horizon": 600,
    "time_weight": 1.0
  },
  "initial_cost": 9712.71,
  "best_cost": 9377.070000000002,
  "improvement_pct": 0.03455678178386852,
  "best_routes": [
    [
      0,
      44,
      66,
      8,
      71,
      76,
      75,
      38,
      23,
      21,
      48,
      57,
      47,
      65,
      78,
      4,
      0
    ],
    [
      0,
      50,
      37,
      1,
      18,
      26,
      63,
      25,
      13,
      10,
      62,
      5,
      24,
      58,
      59,
      53,
      17,
      33,
      51,
      46,
      42,
      0
    ],
    [
      0,
      39,
      27,
      79,
      56,
      54,
      67,
      52,
      30,
      80,
      34,
      0
    ],
    [
      0,
      74,
      2,
      36,
      28,
      16,
      43,
      19,
      40,
      60,
      32,
      64,
      45,
      3,
      55,
      6,
      0
    ],
    [
      0,
      14,
      22,
      15,
      77,
      41,
      9,
      70,
      20,
      68,
      7,
      35,
      12,
      29,
      72,
      61,
      69,
      73,
      31,
      49,
      11,
      0
    ]
  ],
  "metrics_initial": {
    "vehicles_used": 5,
    "total_distance_km": 2720.8299999999995,
    "cost_distance": 2720.8299999999995,
    "cost_time": 2491.88,
    "vehicle_cost": 4500.0,
    "waiting_E": 97.90999999999991,
    "horizon_excess_E": 0.0,
    "makespan_E": 588.62,
    "sum_route_time_E": 2491.88,
    "avg_route_time_E": 498.37600000000003
  },
  "metrics_best": {
    "vehicles_used": 5,
    "total_distance_km": 2352.260000000001,
    "cost_distance": 2352.260000000001,
    "cost_time": 2524.81,
    "vehicle_cost": 4500.0,
    "waiting_E": 391.11000000000007,
    "horizon_excess_E": 0.0,
    "makespan_E": 572.3599999999999,
    "sum_route_time_E": 2524.81,
    "avg_route_time_E": 504.962
  },
  "metrics_delta": {
    "vehicles_used": 0,
    "total_distance_km": -368.56999999999834,
    "cost_distance": -368.56999999999834,
    "cost_time": 32.929999999999836,
    "vehicle_cost": 0.0,
    "waiting_E": 293.20000000000016,
    "horizon_excess_E": 0.0,
    "makespan_E": -16.260000000000105,
    "sum_route_time_E": 32.929999999999836,
    "avg_route_time_E": 6.585999999999956
  },
  "process": {
    "runtime_seconds": 5.337973356246948,
    "epochs": 38,
    "accepted_moves": 2501,
    "improving_moves": 496,
    "rejected_window_E_moves": 15786,
    "rejected_window_P_moves": 15875,
    "rejected_window_both_moves": 15654
  },
  "trace_improvements": [
    [
      0,
      9712.71
    ],
    [
      27,
      9670.939999999999
    ],
    [
      28,
      9641.55
    ],
    [
      31,
      9608.33
    ],
    [
      32,
      9482.01
    ],
    [
      33,
      9468.07
    ],
    [
      35,
      9435.09
    ],
    [
      36,
      9377.070000000002
    ]
  ]
}