{
  "parameters": {
    "dataset": "app_final_80_medium",
    "t_max": 1500.0,
    "t_min": 10.0,
    "alpha": 0.9,
    "iters_per_T": 500,
    "neighborhood": "mixed",
    "day_horizon": 600,
    "time_weight": 1.0
  },
  "initial_cost": 9712.71,
  "best_cost": 9425.24,
  "improvement_pct": 0.029597300856300596,
  "best_routes": [
    [
      0,
      22,
      76,
      9,
      75,
      41,
      18,
      1,
      38,
      57,
      10,
      62,
      59,
      53,
      5,
      24,
      58,
      17,
      0
    ],
    [
      0,
      44,
      74,
      71,
      37,
      25,
      63,
      26,
      21,
      15,
      34,
      67,
      52,
      80,
      30,
      47,
      51,
      46,
      33,
      42,
      78,
      4,
      65,
      0
    ],
    [
      0,
      79,
      27,
      14,
      39,
      36,
      28,
      16,
      48,
      23,
      64,
      69,
      45,
      0
    ],
    [
      0,
      43,
      68,
      66,
      8,
      2,
      50,
      40,
      19,
      60,
      32,
      55,
      6,
      3,
      0
    ],
    [
      0,
      77,
      13,
      54,
      56,
      7,
      35,
      29,
      70,
      20,
      73,
      31,
      11,
      49,
      12,
      72,
      61,
      0
    ]
  ],
  "metrics_initial": {
    "vehicles_used": 5,
    "total_distance_km": 2720.8299999999995,
    "cost_distance": 2720.8299999999995,
    "cost_time": 2491.88,
    "vehicle_cost": 4500.0,
    "waiting_E": 97.90999999999991,
    "horizon_excess_E": 0.0,
    "makespan_E": 588.62,
    "sum_route_time_E": 2491.88,
    "avg_route_time_E": 498.37600000000003
  },
  "metrics_best": {
    "vehicles_used": 5,
    "total_distance_km": 2377.7599999999993,
    "cost_distance": 2377.7599999999993,
    "cost_time": 2547.48,
    "vehicle_cost": 4500.0,
    "waiting_E": 389.5599999999999,
    "horizon_excess_E": 0.0,
    "makespan_E": 585.22,
    "sum_route_time_E": 2547.48,
    "avg_route_time_E": 509.496
  },
  "metrics_delta": {
    "vehicles_used": 0,
    "total_distance_km": -343.07000000000016,
    "cost_distance": -343.07000000000016,
    "cost_time": 55.59999999999991,
    "vehicle_cost": 0.0,
    "waiting_E": 291.65,
    "horizon_excess_E": 0.0,
    "makespan_E": -3.3999999999999773,
    "sum_route_time_E": 55.59999999999991,
    "avg_route_time_E": 11.119999999999948
  },
  "process": {
    "runtime_seconds": 6.674045085906982,
    "epochs": 48,
    "accepted_moves": 3345,
    "improving_moves": 670,
    "rejected_window_E_moves": 20026,
    "rejected_window_P_moves": 20091,
    "rejected_window_both_moves": 19865
  },
  "trace_improvements": [
    [
      0,
      9712.22
    ],
    [
      30,
      9607.81
    ],
    [
      36,
      9522.810000000001
    ],
    [
      45,
      9515.61
    ],
    [
      46,
      9453.88
    ],
    [
      47,
      9425.24
    ]
  ]
}