{
  "parameters": {
    "dataset": "app_final_80_very_loose",
    "t_max": 100.0,
    "t_min": 10.0,
    "alpha": 0.9,
    "iters_per_T": 500,
    "neighborhood": "mixed",
    "day_horizon": 600,
    "time_weight": 1.0
  },
  "initial_cost": 6154.709999999999,
  "best_cost": 5935.72,
  "improvement_pct": 0.03558088033392295,
  "best_routes": [
    [
      0,
      11,
      47,
      25,
      53,
      1,
      16,
      28,
      59,
      78,
      18,
      37,
      50,
      24,
      7,
      22,
      49,
      45,
      14,
      13,
      51,
      56,
      79,
      80,
      72,
      0
    ],
    [
      0,
      40,
      63,
      5,
      17,
      31,
      70,
      19,
      27,
      39,
      20,
      33,
      66,
      54,
      55,
      42,
      23,
      61,
      60,
      48,
      34,
      2,
      68,
      62,
      74,
      15,
      21,
      57,
      73,
      65,
      10,
      9,
      0
    ],
    [
      0,
      3,
      35,
      36,
      52,
      44,
      4,
      43,
      75,
      26,
      58,
      41,
      71,
      29,
      46,
      30,
      12,
      69,
      77,
      64,
      38,
      8,
      67,
      32,
      76,
      6,
      0
    ]
  ],
  "metrics_initial": {
    "vehicles_used": 3,
    "total_distance_km": 1864.99,
    "cost_distance": 1864.99,
    "cost_time": 1589.7199999999998,
    "vehicle_cost": 2700.0,
    "waiting_E": 20.30000000000001,
    "horizon_excess_E": 0.0,
    "makespan_E": 596.4899999999999,
    "sum_route_time_E": 1589.7199999999998,
    "avg_route_time_E": 529.9066666666666
  },
  "metrics_best": {
    "vehicles_used": 3,
    "total_distance_km": 1709.2600000000004,
    "cost_distance": 1709.2600000000004,
    "cost_time": 1526.46,
    "vehicle_cost": 2700.0,
    "waiting_E": 75.42000000000007,
    "horizon_excess_E": 0.0,
    "makespan_E": 517.27,
    "sum_route_time_E": 1526.46,
    "avg_route_time_E": 508.82
  },
  "metrics_delta": {
    "vehicles_used": 0,
    "total_distance_km": -155.72999999999956,
    "cost_distance": -155.72999999999956,
    "cost_time": -63.25999999999976,
    "vehicle_cost": 0.0,
    "waiting_E": 55.12000000000006,
    "horizon_excess_E": 0.0,
    "makespan_E": -79.21999999999991,
    "sum_route_time_E": -63.25999999999976,
    "avg_route_time_E": -21.086666666666645
  },
  "process": {
    "runtime_seconds": 2.7364442348480225,
    "epochs": 22,
    "accepted_moves": 956,
    "improving_moves": 182,
    "rejected_window_E_moves": 9674,
    "rejected_window_P_moves": 9700,
    "rejected_window_both_moves": 9546
  },
  "trace_improvements": [
    [
      0,
      6154.709999999999
    ],
    [
      13,
      6107.82
    ],
    [
      19,
      6076.9400000000005
    ],
    [
      20,
      6032.630000000001
    ],
    [
      21,
      5935.72
    ]
  ]
}