{
  "parameters": {
    "dataset": "app_final_120_medium",
    "t_max": 100.0,
    "t_min": 10.0,
    "alpha": 0.9,
    "iters_per_T": 500,
    "neighborhood": "mixed",
    "day_horizon": 600,
    "time_weight": 1.0
  },
  "initial_cost": 13892.869999999999,
  "best_cost": 13409.699999999999,
  "improvement_pct": 0.03477827115635575,
  "best_routes": [
    [
      0,
      82,
      43,
      102,
      74,
      53,
      56,
      73,
      47,
      77,
      1,
      92,
      6,
      120,
      95,
      16,
      110,
      113,
      91,
      0
    ],
    [
      0,
      2,
      28,
      60,
      85,
      17,
      101,
      23,
      24,
      0
    ],
    [
      0,
      106,
      29,
      25,
      88,
      31,
      90,
      57,
      100,
      37,
      12,
      79,
      38,
      35,
      76,
      46,
      80,
      68,
      119,
      67,
      0
    ],
    [
      0,
      45,
      105,
      78,
      114,
      71,
      61,
      52,
      111,
      70,
      9,
      15,
      98,
      42,
      33,
      27,
      94,
      65,
      18,
      75,
      69,
      0
    ],
    [
      0,
      10,
      54,
      59,
      62,
      64,
      40,
      118,
      81,
      97,
      87,
      115,
      26,
      20,
      11,
      14,
      72,
      63,
      104,
      0
    ],
    [
      0,
      51,
      96,
      5,
      83,
      36,
      112,
      19,
      58,
      21,
      109,
      34,
      22,
      49,
      30,
      4,
      107,
      39,
      41,
      103,
      0
    ],
    [
      0,
      117,
      48,
      7,
      108,
      8,
      50,
      3,
      32,
      13,
      66,
      99,
      89,
      93,
      84,
      86,
      44,
      116,
      55,
      0
    ]
  ],
  "metrics_initial": {
    "vehicles_used": 7,
    "total_distance_km": 3814.1899999999996,
    "cost_distance": 3814.1899999999996,
    "cost_time": 3778.6800000000003,
    "vehicle_cost": 6300.0,
    "waiting_E": 367.19000000000005,
    "horizon_excess_E": 0.0,
    "makespan_E": 585.98,
    "sum_route_time_E": 3778.6800000000003,
    "avg_route_time_E": 539.8114285714286
  },
  "metrics_best": {
    "vehicles_used": 7,
    "total_distance_km": 3503.6199999999994,
    "cost_distance": 3503.6199999999994,
    "cost_time": 3606.08,
    "vehicle_cost": 6300.0,
    "waiting_E": 461.11000000000007,
    "horizon_excess_E": 0.0,
    "makespan_E": 539.3,
    "sum_route_time_E": 3606.08,
    "avg_route_time_E": 515.1542857142857
  },
  "metrics_delta": {
    "vehicles_used": 0,
    "total_distance_km": -310.57000000000016,
    "cost_distance": -310.57000000000016,
    "cost_time": -172.60000000000036,
    "vehicle_cost": 0.0,
    "waiting_E": 93.92000000000002,
    "horizon_excess_E": 0.0,
    "makespan_E": -46.680000000000064,
    "sum_route_time_E": -172.60000000000036,
    "avg_route_time_E": -24.657142857142844
  },
  "process": {
    "runtime_seconds": 4.2419633865356445,
    "epochs": 22,
    "accepted_moves": 1205,
    "improving_moves": 208,
    "rejected_window_E_moves": 9457,
    "rejected_window_P_moves": 9553,
    "rejected_window_both_moves": 9425
  },
  "trace_improvements": [
    [
      0,
      13862.05
    ],
    [
      16,
      13755.789999999997
    ],
    [
      17,
      13748.239999999998
    ],
    [
      18,
      13728.539999999999
    ],
    [
      19,
      13695.439999999999
    ],
    [
      20,
      13552.889999999998
    ],
    [
      21,
      13409.699999999999
    ]
  ]
}