{
  "parameters": {
    "dataset": "app_final_20_very_loose",
    "t_max": 1500.0,
    "t_min": 10.0,
    "alpha": 0.9,
    "iters_per_T": 500,
    "neighborhood": "mixed",
    "day_horizon": 600,
    "time_weight": 1.0
  },
  "initial_cost": 3222.19,
  "best_cost": 3077.17,
  "improvement_pct": 0.045006656963121346,
  "best_routes": [
    [
      0,
      15,
      20,
      10,
      8,
      14,
      16,
      0
    ],
    [
      0,
      9,
      2,
      4,
      3,
      18,
      1,
      5,
      7,
      17,
      13,
      19,
      11,
      12,
      6,
      0
    ]
  ],
  "metrics_initial": {
    "vehicles_used": 2,
    "total_distance_km": 649.4700000000001,
    "cost_distance": 649.4700000000001,
    "cost_time": 772.7199999999999,
    "vehicle_cost": 1800.0,
    "waiting_E": 192.59,
    "horizon_excess_E": 0.0,
    "makespan_E": 413.61999999999995,
    "sum_route_time_E": 772.7199999999999,
    "avg_route_time_E": 386.35999999999996
  },
  "metrics_best": {
    "vehicles_used": 2,
    "total_distance_km": 583.6999999999999,
    "cost_distance": 583.6999999999999,
    "cost_time": 693.47,
    "vehicle_cost": 1800.0,
    "waiting_E": 161.57,
    "horizon_excess_E": 0.0,
    "makespan_E": 358.33,
    "sum_route_time_E": 693.47,
    "avg_route_time_E": 346.735
  },
  "metrics_delta": {
    "vehicles_used": 0,
    "total_distance_km": -65.77000000000021,
    "cost_distance": -65.77000000000021,
    "cost_time": -79.24999999999989,
    "vehicle_cost": 0.0,
    "waiting_E": -31.02000000000001,
    "horizon_excess_E": 0.0,
    "makespan_E": -55.289999999999964,
    "sum_route_time_E": -79.24999999999989,
    "avg_route_time_E": -39.62499999999994
  },
  "process": {
    "runtime_seconds": 2.414694309234619,
    "epochs": 48,
    "accepted_moves": 7215,
    "improving_moves": 2086,
    "rejected_window_E_moves": 13547,
    "rejected_window_P_moves": 14000,
    "rejected_window_both_moves": 13212
  },
  "trace_improvements": [
    [
      0,
      3222.19
    ],
    [
      38,
      3200.67
    ],
    [
      40,
      3131.4
    ],
    [
      43,
      3128.26
    ],
    [
      45,
      3107.13
    ],
    [
      46,
      3096.5600000000004
    ],
    [
      47,
      3077.17
    ]
  ]
}