{
  "parameters": {
    "dataset": "app_final_120_tight",
    "t_max": 1000.0,
    "t_min": 10.0,
    "alpha": 0.9,
    "iters_per_T": 500,
    "neighborhood": "mixed",
    "day_horizon": 600,
    "time_weight": 1.0
  },
  "initial_cost": 15820.490000000003,
  "best_cost": 15146.650000000001,
  "improvement_pct": 0.04259286532844443,
  "best_routes": [
    [
      0,
      85,
      38,
      64,
      62,
      113,
      80,
      107,
      104,
      111,
      105,
      55,
      101,
      84,
      31,
      0
    ],
    [
      0,
      61,
      118,
      25,
      56,
      48,
      86,
      33,
      1,
      75,
      54,
      30,
      4,
      28,
      7,
      46,
      119,
      0
    ],
    [
      0,
      109,
      18,
      67,
      53,
      91,
      21,
      8,
      116,
      13,
      81,
      10,
      96,
      52,
      58,
      50,
      35,
      0
    ],
    [
      0,
      32,
      69,
      74,
      43,
      60,
      47,
      73,
      49,
      20,
      112,
      65,
      114,
      103,
      120,
      83,
      9,
      24,
      39,
      89,
      0
    ],
    [
      0,
      41,
      76,
      70,
      93,
      79,
      19,
      115,
      37,
      57,
      2,
      44,
      15,
      0
    ],
    [
      0,
      102,
      3,
      71,
      108,
      66,
      34,
      17,
      106,
      97,
      77,
      12,
      42,
      22,
      63,
      6,
      95,
      94,
      0
    ],
    [
      0,
      92,
      29,
      26,
      14,
      88,
      68,
      40,
      36,
      99,
      117,
      90,
      0
    ],
    [
      0,
      11,
      59,
      82,
      78,
      45,
      51,
      27,
      100,
      87,
      16,
      110,
      72,
      23,
      5,
      98,
      0
    ]
  ],
  "metrics_initial": {
    "vehicles_used": 8,
    "total_distance_km": 4535.980000000002,
    "cost_distance": 4535.980000000002,
    "cost_time": 4084.5100000000007,
    "vehicle_cost": 7200.0,
    "waiting_E": 389.52,
    "horizon_excess_E": 0.0,
    "makespan_E": 599.3900000000001,
    "sum_route_time_E": 4084.5100000000007,
    "avg_route_time_E": 510.5637500000001
  },
  "metrics_best": {
    "vehicles_used": 8,
    "total_distance_km": 3799.480000000001,
    "cost_distance": 3799.480000000001,
    "cost_time": 4147.170000000001,
    "vehicle_cost": 7200.0,
    "waiting_E": 1019.99,
    "horizon_excess_E": 0.0,
    "makespan_E": 585.53,
    "sum_route_time_E": 4147.170000000001,
    "avg_route_time_E": 518.3962500000001
  },
  "metrics_delta": {
    "vehicles_used": 0,
    "total_distance_km": -736.5000000000014,
    "cost_distance": -736.5000000000014,
    "cost_time": 62.66000000000031,
    "vehicle_cost": 0.0,
    "waiting_E": 630.47,
    "horizon_excess_E": 0.0,
    "makespan_E": -13.860000000000127,
    "sum_route_time_E": 62.66000000000031,
    "avg_route_time_E": 7.832500000000039
  },
  "process": {
    "runtime_seconds": 9.363261461257935,
    "epochs": 44,
    "accepted_moves": 2477,
    "improving_moves": 328,
    "rejected_window_E_moves": 19164,
    "rejected_window_P_moves": 19329,
    "rejected_window_both_moves": 19131
  },
  "trace_improvements": [
    [
      0,
      15819.160000000003
    ],
    [
      34,
      15758.489999999998
    ],
    [
      35,
      15662.619999999999
    ],
    [
      36,
      15607.63
    ],
    [
      37,
      15498.880000000001
    ],
    [
      39,
      15378.48
    ],
    [
      40,
      15146.650000000001
    ]
  ]
}