{
  "parameters": {
    "dataset": "app_final_40_medium",
    "t_max": 1500.0,
    "t_min": 10.0,
    "alpha": 0.9,
    "iters_per_T": 500,
    "neighborhood": "mixed",
    "day_horizon": 600,
    "time_weight": 1.0
  },
  "initial_cost": 6085.45,
  "best_cost": 5637.160000000001,
  "improvement_pct": 0.0736658751612451,
  "best_routes": [
    [
      0,
      17,
      5,
      11,
      16,
      40,
      29,
      6,
      24,
      13,
      19,
      20,
      10,
      22,
      26,
      0
    ],
    [
      0,
      30,
      18,
      14,
      31,
      4,
      34,
      15,
      2,
      25,
      8,
      9,
      21,
      0
    ],
    [
      0,
      37,
      39,
      12,
      7,
      32,
      23,
      35,
      33,
      27,
      3,
      36,
      28,
      1,
      38,
      0
    ]
  ],
  "metrics_initial": {
    "vehicles_used": 3,
    "total_distance_km": 1722.8400000000004,
    "cost_distance": 1722.8400000000004,
    "cost_time": 1662.61,
    "vehicle_cost": 2700.0,
    "waiting_E": 126.65,
    "horizon_excess_E": 0.0,
    "makespan_E": 589.23,
    "sum_route_time_E": 1662.61,
    "avg_route_time_E": 554.2033333333333
  },
  "metrics_best": {
    "vehicles_used": 3,
    "total_distance_km": 1442.8600000000001,
    "cost_distance": 1442.8600000000001,
    "cost_time": 1494.3000000000002,
    "vehicle_cost": 2700.0,
    "waiting_E": 191.20000000000005,
    "horizon_excess_E": 0.0,
    "makespan_E": 560.3400000000001,
    "sum_route_time_E": 1494.3000000000002,
    "avg_route_time_E": 498.1000000000001
  },
  "metrics_delta": {
    "vehicles_used": 0,
    "total_distance_km": -279.98000000000025,
    "cost_distance": -279.98000000000025,
    "cost_time": -168.30999999999972,
    "vehicle_cost": 0.0,
    "waiting_E": 64.55000000000004,
    "horizon_excess_E": 0.0,
    "makespan_E": -28.889999999999873,
    "sum_route_time_E": -168.30999999999972,
    "avg_route_time_E": -56.10333333333318
  },
  "process": {
    "runtime_seconds": 3.7805137634277344,
    "epochs": 48,
    "accepted_moves": 3528,
    "improving_moves": 622,
    "rejected_window_E_moves": 19813,
    "rejected_window_P_moves": 19985,
    "rejected_window_both_moves": 19669
  },
  "trace_improvements": [
    [
      0,
      6027.74
    ],
    [
      5,
      5851.25
    ],
    [
      40,
      5745.4400000000005
    ],
    [
      41,
      5703.780000000001
    ],
    [
      42,
      5637.160000000001
    ]
  ]
}