{
  "parameters": {
    "dataset": "app_final_20_very_loose",
    "t_max": 1000.0,
    "t_min": 10.0,
    "alpha": 0.9,
    "iters_per_T": 500,
    "neighborhood": "mixed",
    "day_horizon": 600,
    "time_weight": 1.0
  },
  "initial_cost": 3222.19,
  "best_cost": 3082.59,
  "improvement_pct": 0.04332457117674622,
  "best_routes": [
    [
      0,
      10,
      8,
      14,
      16,
      0
    ],
    [
      0,
      20,
      9,
      2,
      4,
      3,
      1,
      5,
      18,
      19,
      13,
      7,
      17,
      11,
      12,
      6,
      15,
      0
    ]
  ],
  "metrics_initial": {
    "vehicles_used": 2,
    "total_distance_km": 649.4700000000001,
    "cost_distance": 649.4700000000001,
    "cost_time": 772.7199999999999,
    "vehicle_cost": 1800.0,
    "waiting_E": 192.59,
    "horizon_excess_E": 0.0,
    "makespan_E": 413.61999999999995,
    "sum_route_time_E": 772.7199999999999,
    "avg_route_time_E": 386.35999999999996
  },
  "metrics_best": {
    "vehicles_used": 2,
    "total_distance_km": 553.22,
    "cost_distance": 553.22,
    "cost_time": 729.3699999999999,
    "vehicle_cost": 1800.0,
    "waiting_E": 211.41,
    "horizon_excess_E": 0.0,
    "makespan_E": 394.2299999999999,
    "sum_route_time_E": 729.3699999999999,
    "avg_route_time_E": 364.68499999999995
  },
  "metrics_delta": {
    "vehicles_used": 0,
    "total_distance_km": -96.25000000000011,
    "cost_distance": -96.25000000000011,
    "cost_time": -43.35000000000002,
    "vehicle_cost": 0.0,
    "waiting_E": 18.819999999999993,
    "horizon_excess_E": 0.0,
    "makespan_E": -19.390000000000043,
    "sum_route_time_E": -43.35000000000002,
    "avg_route_time_E": -21.67500000000001
  },
  "process": {
    "runtime_seconds": 2.151543140411377,
    "epochs": 44,
    "accepted_moves": 6367,
    "improving_moves": 1786,
    "rejected_window_E_moves": 12587,
    "rejected_window_P_moves": 13040,
    "rejected_window_both_moves": 12308
  },
  "trace_improvements": [
    [
      0,
      3222.19
    ],
    [
      33,
      3163.3599999999997
    ],
    [
      37,
      3162.5200000000004
    ],
    [
      40,
      3142.4700000000003
    ],
    [
      41,
      3082.59
    ]
  ]
}