{
  "parameters": {
    "dataset": "app_final_120_medium",
    "t_max": 1500.0,
    "t_min": 10.0,
    "alpha": 0.9,
    "iters_per_T": 500,
    "neighborhood": "mixed",
    "day_horizon": 600,
    "time_weight": 1.0
  },
  "initial_cost": 13892.869999999999,
  "best_cost": 13158.43,
  "improvement_pct": 0.052864526912005855,
  "best_routes": [
    [
      0,
      43,
      97,
      96,
      54,
      19,
      25,
      42,
      95,
      120,
      16,
      33,
      14,
      72,
      11,
      110,
      63,
      113,
      0
    ],
    [
      0,
      102,
      8,
      115,
      114,
      66,
      26,
      34,
      85,
      17,
      12,
      41,
      65,
      107,
      39,
      116,
      0
    ],
    [
      0,
      90,
      29,
      106,
      88,
      64,
      31,
      112,
      59,
      109,
      37,
      35,
      69,
      76,
      101,
      46,
      80,
      22,
      68,
      119,
      0
    ],
    [
      0,
      82,
      78,
      13,
      7,
      50,
      108,
      3,
      23,
      4,
      84,
      24,
      94,
      18,
      99,
      103,
      67,
      91,
      0
    ],
    [
      0,
      117,
      2,
      87,
      74,
      61,
      81,
      118,
      9,
      15,
      93,
      1,
      6,
      92,
      89,
      27,
      20,
      79,
      55,
      0
    ],
    [
      0,
      45,
      51,
      62,
      40,
      52,
      5,
      70,
      83,
      36,
      111,
      32,
      30,
      44,
      49,
      86,
      0
    ],
    [
      0,
      10,
      53,
      71,
      48,
      105,
      28,
      60,
      100,
      73,
      56,
      47,
      58,
      21,
      38,
      57,
      77,
      98,
      75,
      104,
      0
    ]
  ],
  "metrics_initial": {
    "vehicles_used": 7,
    "total_distance_km": 3814.1899999999996,
    "cost_distance": 3814.1899999999996,
    "cost_time": 3778.6800000000003,
    "vehicle_cost": 6300.0,
    "waiting_E": 367.19000000000005,
    "horizon_excess_E": 0.0,
    "makespan_E": 585.98,
    "sum_route_time_E": 3778.6800000000003,
    "avg_route_time_E": 539.8114285714286
  },
  "metrics_best": {
    "vehicles_used": 7,
    "total_distance_km": 3264.819999999999,
    "cost_distance": 3264.819999999999,
    "cost_time": 3593.61,
    "vehicle_cost": 6300.0,
    "waiting_E": 620.1800000000001,
    "horizon_excess_E": 0.0,
    "makespan_E": 557.03,
    "sum_route_time_E": 3593.61,
    "avg_route_time_E": 513.3728571428571
  },
  "metrics_delta": {
    "vehicles_used": 0,
    "total_distance_km": -549.3700000000008,
    "cost_distance": -549.3700000000008,
    "cost_time": -185.07000000000016,
    "vehicle_cost": 0.0,
    "waiting_E": 252.99,
    "horizon_excess_E": 0.0,
    "makespan_E": -28.950000000000045,
    "sum_route_time_E": -185.07000000000016,
    "avg_route_time_E": -26.438571428571436
  },
  "process": {
    "runtime_seconds": 9.489680051803589,
    "epochs": 48,
    "accepted_moves": 2984,
    "improving_moves": 622,
    "rejected_window_E_moves": 20461,
    "rejected_window_P_moves": 20564,
    "rejected_window_both_moves": 20288
  },
  "trace_improvements": [
    [
      0,
      13892.869999999999
    ],
    [
      36,
      13715.189999999999
    ],
    [
      37,
      13680.08
    ],
    [
      38,
      13661.16
    ],
    [
      39,
      13563.77
    ],
    [
      40,
      13495.960000000001
    ],
    [
      41,
      13452.89
    ],
    [
      42,
      13336.77
    ],
    [
      43,
      13308.34
    ],
    [
      44,
      13222.030000000002
    ],
    [
      47,
      13158.43
    ]
  ]
}