{
  "parameters": {
    "dataset": "app_final_20_tight",
    "t_max": 500.0,
    "t_min": 10.0,
    "alpha": 0.9,
    "iters_per_T": 500,
    "neighborhood": "mixed",
    "day_horizon": 600,
    "time_weight": 1.0
  },
  "initial_cost": 5722.25,
  "best_cost": 5075.01,
  "improvement_pct": 0.11310935383808812,
  "best_routes": [
    [
      0,
      2,
      5,
      10,
      19,
      3,
      14,
      0
    ],
    [
      0,
      1,
      13,
      11,
      12,
      16,
      7,
      6,
      0
    ],
    [
      0,
      15,
      8,
      17,
      20,
      18,
      4,
      9,
      0
    ]
  ],
  "metrics_initial": {
    "vehicles_used": 3,
    "total_distance_km": 1291.25,
    "cost_distance": 1291.25,
    "cost_time": 1731.0000000000002,
    "vehicle_cost": 2700.0,
    "waiting_E": 578.6700000000001,
    "horizon_excess_E": 0.0,
    "makespan_E": 596.1400000000001,
    "sum_route_time_E": 1731.0000000000002,
    "avg_route_time_E": 577.0000000000001
  },
  "metrics_best": {
    "vehicles_used": 3,
    "total_distance_km": 828.1500000000001,
    "cost_distance": 828.1500000000001,
    "cost_time": 1546.8600000000001,
    "vehicle_cost": 2700.0,
    "waiting_E": 813.3800000000001,
    "horizon_excess_E": 0.0,
    "makespan_E": 587.74,
    "sum_route_time_E": 1546.8600000000001,
    "avg_route_time_E": 515.62
  },
  "metrics_delta": {
    "vehicles_used": 0,
    "total_distance_km": -463.0999999999999,
    "cost_distance": -463.0999999999999,
    "cost_time": -184.1400000000001,
    "vehicle_cost": 0.0,
    "waiting_E": 234.71000000000004,
    "horizon_excess_E": 0.0,
    "makespan_E": -8.400000000000091,
    "sum_route_time_E": -184.1400000000001,
    "avg_route_time_E": -61.38000000000011
  },
  "process": {
    "runtime_seconds": 1.8929407596588135,
    "epochs": 38,
    "accepted_moves": 4172,
    "improving_moves": 505,
    "rejected_window_E_moves": 14056,
    "rejected_window_P_moves": 14358,
    "rejected_window_both_moves": 14003
  },
  "trace_improvements": [
    [
      0,
      5332.32
    ],
    [
      3,
      5242.46
    ],
    [
      11,
      5234.34
    ],
    [
      13,
      5232.88
    ],
    [
      14,
      5214.8099999999995
    ],
    [
      19,
      5161.97
    ],
    [
      21,
      5113.66
    ],
    [
      22,
      5075.01
    ]
  ]
}