{
  "parameters": {
    "dataset": "app_final_80_very_loose",
    "t_max": 2000.0,
    "t_min": 10.0,
    "alpha": 0.9,
    "iters_per_T": 500,
    "neighborhood": "mixed",
    "day_horizon": 600,
    "time_weight": 1.0
  },
  "initial_cost": 6154.709999999999,
  "best_cost": 6110.17,
  "improvement_pct": 0.007236734143444461,
  "best_routes": [
    [
      0,
      3,
      7,
      78,
      33,
      42,
      55,
      28,
      16,
      60,
      58,
      29,
      71,
      1,
      63,
      31,
      38,
      50,
      24,
      21,
      57,
      53,
      13,
      56,
      14,
      51,
      64,
      0
    ],
    [
      0,
      11,
      40,
      5,
      17,
      19,
      39,
      18,
      20,
      59,
      61,
      34,
      22,
      49,
      62,
      75,
      15,
      74,
      68,
      48,
      2,
      45,
      41,
      26,
      65,
      67,
      8,
      32,
      76,
      73,
      80,
      72,
      0
    ],
    [
      0,
      47,
      25,
      35,
      36,
      52,
      43,
      4,
      44,
      23,
      66,
      54,
      46,
      77,
      37,
      79,
      69,
      70,
      30,
      27,
      12,
      10,
      9,
      6,
      0
    ]
  ],
  "metrics_initial": {
    "vehicles_used": 3,
    "total_distance_km": 1864.99,
    "cost_distance": 1864.99,
    "cost_time": 1589.7199999999998,
    "vehicle_cost": 2700.0,
    "waiting_E": 20.30000000000001,
    "horizon_excess_E": 0.0,
    "makespan_E": 596.4899999999999,
    "sum_route_time_E": 1589.7199999999998,
    "avg_route_time_E": 529.9066666666666
  },
  "metrics_best": {
    "vehicles_used": 3,
    "total_distance_km": 1787.1200000000001,
    "cost_distance": 1787.1200000000001,
    "cost_time": 1623.0500000000004,
    "vehicle_cost": 2700.0,
    "waiting_E": 66.53000000000014,
    "horizon_excess_E": 0.0,
    "makespan_E": 578.5900000000001,
    "sum_route_time_E": 1623.0500000000004,
    "avg_route_time_E": 541.0166666666668
  },
  "metrics_delta": {
    "vehicles_used": 0,
    "total_distance_km": -77.86999999999989,
    "cost_distance": -77.86999999999989,
    "cost_time": 33.33000000000061,
    "vehicle_cost": 0.0,
    "waiting_E": 46.23000000000013,
    "horizon_excess_E": 0.0,
    "makespan_E": -17.89999999999975,
    "sum_route_time_E": 33.33000000000061,
    "avg_route_time_E": 11.110000000000127
  },
  "process": {
    "runtime_seconds": 6.067462921142578,
    "epochs": 51,
    "accepted_moves": 2383,
    "improving_moves": 474,
    "rejected_window_E_moves": 22722,
    "rejected_window_P_moves": 22453,
    "rejected_window_both_moves": 22213
  },
  "trace_improvements": [
    [
      0,
      6154.709999999999
    ],
    [
      37,
      6146.509999999998
    ],
    [
      40,
      6128.18
    ],
    [
      46,
      6110.17
    ]
  ]
}