{
  "parameters": {
    "dataset": "app_final_120_tight",
    "t_max": 100.0,
    "t_min": 10.0,
    "alpha": 0.9,
    "iters_per_T": 500,
    "neighborhood": "mixed",
    "day_horizon": 600,
    "time_weight": 1.0
  },
  "initial_cost": 15820.490000000003,
  "best_cost": 15345.050000000001,
  "improvement_pct": 0.030052166525815712,
  "best_routes": [
    [
      0,
      32,
      60,
      102,
      29,
      26,
      20,
      116,
      114,
      103,
      12,
      63,
      42,
      22,
      117,
      94,
      0
    ],
    [
      0,
      3,
      59,
      45,
      18,
      48,
      86,
      8,
      30,
      47,
      10,
      81,
      16,
      105,
      110,
      72,
      77,
      97,
      84,
      98,
      0
    ],
    [
      0,
      38,
      109,
      67,
      53,
      91,
      21,
      4,
      27,
      87,
      111,
      7,
      2,
      0
    ],
    [
      0,
      69,
      74,
      62,
      100,
      49,
      73,
      13,
      112,
      65,
      120,
      83,
      9,
      24,
      23,
      119,
      46,
      0
    ],
    [
      0,
      41,
      70,
      79,
      93,
      76,
      43,
      115,
      19,
      107,
      57,
      106,
      5,
      39,
      89,
      90,
      0
    ],
    [
      0,
      118,
      88,
      61,
      68,
      78,
      113,
      108,
      17,
      34,
      28,
      52,
      55,
      95,
      6,
      58,
      31,
      0
    ],
    [
      0,
      82,
      25,
      54,
      36,
      33,
      75,
      1,
      104,
      40,
      37,
      96,
      99,
      101,
      50,
      0
    ],
    [
      0,
      85,
      11,
      92,
      64,
      14,
      51,
      56,
      71,
      80,
      66,
      15,
      44,
      35,
      0
    ]
  ],
  "metrics_initial": {
    "vehicles_used": 8,
    "total_distance_km": 4535.980000000002,
    "cost_distance": 4535.980000000002,
    "cost_time": 4084.5100000000007,
    "vehicle_cost": 7200.0,
    "waiting_E": 389.52,
    "horizon_excess_E": 0.0,
    "makespan_E": 599.3900000000001,
    "sum_route_time_E": 4084.5100000000007,
    "avg_route_time_E": 510.5637500000001
  },
  "metrics_best": {
    "vehicles_used": 8,
    "total_distance_km": 4051.1600000000017,
    "cost_distance": 4051.1600000000017,
    "cost_time": 4093.89,
    "vehicle_cost": 7200.0,
    "waiting_E": 809.1599999999999,
    "horizon_excess_E": 0.0,
    "makespan_E": 579.28,
    "sum_route_time_E": 4093.89,
    "avg_route_time_E": 511.73625
  },
  "metrics_delta": {
    "vehicles_used": 0,
    "total_distance_km": -484.8200000000006,
    "cost_distance": -484.8200000000006,
    "cost_time": 9.3799999999992,
    "vehicle_cost": 0.0,
    "waiting_E": 419.6399999999999,
    "horizon_excess_E": 0.0,
    "makespan_E": -20.110000000000127,
    "sum_route_time_E": 9.3799999999992,
    "avg_route_time_E": 1.1724999999999
  },
  "process": {
    "runtime_seconds": 4.582253694534302,
    "epochs": 22,
    "accepted_moves": 1217,
    "improving_moves": 134,
    "rejected_window_E_moves": 9523,
    "rejected_window_P_moves": 9607,
    "rejected_window_both_moves": 9494
  },
  "trace_improvements": [
    [
      0,
      15706.950000000003
    ],
    [
      8,
      15539.89
    ],
    [
      9,
      15497.93
    ],
    [
      11,
      15493.1
    ],
    [
      15,
      15438.52
    ],
    [
      16,
      15387.53
    ],
    [
      18,
      15345.050000000001
    ]
  ]
}