{
  "parameters": {
    "dataset": "app_final_80_very_loose",
    "t_max": 1500.0,
    "t_min": 10.0,
    "alpha": 0.9,
    "iters_per_T": 500,
    "neighborhood": "mixed",
    "day_horizon": 600,
    "time_weight": 1.0
  },
  "initial_cost": 6154.709999999999,
  "best_cost": 5744.97,
  "improvement_pct": 0.06657340475830688,
  "best_routes": [
    [
      0,
      3,
      65,
      50,
      53,
      7,
      20,
      78,
      29,
      1,
      37,
      77,
      63,
      79,
      46,
      13,
      18,
      8,
      67,
      73,
      38,
      80,
      9,
      10,
      72,
      0
    ],
    [
      0,
      40,
      5,
      70,
      17,
      19,
      31,
      23,
      33,
      61,
      54,
      66,
      42,
      28,
      55,
      16,
      59,
      45,
      34,
      48,
      2,
      68,
      62,
      15,
      74,
      32,
      76,
      6,
      0
    ],
    [
      0,
      11,
      35,
      47,
      25,
      36,
      52,
      44,
      43,
      4,
      75,
      49,
      22,
      41,
      60,
      14,
      56,
      39,
      51,
      27,
      30,
      12,
      69,
      64,
      71,
      58,
      26,
      21,
      24,
      57,
      0
    ]
  ],
  "metrics_initial": {
    "vehicles_used": 3,
    "total_distance_km": 1864.99,
    "cost_distance": 1864.99,
    "cost_time": 1589.7199999999998,
    "vehicle_cost": 2700.0,
    "waiting_E": 20.30000000000001,
    "horizon_excess_E": 0.0,
    "makespan_E": 596.4899999999999,
    "sum_route_time_E": 1589.7199999999998,
    "avg_route_time_E": 529.9066666666666
  },
  "metrics_best": {
    "vehicles_used": 3,
    "total_distance_km": 1566.8800000000003,
    "cost_distance": 1566.8800000000003,
    "cost_time": 1478.09,
    "vehicle_cost": 2700.0,
    "waiting_E": 156.64999999999992,
    "horizon_excess_E": 0.0,
    "makespan_E": 507.69,
    "sum_route_time_E": 1478.09,
    "avg_route_time_E": 492.69666666666666
  },
  "metrics_delta": {
    "vehicles_used": 0,
    "total_distance_km": -298.1099999999997,
    "cost_distance": -298.1099999999997,
    "cost_time": -111.62999999999988,
    "vehicle_cost": 0.0,
    "waiting_E": 136.3499999999999,
    "horizon_excess_E": 0.0,
    "makespan_E": -88.7999999999999,
    "sum_route_time_E": -111.62999999999988,
    "avg_route_time_E": -37.20999999999998
  },
  "process": {
    "runtime_seconds": 5.760770797729492,
    "epochs": 48,
    "accepted_moves": 2060,
    "improving_moves": 384,
    "rejected_window_E_moves": 21137,
    "rejected_window_P_moves": 21179,
    "rejected_window_both_moves": 20889
  },
  "trace_improvements": [
    [
      0,
      6141.83
    ],
    [
      40,
      6084.870000000001
    ],
    [
      41,
      6071.980000000001
    ],
    [
      42,
      6026.09
    ],
    [
      43,
      5967.74
    ],
    [
      44,
      5896.74
    ],
    [
      45,
      5859.680000000001
    ],
    [
      46,
      5792.9400000000005
    ],
    [
      47,
      5744.97
    ]
  ]
}