{
  "parameters": {
    "dataset": "app_final_20_tight",
    "t_max": 1000.0,
    "t_min": 10.0,
    "alpha": 0.9,
    "iters_per_T": 500,
    "neighborhood": "mixed",
    "day_horizon": 600,
    "time_weight": 1.0
  },
  "initial_cost": 5722.25,
  "best_cost": 5119.53,
  "improvement_pct": 0.10532919743108048,
  "best_routes": [
    [
      0,
      1,
      13,
      16,
      12,
      4,
      18,
      9,
      0
    ],
    [
      0,
      2,
      5,
      10,
      19,
      7,
      6,
      0
    ],
    [
      0,
      15,
      8,
      17,
      20,
      11,
      3,
      14,
      0
    ]
  ],
  "metrics_initial": {
    "vehicles_used": 3,
    "total_distance_km": 1291.25,
    "cost_distance": 1291.25,
    "cost_time": 1731.0000000000002,
    "vehicle_cost": 2700.0,
    "waiting_E": 578.6700000000001,
    "horizon_excess_E": 0.0,
    "makespan_E": 596.1400000000001,
    "sum_route_time_E": 1731.0000000000002,
    "avg_route_time_E": 577.0000000000001
  },
  "metrics_best": {
    "vehicles_used": 3,
    "total_distance_km": 870.9499999999999,
    "cost_distance": 870.9499999999999,
    "cost_time": 1548.5800000000002,
    "vehicle_cost": 2700.0,
    "waiting_E": 766.75,
    "horizon_excess_E": 0.0,
    "makespan_E": 589.46,
    "sum_route_time_E": 1548.5800000000002,
    "avg_route_time_E": 516.1933333333334
  },
  "metrics_delta": {
    "vehicles_used": 0,
    "total_distance_km": -420.30000000000007,
    "cost_distance": -420.30000000000007,
    "cost_time": -182.42000000000007,
    "vehicle_cost": 0.0,
    "waiting_E": 188.07999999999993,
    "horizon_excess_E": 0.0,
    "makespan_E": -6.680000000000064,
    "sum_route_time_E": -182.42000000000007,
    "avg_route_time_E": -60.80666666666673
  },
  "process": {
    "runtime_seconds": 2.16625714302063,
    "epochs": 44,
    "accepted_moves": 4754,
    "improving_moves": 552,
    "rejected_window_E_moves": 16515,
    "rejected_window_P_moves": 16808,
    "rejected_window_both_moves": 16424
  },
  "trace_improvements": [
    [
      0,
      5327.780000000001
    ],
    [
      9,
      5210.52
    ],
    [
      10,
      5203.969999999999
    ],
    [
      27,
      5143.2
    ],
    [
      37,
      5128.17
    ],
    [
      38,
      5127.77
    ],
    [
      40,
      5123.709999999999
    ],
    [
      42,
      5119.53
    ]
  ]
}