{
  "parameters": {
    "dataset": "app_final_200_medium",
    "t_max": 100.0,
    "t_min": 10.0,
    "alpha": 0.9,
    "iters_per_T": 500,
    "neighborhood": "mixed",
    "day_horizon": 600,
    "time_weight": 1.0
  },
  "initial_cost": 16855.43,
  "best_cost": 16810.949999999997,
  "improvement_pct": 0.0026389122081135396,
  "best_routes": [
    [
      0,
      184,
      73,
      130,
      4,
      94,
      182,
      26,
      61,
      64,
      100,
      76,
      142,
      117,
      104,
      183,
      81,
      12,
      136,
      66,
      169,
      126,
      72,
      63,
      56,
      96,
      9,
      84,
      55,
      39,
      132,
      120,
      193,
      47,
      147,
      151,
      20,
      124,
      38,
      85,
      164,
      154,
      0
    ],
    [
      0,
      166,
      179,
      162,
      16,
      180,
      101,
      79,
      157,
      148,
      49,
      158,
      31,
      168,
      24,
      112,
      29,
      160,
      128,
      199,
      97,
      0
    ],
    [
      0,
      83,
      111,
      174,
      28,
      171,
      177,
      6,
      125,
      23,
      189,
      140,
      172,
      5,
      107,
      68,
      11,
      87,
      7,
      21,
      181,
      131,
      62,
      95,
      92,
      0
    ],
    [
      0,
      88,
      185,
      15,
      195,
      122,
      10,
      71,
      197,
      139,
      145,
      155,
      43,
      159,
      105,
      129,
      89,
      60,
      50,
      40,
      57,
      113,
      19,
      13,
      0
    ],
    [
      0,
      102,
      8,
      114,
      143,
      135,
      175,
      33,
      173,
      14,
      152,
      187,
      58,
      116,
      74,
      190,
      32,
      198,
      22,
      51,
      119,
      194,
      35,
      200,
      0
    ],
    [
      0,
      34,
      192,
      36,
      65,
      133,
      165,
      67,
      2,
      188,
      41,
      138,
      123,
      127,
      82,
      118,
      27,
      161,
      44,
      80,
      18,
      78,
      106,
      103,
      59,
      46,
      93,
      53,
      149,
      110,
      144,
      17,
      90,
      75,
      191,
      0
    ],
    [
      0,
      86,
      115,
      30,
      52,
      54,
      196,
      141,
      134,
      146,
      121,
      170,
      48,
      70,
      186,
      1,
      37,
      167,
      178,
      69,
      91,
      0
    ],
    [
      0,
      77,
      137,
      3,
      99,
      176,
      108,
      150,
      98,
      153,
      163,
      109,
      25,
      156,
      42,
      45,
      0
    ]
  ],
  "metrics_initial": {
    "vehicles_used": 8,
    "total_distance_km": 5197.43,
    "cost_distance": 5197.43,
    "cost_time": 4458.0,
    "vehicle_cost": 7200.0,
    "waiting_E": 506.91999999999996,
    "horizon_excess_E": 0.0,
    "makespan_E": 597.09,
    "sum_route_time_E": 4458.0,
    "avg_route_time_E": 557.25
  },
  "metrics_best": {
    "vehicles_used": 8,
    "total_distance_km": 5146.529999999999,
    "cost_distance": 5146.529999999999,
    "cost_time": 4464.42,
    "vehicle_cost": 7200.0,
    "waiting_E": 452.51,
    "horizon_excess_E": 0.0,
    "makespan_E": 596.4599999999999,
    "sum_route_time_E": 4464.42,
    "avg_route_time_E": 558.0525
  },
  "metrics_delta": {
    "vehicles_used": 0,
    "total_distance_km": -50.900000000001455,
    "cost_distance": -50.900000000001455,
    "cost_time": 6.420000000000073,
    "vehicle_cost": 0.0,
    "waiting_E": -54.40999999999997,
    "horizon_excess_E": 0.0,
    "makespan_E": -0.6300000000001091,
    "sum_route_time_E": 6.420000000000073,
    "avg_route_time_E": 0.8025000000000091
  },
  "process": {
    "runtime_seconds": 6.381522178649902,
    "epochs": 22,
    "accepted_moves": 845,
    "improving_moves": 116,
    "rejected_window_E_moves": 9983,
    "rejected_window_P_moves": 9866,
    "rejected_window_both_moves": 9788
  },
  "trace_improvements": [
    [
      0,
      16855.43
    ],
    [
      11,
      16845.760000000002
    ],
    [
      21,
      16810.949999999997
    ]
  ]
}