{
  "parameters": {
    "dataset": "app_final_200_tight",
    "t_max": 1500.0,
    "t_min": 10.0,
    "alpha": 0.9,
    "iters_per_T": 500,
    "neighborhood": "mixed",
    "day_horizon": 600,
    "time_weight": 1.0
  },
  "initial_cost": 23984.11,
  "best_cost": 23967.27,
  "improvement_pct": 0.0007021315362546346,
  "best_routes": [
    [
      0,
      129,
      171,
      148,
      54,
      49,
      83,
      191,
      159,
      112,
      121,
      132,
      106,
      44,
      140,
      199,
      17,
      7,
      34,
      185,
      12,
      16,
      78,
      146,
      189,
      55,
      0
    ],
    [
      0,
      164,
      169,
      172,
      176,
      13,
      18,
      194,
      19,
      126,
      14,
      109,
      28,
      107,
      35,
      9,
      125,
      90,
      97,
      87,
      195,
      70,
      37,
      156,
      141,
      186,
      0
    ],
    [
      0,
      190,
      182,
      184,
      134,
      162,
      180,
      91,
      74,
      108,
      61,
      92,
      21,
      43,
      36,
      41,
      42,
      119,
      80,
      32,
      196,
      123,
      100,
      60,
      39,
      8,
      153,
      3,
      38,
      116,
      0
    ],
    [
      0,
      73,
      31,
      50,
      27,
      6,
      58,
      59,
      75,
      53,
      72,
      152,
      24,
      88,
      187,
      48,
      168,
      81,
      62,
      118,
      154,
      30,
      47,
      29,
      15,
      0
    ],
    [
      0,
      183,
      163,
      142,
      181,
      124,
      64,
      144,
      95,
      11,
      10,
      103,
      120,
      71,
      170,
      79,
      77,
      150,
      51,
      136,
      84,
      111,
      133,
      0
    ],
    [
      0,
      2,
      165,
      57,
      167,
      130,
      177,
      114,
      46,
      160,
      178,
      40,
      157,
      33,
      193,
      63,
      26,
      0
    ],
    [
      0,
      137,
      5,
      174,
      89,
      94,
      166,
      128,
      197,
      188,
      96,
      104,
      115,
      145,
      135,
      1,
      117,
      0
    ],
    [
      0,
      147,
      175,
      52,
      82,
      101,
      68,
      155,
      20,
      110,
      99,
      139,
      131,
      0
    ],
    [
      0,
      85,
      65,
      200,
      192,
      127,
      198,
      149,
      179,
      122,
      151,
      0
    ],
    [
      0,
      143,
      98,
      69,
      66,
      161,
      102,
      25,
      105,
      86,
      113,
      45,
      158,
      0
    ],
    [
      0,
      67,
      56,
      23,
      138,
      173,
      4,
      76,
      0
    ],
    [
      0,
      93,
      0
    ],
    [
      0,
      22,
      0
    ]
  ],
  "metrics_initial": {
    "vehicles_used": 13,
    "total_distance_km": 6224.23,
    "cost_distance": 6224.23,
    "cost_time": 6059.88,
    "vehicle_cost": 11700.0,
    "waiting_E": 964.6600000000002,
    "horizon_excess_E": 0.0,
    "makespan_E": 582.22,
    "sum_route_time_E": 6059.88,
    "avg_route_time_E": 466.1446153846154
  },
  "metrics_best": {
    "vehicles_used": 13,
    "total_distance_km": 6218.71,
    "cost_distance": 6218.71,
    "cost_time": 6048.56,
    "vehicle_cost": 11700.0,
    "waiting_E": 964.6600000000002,
    "horizon_excess_E": 0.0,
    "makespan_E": 582.22,
    "sum_route_time_E": 6048.56,
    "avg_route_time_E": 465.2738461538462
  },
  "metrics_delta": {
    "vehicles_used": 0,
    "total_distance_km": -5.519999999999527,
    "cost_distance": -5.519999999999527,
    "cost_time": -11.319999999999709,
    "vehicle_cost": 0.0,
    "waiting_E": 0.0,
    "horizon_excess_E": 0.0,
    "makespan_E": 0.0,
    "sum_route_time_E": -11.319999999999709,
    "avg_route_time_E": -0.8707692307692128
  },
  "process": {
    "runtime_seconds": 15.954811573028564,
    "epochs": 48,
    "accepted_moves": 2864,
    "improving_moves": 407,
    "rejected_window_E_moves": 20779,
    "rejected_window_P_moves": 20955,
    "rejected_window_both_moves": 20776
  },
  "trace_improvements": [
    [
      0,
      23967.27
    ]
  ]
}