{
  "parameters": {
    "dataset": "app_final_20_medium",
    "t_max": 100.0,
    "t_min": 10.0,
    "alpha": 0.9,
    "iters_per_T": 500,
    "neighborhood": "mixed",
    "day_horizon": 600,
    "time_weight": 1.0
  },
  "initial_cost": 3758.7000000000003,
  "best_cost": 3625.78,
  "improvement_pct": 0.035363290499374804,
  "best_routes": [
    [
      0,
      5,
      3,
      13,
      1,
      11,
      20,
      9,
      10,
      2,
      6,
      16,
      0
    ],
    [
      0,
      17,
      15,
      8,
      19,
      18,
      12,
      14,
      4,
      7,
      0
    ]
  ],
  "metrics_initial": {
    "vehicles_used": 2,
    "total_distance_km": 917.1800000000001,
    "cost_distance": 917.1800000000001,
    "cost_time": 1041.52,
    "vehicle_cost": 1800.0,
    "waiting_E": 211.95,
    "horizon_excess_E": 0.0,
    "makespan_E": 585.08,
    "sum_route_time_E": 1041.52,
    "avg_route_time_E": 520.76
  },
  "metrics_best": {
    "vehicles_used": 2,
    "total_distance_km": 815.1300000000001,
    "cost_distance": 815.1300000000001,
    "cost_time": 1010.65,
    "vehicle_cost": 1800.0,
    "waiting_E": 274.64000000000004,
    "horizon_excess_E": 0.0,
    "makespan_E": 582.97,
    "sum_route_time_E": 1010.65,
    "avg_route_time_E": 505.325
  },
  "metrics_delta": {
    "vehicles_used": 0,
    "total_distance_km": -102.04999999999995,
    "cost_distance": -102.04999999999995,
    "cost_time": -30.870000000000005,
    "vehicle_cost": 0.0,
    "waiting_E": 62.690000000000055,
    "horizon_excess_E": 0.0,
    "makespan_E": -2.1100000000000136,
    "sum_route_time_E": -30.870000000000005,
    "avg_route_time_E": -15.435000000000002
  },
  "process": {
    "runtime_seconds": 1.026855707168579,
    "epochs": 22,
    "accepted_moves": 1938,
    "improving_moves": 268,
    "rejected_window_E_moves": 8347,
    "rejected_window_P_moves": 8224,
    "rejected_window_both_moves": 8067
  },
  "trace_improvements": [
    [
      0,
      3708.2
    ],
    [
      3,
      3654.97
    ],
    [
      12,
      3633.4199999999996
    ],
    [
      17,
      3625.78
    ]
  ]
}