{
  "parameters": {
    "dataset": "app_final_40_loose",
    "t_max": 1500.0,
    "t_min": 10.0,
    "alpha": 0.9,
    "iters_per_T": 500,
    "neighborhood": "mixed",
    "day_horizon": 600,
    "time_weight": 1.0
  },
  "initial_cost": 3810.17,
  "best_cost": 3762.4800000000005,
  "improvement_pct": 0.01251650188836708,
  "best_routes": [
    [
      0,
      25,
      5,
      7,
      35,
      32,
      17,
      8,
      39,
      30,
      24,
      14,
      10,
      22,
      36,
      38,
      16,
      33,
      15,
      29,
      37,
      3,
      1,
      13,
      0
    ],
    [
      0,
      31,
      6,
      34,
      23,
      21,
      19,
      2,
      26,
      12,
      40,
      9,
      4,
      18,
      11,
      28,
      20,
      27,
      0
    ]
  ],
  "metrics_initial": {
    "vehicles_used": 2,
    "total_distance_km": 1018.9900000000001,
    "cost_distance": 1018.9900000000001,
    "cost_time": 991.1800000000001,
    "vehicle_cost": 1800.0,
    "waiting_E": 77.27999999999992,
    "horizon_excess_E": 0.0,
    "makespan_E": 504.1400000000001,
    "sum_route_time_E": 991.1800000000001,
    "avg_route_time_E": 495.59000000000003
  },
  "metrics_best": {
    "vehicles_used": 2,
    "total_distance_km": 973.2200000000001,
    "cost_distance": 973.2200000000001,
    "cost_time": 989.26,
    "vehicle_cost": 1800.0,
    "waiting_E": 83.33000000000006,
    "horizon_excess_E": 0.0,
    "makespan_E": 518.05,
    "sum_route_time_E": 989.26,
    "avg_route_time_E": 494.63
  },
  "metrics_delta": {
    "vehicles_used": 0,
    "total_distance_km": -45.76999999999998,
    "cost_distance": -45.76999999999998,
    "cost_time": -1.9200000000000728,
    "vehicle_cost": 0.0,
    "waiting_E": 6.050000000000139,
    "horizon_excess_E": 0.0,
    "makespan_E": 13.909999999999854,
    "sum_route_time_E": -1.9200000000000728,
    "avg_route_time_E": -0.9600000000000364
  },
  "process": {
    "runtime_seconds": 3.221184730529785,
    "epochs": 48,
    "accepted_moves": 3167,
    "improving_moves": 684,
    "rejected_window_E_moves": 20232,
    "rejected_window_P_moves": 20188,
    "rejected_window_both_moves": 19923
  },
  "trace_improvements": [
    [
      0,
      3810.17
    ],
    [
      47,
      3762.4800000000005
    ]
  ]
}