{
  "parameters": {
    "dataset": "app_final_120_tight",
    "t_max": 1500.0,
    "t_min": 10.0,
    "alpha": 0.9,
    "iters_per_T": 500,
    "neighborhood": "mixed",
    "day_horizon": 600,
    "time_weight": 1.0
  },
  "initial_cost": 15820.490000000003,
  "best_cost": 15555.720000000001,
  "improvement_pct": 0.016735891239778426,
  "best_routes": [
    [
      0,
      85,
      38,
      11,
      29,
      14,
      51,
      73,
      13,
      116,
      8,
      65,
      103,
      2,
      7,
      110,
      63,
      12,
      101,
      117,
      42,
      22,
      94,
      0
    ],
    [
      0,
      74,
      45,
      18,
      36,
      48,
      86,
      1,
      33,
      75,
      40,
      30,
      10,
      47,
      16,
      105,
      72,
      106,
      77,
      39,
      9,
      0
    ],
    [
      0,
      109,
      67,
      53,
      91,
      21,
      80,
      4,
      27,
      81,
      52,
      35,
      15,
      58,
      0
    ],
    [
      0,
      32,
      69,
      3,
      62,
      100,
      49,
      20,
      112,
      114,
      83,
      120,
      24,
      98,
      5,
      46,
      119,
      0
    ],
    [
      0,
      79,
      93,
      70,
      76,
      43,
      115,
      19,
      107,
      57,
      111,
      97,
      23,
      84,
      90,
      89,
      0
    ],
    [
      0,
      118,
      41,
      88,
      61,
      25,
      56,
      71,
      113,
      108,
      34,
      66,
      28,
      55,
      95,
      6,
      50,
      31,
      0
    ],
    [
      0,
      59,
      82,
      68,
      104,
      54,
      37,
      96,
      99,
      44,
      0
    ],
    [
      0,
      92,
      26,
      64,
      60,
      102,
      78,
      87,
      17,
      0
    ]
  ],
  "metrics_initial": {
    "vehicles_used": 8,
    "total_distance_km": 4535.980000000002,
    "cost_distance": 4535.980000000002,
    "cost_time": 4084.5100000000007,
    "vehicle_cost": 7200.0,
    "waiting_E": 389.52,
    "horizon_excess_E": 0.0,
    "makespan_E": 599.3900000000001,
    "sum_route_time_E": 4084.5100000000007,
    "avg_route_time_E": 510.5637500000001
  },
  "metrics_best": {
    "vehicles_used": 8,
    "total_distance_km": 4290.170000000001,
    "cost_distance": 4290.170000000001,
    "cost_time": 4065.55,
    "vehicle_cost": 7200.0,
    "waiting_E": 600.4299999999998,
    "horizon_excess_E": 0.0,
    "makespan_E": 599.3900000000001,
    "sum_route_time_E": 4065.55,
    "avg_route_time_E": 508.19375
  },
  "metrics_delta": {
    "vehicles_used": 0,
    "total_distance_km": -245.8100000000013,
    "cost_distance": -245.8100000000013,
    "cost_time": -18.96000000000049,
    "vehicle_cost": 0.0,
    "waiting_E": 210.90999999999985,
    "horizon_excess_E": 0.0,
    "makespan_E": 0.0,
    "sum_route_time_E": -18.96000000000049,
    "avg_route_time_E": -2.3700000000000614
  },
  "process": {
    "runtime_seconds": 10.047321796417236,
    "epochs": 48,
    "accepted_moves": 2743,
    "improving_moves": 364,
    "rejected_window_E_moves": 20920,
    "rejected_window_P_moves": 21059,
    "rejected_window_both_moves": 20851
  },
  "trace_improvements": [
    [
      0,
      15555.720000000001
    ]
  ]
}