{
  "parameters": {
    "dataset": "app_final_80_loose",
    "t_max": 2000.0,
    "t_min": 10.0,
    "alpha": 0.9,
    "iters_per_T": 500,
    "neighborhood": "mixed",
    "day_horizon": 600,
    "time_weight": 1.0
  },
  "initial_cost": 6387.089999999999,
  "best_cost": 6185.82,
  "improvement_pct": 0.03151200311879112,
  "best_routes": [
    [
      0,
      20,
      25,
      6,
      56,
      54,
      37,
      28,
      58,
      35,
      27,
      76,
      29,
      14,
      45,
      41,
      12,
      21,
      46,
      36,
      77,
      57,
      31,
      67,
      39,
      0
    ],
    [
      0,
      78,
      34,
      15,
      70,
      59,
      53,
      43,
      33,
      52,
      65,
      38,
      48,
      69,
      66,
      61,
      74,
      2,
      75,
      7,
      18,
      50,
      72,
      51,
      73,
      32,
      16,
      0
    ],
    [
      0,
      24,
      55,
      8,
      42,
      63,
      19,
      23,
      10,
      80,
      49,
      3,
      30,
      9,
      62,
      64,
      13,
      68,
      47,
      71,
      26,
      5,
      4,
      60,
      44,
      40,
      1,
      79,
      17,
      22,
      11,
      0
    ]
  ],
  "metrics_initial": {
    "vehicles_used": 3,
    "total_distance_km": 1987.2299999999998,
    "cost_distance": 1987.2299999999998,
    "cost_time": 1699.8599999999997,
    "vehicle_cost": 2700.0,
    "waiting_E": 61.810000000000045,
    "horizon_excess_E": 0.0,
    "makespan_E": 580.3,
    "sum_route_time_E": 1699.8599999999997,
    "avg_route_time_E": 566.6199999999999
  },
  "metrics_best": {
    "vehicles_used": 3,
    "total_distance_km": 1866.2399999999998,
    "cost_distance": 1866.2399999999998,
    "cost_time": 1619.5800000000002,
    "vehicle_cost": 2700.0,
    "waiting_E": 76.7200000000001,
    "horizon_excess_E": 0.0,
    "makespan_E": 586.21,
    "sum_route_time_E": 1619.5800000000002,
    "avg_route_time_E": 539.86
  },
  "metrics_delta": {
    "vehicles_used": 0,
    "total_distance_km": -120.99000000000001,
    "cost_distance": -120.99000000000001,
    "cost_time": -80.27999999999952,
    "vehicle_cost": 0.0,
    "waiting_E": 14.910000000000053,
    "horizon_excess_E": 0.0,
    "makespan_E": 5.910000000000082,
    "sum_route_time_E": -80.27999999999952,
    "avg_route_time_E": -26.759999999999877
  },
  "process": {
    "runtime_seconds": 5.832320690155029,
    "epochs": 51,
    "accepted_moves": 1846,
    "improving_moves": 230,
    "rejected_window_E_moves": 23330,
    "rejected_window_P_moves": 23269,
    "rejected_window_both_moves": 23034
  },
  "trace_improvements": [
    [
      0,
      6387.089999999999
    ],
    [
      3,
      6342.279999999999
    ],
    [
      5,
      6332.02
    ],
    [
      44,
      6309.67
    ],
    [
      45,
      6291.860000000001
    ],
    [
      46,
      6252.860000000001
    ],
    [
      48,
      6243.280000000001
    ],
    [
      49,
      6203.76
    ],
    [
      50,
      6185.82
    ]
  ]
}