{
  "parameters": {
    "dataset": "app_final_120_medium",
    "t_max": 2000.0,
    "t_min": 10.0,
    "alpha": 0.9,
    "iters_per_T": 500,
    "neighborhood": "mixed",
    "day_horizon": 600,
    "time_weight": 1.0
  },
  "initial_cost": 13892.869999999999,
  "best_cost": 13426.65,
  "improvement_pct": 0.03355822087156933,
  "best_routes": [
    [
      0,
      28,
      90,
      112,
      25,
      19,
      58,
      57,
      98,
      92,
      6,
      120,
      16,
      95,
      11,
      17,
      0
    ],
    [
      0,
      51,
      31,
      64,
      83,
      111,
      70,
      9,
      26,
      46,
      34,
      12,
      85,
      91,
      0
    ],
    [
      0,
      82,
      29,
      106,
      88,
      2,
      56,
      100,
      60,
      73,
      47,
      35,
      38,
      104,
      79,
      101,
      23,
      80,
      22,
      68,
      119,
      0
    ],
    [
      0,
      96,
      52,
      5,
      97,
      71,
      87,
      108,
      7,
      115,
      13,
      81,
      36,
      42,
      77,
      72,
      14,
      33,
      69,
      103,
      55,
      0
    ],
    [
      0,
      102,
      78,
      48,
      8,
      50,
      74,
      10,
      109,
      105,
      54,
      61,
      99,
      27,
      65,
      24,
      18,
      20,
      41,
      107,
      76,
      0
    ],
    [
      0,
      53,
      43,
      114,
      66,
      45,
      3,
      118,
      15,
      94,
      1,
      89,
      93,
      84,
      75,
      63,
      110,
      113,
      0
    ],
    [
      0,
      40,
      59,
      117,
      62,
      21,
      37,
      44,
      32,
      30,
      49,
      86,
      4,
      39,
      116,
      67,
      0
    ]
  ],
  "metrics_initial": {
    "vehicles_used": 7,
    "total_distance_km": 3814.1899999999996,
    "cost_distance": 3814.1899999999996,
    "cost_time": 3778.6800000000003,
    "vehicle_cost": 6300.0,
    "waiting_E": 367.19000000000005,
    "horizon_excess_E": 0.0,
    "makespan_E": 585.98,
    "sum_route_time_E": 3778.6800000000003,
    "avg_route_time_E": 539.8114285714286
  },
  "metrics_best": {
    "vehicles_used": 7,
    "total_distance_km": 3449.3899999999985,
    "cost_distance": 3449.3899999999985,
    "cost_time": 3677.2599999999998,
    "vehicle_cost": 6300.0,
    "waiting_E": 547.5200000000002,
    "horizon_excess_E": 0.0,
    "makespan_E": 596.3199999999999,
    "sum_route_time_E": 3677.2599999999998,
    "avg_route_time_E": 525.3228571428571
  },
  "metrics_delta": {
    "vehicles_used": 0,
    "total_distance_km": -364.8000000000011,
    "cost_distance": -364.8000000000011,
    "cost_time": -101.42000000000053,
    "vehicle_cost": 0.0,
    "waiting_E": 180.33000000000015,
    "horizon_excess_E": 0.0,
    "makespan_E": 10.339999999999918,
    "sum_route_time_E": -101.42000000000053,
    "avg_route_time_E": -14.488571428571504
  },
  "process": {
    "runtime_seconds": 10.39994215965271,
    "epochs": 51,
    "accepted_moves": 3026,
    "improving_moves": 569,
    "rejected_window_E_moves": 21858,
    "rejected_window_P_moves": 21954,
    "rejected_window_both_moves": 21591
  },
  "trace_improvements": [
    [
      0,
      13892.869999999999
    ],
    [
      37,
      13858.02
    ],
    [
      38,
      13809.550000000001
    ],
    [
      39,
      13757.2
    ],
    [
      41,
      13721.940000000002
    ],
    [
      42,
      13654.189999999999
    ],
    [
      45,
      13632.799999999996
    ],
    [
      47,
      13577.64
    ],
    [
      48,
      13533.75
    ],
    [
      50,
      13426.65
    ]
  ]
}