{
  "parameters": {
    "dataset": "app_final_120_medium",
    "t_max": 1000.0,
    "t_min": 10.0,
    "alpha": 0.9,
    "iters_per_T": 1000,
    "neighborhood": "relocate",
    "day_horizon": 600,
    "time_weight": 1.0
  },
  "initial_cost": 13892.869999999999,
  "best_cost": 13046.92,
  "improvement_pct": 0.06089094621917566,
  "best_routes": [
    [
      0,
      2,
      90,
      62,
      31,
      21,
      58,
      59,
      61,
      20,
      35,
      72,
      14,
      11,
      113,
      107,
      24,
      41,
      0
    ],
    [
      0,
      53,
      51,
      52,
      5,
      40,
      82,
      56,
      73,
      85,
      0
    ],
    [
      0,
      106,
      88,
      19,
      47,
      38,
      57,
      100,
      60,
      34,
      37,
      12,
      17,
      79,
      104,
      103,
      116,
      67,
      91,
      55,
      0
    ],
    [
      0,
      74,
      48,
      108,
      8,
      7,
      50,
      87,
      78,
      26,
      102,
      109,
      28,
      98,
      95,
      120,
      92,
      1,
      89,
      65,
      94,
      18,
      16,
      33,
      39,
      101,
      80,
      68,
      0
    ],
    [
      0,
      10,
      105,
      96,
      45,
      97,
      66,
      71,
      13,
      115,
      70,
      118,
      6,
      93,
      9,
      15,
      75,
      27,
      99,
      110,
      63,
      69,
      0
    ],
    [
      0,
      43,
      114,
      3,
      64,
      112,
      25,
      29,
      42,
      77,
      81,
      23,
      44,
      32,
      49,
      22,
      76,
      46,
      0
    ],
    [
      0,
      117,
      54,
      111,
      83,
      36,
      84,
      4,
      30,
      86,
      119,
      0
    ]
  ],
  "metrics_initial": {
    "vehicles_used": 7,
    "total_distance_km": 3814.1899999999996,
    "cost_distance": 3814.1899999999996,
    "cost_time": 3778.6800000000003,
    "vehicle_cost": 6300.0,
    "waiting_E": 367.19000000000005,
    "horizon_excess_E": 0.0,
    "makespan_E": 585.98,
    "sum_route_time_E": 3778.6800000000003,
    "avg_route_time_E": 539.8114285714286
  },
  "metrics_best": {
    "vehicles_used": 7,
    "total_distance_km": 3227.6900000000005,
    "cost_distance": 3227.6900000000005,
    "cost_time": 3519.23,
    "vehicle_cost": 6300.0,
    "waiting_E": 599.8100000000002,
    "horizon_excess_E": 0.0,
    "makespan_E": 587.05,
    "sum_route_time_E": 3519.23,
    "avg_route_time_E": 502.7471428571429
  },
  "metrics_delta": {
    "vehicles_used": 0,
    "total_distance_km": -586.4999999999991,
    "cost_distance": -586.4999999999991,
    "cost_time": -259.4500000000003,
    "vehicle_cost": 0.0,
    "waiting_E": 232.62000000000012,
    "horizon_excess_E": 0.0,
    "makespan_E": 1.0699999999999363,
    "sum_route_time_E": -259.4500000000003,
    "avg_route_time_E": -37.06428571428569
  },
  "process": {
    "runtime_seconds": 21.627484798431396,
    "epochs": 44,
    "accepted_moves": 1747,
    "improving_moves": 698,
    "rejected_window_E_moves": 41275,
    "rejected_window_P_moves": 41268,
    "rejected_window_both_moves": 40809
  },
  "trace_improvements": [
    [
      0,
      13834.699999999999
    ],
    [
      28,
      13687.94
    ],
    [
      32,
      13682.01
    ],
    [
      33,
      13661.920000000002
    ],
    [
      35,
      13647.93
    ],
    [
      38,
      13442.720000000001
    ],
    [
      39,
      13287.53
    ],
    [
      41,
      13213.66
    ],
    [
      42,
      13123.529999999999
    ],
    [
      43,
      13046.92
    ]
  ]
}