{
  "parameters": {
    "dataset": "app_final_20_tight",
    "t_max": 1000.0,
    "t_min": 10.0,
    "alpha": 0.9,
    "iters_per_T": 1000,
    "neighborhood": "relocate",
    "day_horizon": 600,
    "time_weight": 1.0
  },
  "initial_cost": 5722.25,
  "best_cost": 5092.59,
  "improvement_pct": 0.11003713574205948,
  "best_routes": [
    [
      0,
      15,
      8,
      17,
      20,
      18,
      4,
      9,
      0
    ],
    [
      0,
      2,
      5,
      10,
      19,
      7,
      6,
      0
    ],
    [
      0,
      1,
      13,
      16,
      11,
      12,
      3,
      14,
      0
    ]
  ],
  "metrics_initial": {
    "vehicles_used": 3,
    "total_distance_km": 1291.25,
    "cost_distance": 1291.25,
    "cost_time": 1731.0000000000002,
    "vehicle_cost": 2700.0,
    "waiting_E": 578.6700000000001,
    "horizon_excess_E": 0.0,
    "makespan_E": 596.1400000000001,
    "sum_route_time_E": 1731.0000000000002,
    "avg_route_time_E": 577.0000000000001
  },
  "metrics_best": {
    "vehicles_used": 3,
    "total_distance_km": 841.6199999999999,
    "cost_distance": 841.6199999999999,
    "cost_time": 1550.9699999999998,
    "vehicle_cost": 2700.0,
    "waiting_E": 795.41,
    "horizon_excess_E": 0.0,
    "makespan_E": 587.74,
    "sum_route_time_E": 1550.9699999999998,
    "avg_route_time_E": 516.9899999999999
  },
  "metrics_delta": {
    "vehicles_used": 0,
    "total_distance_km": -449.6300000000001,
    "cost_distance": -449.6300000000001,
    "cost_time": -180.03000000000043,
    "vehicle_cost": 0.0,
    "waiting_E": 216.7399999999999,
    "horizon_excess_E": 0.0,
    "makespan_E": -8.400000000000091,
    "sum_route_time_E": -180.03000000000043,
    "avg_route_time_E": -60.01000000000022
  },
  "process": {
    "runtime_seconds": 5.370907783508301,
    "epochs": 44,
    "accepted_moves": 4472,
    "improving_moves": 1037,
    "rejected_window_E_moves": 38058,
    "rejected_window_P_moves": 38591,
    "rejected_window_both_moves": 37771
  },
  "trace_improvements": [
    [
      0,
      5456.14
    ],
    [
      2,
      5198.87
    ],
    [
      18,
      5153.92
    ],
    [
      21,
      5147.43
    ],
    [
      22,
      5122.72
    ],
    [
      33,
      5100.52
    ],
    [
      40,
      5093.4
    ],
    [
      43,
      5092.59
    ]
  ]
}