{
  "parameters": {
    "dataset": "app_final_120_tight",
    "t_max": 1000.0,
    "t_min": 10.0,
    "alpha": 0.9,
    "iters_per_T": 1000,
    "neighborhood": "relocate",
    "day_horizon": 600,
    "time_weight": 1.0
  },
  "initial_cost": 15820.490000000003,
  "best_cost": 14823.48,
  "improvement_pct": 0.06302017194157726,
  "best_routes": [
    [
      0,
      64,
      92,
      11,
      29,
      26,
      14,
      20,
      88,
      37,
      112,
      72,
      4,
      111,
      96,
      77,
      12,
      22,
      42,
      117,
      90,
      84,
      0
    ],
    [
      0,
      18,
      48,
      109,
      71,
      108,
      34,
      2,
      15,
      7,
      94,
      31,
      0
    ],
    [
      0,
      53,
      67,
      91,
      21,
      80,
      47,
      100,
      105,
      81,
      52,
      16,
      50,
      58,
      35,
      119,
      0
    ],
    [
      0,
      74,
      69,
      3,
      60,
      43,
      30,
      13,
      10,
      49,
      110,
      101,
      63,
      6,
      95,
      0
    ],
    [
      0,
      41,
      79,
      93,
      70,
      68,
      76,
      36,
      78,
      113,
      66,
      17,
      103,
      120,
      9,
      24,
      83,
      46,
      0
    ],
    [
      0,
      32,
      25,
      118,
      61,
      51,
      40,
      54,
      8,
      116,
      57,
      106,
      44,
      5,
      98,
      23,
      89,
      39,
      0
    ],
    [
      0,
      59,
      82,
      56,
      45,
      104,
      86,
      75,
      33,
      1,
      115,
      19,
      107,
      114,
      65,
      99,
      97,
      55,
      0
    ],
    [
      0,
      102,
      85,
      38,
      62,
      87,
      73,
      27,
      28,
      0
    ]
  ],
  "metrics_initial": {
    "vehicles_used": 8,
    "total_distance_km": 4535.980000000002,
    "cost_distance": 4535.980000000002,
    "cost_time": 4084.5100000000007,
    "vehicle_cost": 7200.0,
    "waiting_E": 389.52,
    "horizon_excess_E": 0.0,
    "makespan_E": 599.3900000000001,
    "sum_route_time_E": 4084.5100000000007,
    "avg_route_time_E": 510.5637500000001
  },
  "metrics_best": {
    "vehicles_used": 8,
    "total_distance_km": 3565.7500000000005,
    "cost_distance": 3565.7500000000005,
    "cost_time": 4057.73,
    "vehicle_cost": 7200.0,
    "waiting_E": 1144.1600000000003,
    "horizon_excess_E": 0.0,
    "makespan_E": 590.15,
    "sum_route_time_E": 4057.73,
    "avg_route_time_E": 507.21625
  },
  "metrics_delta": {
    "vehicles_used": 0,
    "total_distance_km": -970.2300000000018,
    "cost_distance": -970.2300000000018,
    "cost_time": -26.780000000000655,
    "vehicle_cost": 0.0,
    "waiting_E": 754.6400000000003,
    "horizon_excess_E": 0.0,
    "makespan_E": -9.240000000000123,
    "sum_route_time_E": -26.780000000000655,
    "avg_route_time_E": -3.347500000000082
  },
  "process": {
    "runtime_seconds": 20.283862590789795,
    "epochs": 44,
    "accepted_moves": 1419,
    "improving_moves": 550,
    "rejected_window_E_moves": 41951,
    "rejected_window_P_moves": 42140,
    "rejected_window_both_moves": 41802
  },
  "trace_improvements": [
    [
      0,
      15820.490000000003
    ],
    [
      7,
      15735.160000000002
    ],
    [
      32,
      15625.349999999999
    ],
    [
      33,
      15499.46
    ],
    [
      34,
      15487.970000000001
    ],
    [
      35,
      15402.439999999999
    ],
    [
      37,
      15386.75
    ],
    [
      38,
      15378.619999999999
    ],
    [
      39,
      15347.66
    ],
    [
      40,
      15173.109999999999
    ],
    [
      41,
      15006.66
    ],
    [
      42,
      14970.400000000001
    ],
    [
      43,
      14823.48
    ]
  ]
}