{
  "parameters": {
    "dataset": "app_final_80_medium",
    "t_max": 1000.0,
    "t_min": 10.0,
    "alpha": 0.9,
    "iters_per_T": 1000,
    "neighborhood": "mixed",
    "day_horizon": 600,
    "time_weight": 1.0
  },
  "initial_cost": 9712.71,
  "best_cost": 8967.57,
  "improvement_pct": 0.076718032351424,
  "best_routes": [
    [
      0,
      50,
      44,
      2,
      66,
      8,
      71,
      38,
      75,
      23,
      1,
      48,
      40,
      60,
      19,
      6,
      55,
      3,
      0
    ],
    [
      0,
      74,
      41,
      18,
      13,
      77,
      21,
      25,
      26,
      63,
      10,
      46,
      51,
      30,
      80,
      42,
      34,
      78,
      65,
      4,
      61,
      0
    ],
    [
      0,
      39,
      22,
      14,
      27,
      79,
      56,
      54,
      15,
      9,
      20,
      70,
      7,
      64,
      69,
      29,
      35,
      72,
      12,
      33,
      11,
      0
    ],
    [
      0,
      16,
      28,
      36,
      52,
      67,
      47,
      62,
      53,
      5,
      58,
      24,
      59,
      17,
      57,
      73,
      31,
      49,
      0
    ],
    [
      0,
      43,
      76,
      37,
      32,
      68,
      45,
      0
    ]
  ],
  "metrics_initial": {
    "vehicles_used": 5,
    "total_distance_km": 2720.8299999999995,
    "cost_distance": 2720.8299999999995,
    "cost_time": 2491.88,
    "vehicle_cost": 4500.0,
    "waiting_E": 97.90999999999991,
    "horizon_excess_E": 0.0,
    "makespan_E": 588.62,
    "sum_route_time_E": 2491.88,
    "avg_route_time_E": 498.37600000000003
  },
  "metrics_best": {
    "vehicles_used": 5,
    "total_distance_km": 2047.7699999999998,
    "cost_distance": 2047.7699999999998,
    "cost_time": 2419.7999999999997,
    "vehicle_cost": 4500.0,
    "waiting_E": 568.34,
    "horizon_excess_E": 0.0,
    "makespan_E": 561.15,
    "sum_route_time_E": 2419.7999999999997,
    "avg_route_time_E": 483.9599999999999
  },
  "metrics_delta": {
    "vehicles_used": 0,
    "total_distance_km": -673.0599999999997,
    "cost_distance": -673.0599999999997,
    "cost_time": -72.08000000000038,
    "vehicle_cost": 0.0,
    "waiting_E": 470.4300000000001,
    "horizon_excess_E": 0.0,
    "makespan_E": -27.470000000000027,
    "sum_route_time_E": -72.08000000000038,
    "avg_route_time_E": -14.41600000000011
  },
  "process": {
    "runtime_seconds": 14.386242151260376,
    "epochs": 44,
    "accepted_moves": 5984,
    "improving_moves": 1173,
    "rejected_window_E_moves": 36770,
    "rejected_window_P_moves": 36903,
    "rejected_window_both_moves": 36404
  },
  "trace_improvements": [
    [
      0,
      9712.11
    ],
    [
      34,
      9552.15
    ],
    [
      35,
      9467.11
    ],
    [
      36,
      9433.07
    ],
    [
      37,
      9268.730000000001
    ],
    [
      38,
      9176.140000000001
    ],
    [
      39,
      9120.43
    ],
    [
      40,
      9048.539999999999
    ],
    [
      43,
      8967.57
    ]
  ]
}