{
  "parameters": {
    "dataset": "app_final_200_tight",
    "t_max": 1000.0,
    "t_min": 10.0,
    "alpha": 0.9,
    "iters_per_T": 1000,
    "neighborhood": "swap",
    "day_horizon": 600,
    "time_weight": 1.0
  },
  "initial_cost": 23984.11,
  "best_cost": 23345.72,
  "improvement_pct": 0.026617206141899757,
  "best_routes": [
    [
      0,
      171,
      137,
      27,
      169,
      181,
      112,
      124,
      23,
      101,
      66,
      132,
      106,
      44,
      76,
      125,
      77,
      7,
      34,
      185,
      12,
      16,
      189,
      78,
      158,
      136,
      0
    ],
    [
      0,
      67,
      56,
      138,
      167,
      130,
      75,
      59,
      93,
      103,
      14,
      40,
      178,
      120,
      35,
      151,
      17,
      90,
      97,
      87,
      156,
      70,
      37,
      33,
      186,
      195,
      0
    ],
    [
      0,
      190,
      182,
      184,
      134,
      180,
      162,
      91,
      74,
      108,
      92,
      198,
      61,
      21,
      36,
      41,
      160,
      119,
      80,
      32,
      100,
      123,
      196,
      60,
      153,
      139,
      39,
      3,
      38,
      116,
      0
    ],
    [
      0,
      142,
      82,
      52,
      175,
      6,
      191,
      83,
      165,
      177,
      159,
      72,
      88,
      188,
      197,
      48,
      168,
      81,
      62,
      118,
      154,
      30,
      47,
      29,
      15,
      0
    ],
    [
      0,
      73,
      49,
      31,
      54,
      65,
      85,
      69,
      95,
      20,
      11,
      10,
      71,
      170,
      140,
      131,
      79,
      150,
      111,
      84,
      55,
      51,
      133,
      0
    ],
    [
      0,
      2,
      50,
      57,
      172,
      13,
      53,
      121,
      24,
      152,
      28,
      105,
      107,
      122,
      63,
      9,
      193,
      0
    ],
    [
      0,
      176,
      5,
      174,
      89,
      166,
      98,
      128,
      155,
      46,
      96,
      104,
      115,
      145,
      135,
      1,
      117,
      0
    ],
    [
      0,
      163,
      164,
      147,
      183,
      22,
      68,
      126,
      99,
      19,
      110,
      157,
      26,
      0
    ],
    [
      0,
      58,
      194,
      64,
      192,
      127,
      43,
      149,
      199,
      141,
      8,
      0
    ],
    [
      0,
      144,
      200,
      187,
      114,
      102,
      161,
      25,
      86,
      179,
      113,
      45,
      146,
      0
    ],
    [
      0,
      143,
      94,
      18,
      4,
      173,
      42,
      109,
      0
    ],
    [
      0,
      148,
      0
    ],
    [
      0,
      129,
      0
    ]
  ],
  "metrics_initial": {
    "vehicles_used": 13,
    "total_distance_km": 6224.23,
    "cost_distance": 6224.23,
    "cost_time": 6059.88,
    "vehicle_cost": 11700.0,
    "waiting_E": 964.6600000000002,
    "horizon_excess_E": 0.0,
    "makespan_E": 582.22,
    "sum_route_time_E": 6059.88,
    "avg_route_time_E": 466.1446153846154
  },
  "metrics_best": {
    "vehicles_used": 13,
    "total_distance_km": 5792.610000000001,
    "cost_distance": 5792.610000000001,
    "cost_time": 5853.109999999999,
    "vehicle_cost": 11700.0,
    "waiting_E": 1067.3299999999997,
    "horizon_excess_E": 0.0,
    "makespan_E": 586.03,
    "sum_route_time_E": 5853.109999999999,
    "avg_route_time_E": 450.2392307692307
  },
  "metrics_delta": {
    "vehicles_used": 0,
    "total_distance_km": -431.619999999999,
    "cost_distance": -431.619999999999,
    "cost_time": -206.77000000000135,
    "vehicle_cost": 0.0,
    "waiting_E": 102.6699999999995,
    "horizon_excess_E": 0.0,
    "makespan_E": 3.8099999999999454,
    "sum_route_time_E": -206.77000000000135,
    "avg_route_time_E": -15.905384615384719
  },
  "process": {
    "runtime_seconds": 31.83147621154785,
    "epochs": 44,
    "accepted_moves": 322,
    "improving_moves": 169,
    "rejected_window_E_moves": 43432,
    "rejected_window_P_moves": 43574,
    "rejected_window_both_moves": 43431
  },
  "trace_improvements": [
    [
      0,
      23896.43
    ],
    [
      29,
      23868.140000000003
    ],
    [
      32,
      23832.82
    ],
    [
      33,
      23746.670000000002
    ],
    [
      34,
      23694.87
    ],
    [
      35,
      23625.4
    ],
    [
      36,
      23587.68
    ],
    [
      37,
      23525.18
    ],
    [
      38,
      23435.96
    ],
    [
      39,
      23410.18
    ],
    [
      41,
      23392.620000000003
    ],
    [
      43,
      23345.72
    ]
  ]
}