{
  "parameters": {
    "dataset": "app_final_80_loose",
    "t_max": 1000.0,
    "t_min": 10.0,
    "alpha": 0.9,
    "iters_per_T": 1000,
    "neighborhood": "mixed",
    "day_horizon": 600,
    "time_weight": 1.0
  },
  "initial_cost": 6387.089999999999,
  "best_cost": 6132.67,
  "improvement_pct": 0.0398334765910609,
  "best_routes": [
    [
      0,
      66,
      78,
      20,
      65,
      52,
      59,
      70,
      58,
      35,
      24,
      14,
      76,
      17,
      55,
      45,
      41,
      12,
      21,
      46,
      36,
      79,
      77,
      68,
      47,
      57,
      71,
      13,
      31,
      67,
      0
    ],
    [
      0,
      27,
      10,
      80,
      9,
      49,
      37,
      28,
      56,
      7,
      75,
      2,
      74,
      29,
      69,
      61,
      48,
      38,
      33,
      51,
      53,
      73,
      72,
      50,
      16,
      0
    ],
    [
      0,
      15,
      34,
      25,
      6,
      63,
      42,
      19,
      8,
      23,
      18,
      54,
      64,
      62,
      30,
      3,
      26,
      4,
      5,
      32,
      43,
      60,
      44,
      40,
      1,
      11,
      22,
      39,
      0
    ]
  ],
  "metrics_initial": {
    "vehicles_used": 3,
    "total_distance_km": 1987.2299999999998,
    "cost_distance": 1987.2299999999998,
    "cost_time": 1699.8599999999997,
    "vehicle_cost": 2700.0,
    "waiting_E": 61.810000000000045,
    "horizon_excess_E": 0.0,
    "makespan_E": 580.3,
    "sum_route_time_E": 1699.8599999999997,
    "avg_route_time_E": 566.6199999999999
  },
  "metrics_best": {
    "vehicles_used": 3,
    "total_distance_km": 1836.0799999999997,
    "cost_distance": 1836.0799999999997,
    "cost_time": 1596.5900000000001,
    "vehicle_cost": 2700.0,
    "waiting_E": 79.35000000000011,
    "horizon_excess_E": 0.0,
    "makespan_E": 574.9300000000001,
    "sum_route_time_E": 1596.5900000000001,
    "avg_route_time_E": 532.1966666666667
  },
  "metrics_delta": {
    "vehicles_used": 0,
    "total_distance_km": -151.1500000000001,
    "cost_distance": -151.1500000000001,
    "cost_time": -103.26999999999953,
    "vehicle_cost": 0.0,
    "waiting_E": 17.540000000000063,
    "horizon_excess_E": 0.0,
    "makespan_E": -5.369999999999891,
    "sum_route_time_E": -103.26999999999953,
    "avg_route_time_E": -34.423333333333176
  },
  "process": {
    "runtime_seconds": 13.155198574066162,
    "epochs": 44,
    "accepted_moves": 3564,
    "improving_moves": 575,
    "rejected_window_E_moves": 39839,
    "rejected_window_P_moves": 39243,
    "rejected_window_both_moves": 38926
  },
  "trace_improvements": [
    [
      0,
      6387.089999999999
    ],
    [
      1,
      6345.68
    ],
    [
      11,
      6260.119999999999
    ],
    [
      25,
      6211.519999999999
    ],
    [
      36,
      6199.62
    ],
    [
      37,
      6154.369999999999
    ],
    [
      41,
      6150.089999999999
    ],
    [
      43,
      6132.67
    ]
  ]
}