{
  "parameters": {
    "dataset": "app_final_80_loose",
    "t_max": 1000.0,
    "t_min": 10.0,
    "alpha": 0.9,
    "iters_per_T": 1000,
    "neighborhood": "swap",
    "day_horizon": 600,
    "time_weight": 1.0
  },
  "initial_cost": 6387.089999999999,
  "best_cost": 5956.889999999999,
  "improvement_pct": 0.06735461689126032,
  "best_routes": [
    [
      0,
      25,
      34,
      20,
      70,
      27,
      58,
      7,
      75,
      56,
      76,
      24,
      14,
      55,
      8,
      42,
      45,
      41,
      12,
      21,
      46,
      36,
      77,
      68,
      57,
      13,
      71,
      31,
      67,
      50,
      16,
      48,
      61,
      0
    ],
    [
      0,
      78,
      59,
      37,
      54,
      28,
      60,
      53,
      51,
      52,
      38,
      65,
      66,
      69,
      74,
      29,
      2,
      11,
      22,
      17,
      79,
      35,
      39,
      0
    ],
    [
      0,
      15,
      6,
      63,
      19,
      23,
      10,
      80,
      64,
      62,
      9,
      3,
      30,
      49,
      18,
      47,
      5,
      4,
      26,
      1,
      40,
      44,
      32,
      43,
      73,
      33,
      72,
      0
    ]
  ],
  "metrics_initial": {
    "vehicles_used": 3,
    "total_distance_km": 1987.2299999999998,
    "cost_distance": 1987.2299999999998,
    "cost_time": 1699.8599999999997,
    "vehicle_cost": 2700.0,
    "waiting_E": 61.810000000000045,
    "horizon_excess_E": 0.0,
    "makespan_E": 580.3,
    "sum_route_time_E": 1699.8599999999997,
    "avg_route_time_E": 566.6199999999999
  },
  "metrics_best": {
    "vehicles_used": 3,
    "total_distance_km": 1707.2199999999993,
    "cost_distance": 1707.2199999999993,
    "cost_time": 1549.67,
    "vehicle_cost": 2700.0,
    "waiting_E": 133.18000000000012,
    "horizon_excess_E": 0.0,
    "makespan_E": 561.34,
    "sum_route_time_E": 1549.67,
    "avg_route_time_E": 516.5566666666667
  },
  "metrics_delta": {
    "vehicles_used": 0,
    "total_distance_km": -280.01000000000045,
    "cost_distance": -280.01000000000045,
    "cost_time": -150.1899999999996,
    "vehicle_cost": 0.0,
    "waiting_E": 71.37000000000008,
    "horizon_excess_E": 0.0,
    "makespan_E": -18.959999999999923,
    "sum_route_time_E": -150.1899999999996,
    "avg_route_time_E": -50.06333333333316
  },
  "process": {
    "runtime_seconds": 12.127121210098267,
    "epochs": 44,
    "accepted_moves": 596,
    "improving_moves": 294,
    "rejected_window_E_moves": 43034,
    "rejected_window_P_moves": 43155,
    "rejected_window_both_moves": 42906
  },
  "trace_improvements": [
    [
      0,
      6378.53
    ],
    [
      10,
      6347.669999999999
    ],
    [
      16,
      6264.629999999999
    ],
    [
      24,
      6212.599999999999
    ],
    [
      31,
      6180.21
    ],
    [
      32,
      6163.48
    ],
    [
      33,
      6133.87
    ],
    [
      35,
      6122.8
    ],
    [
      39,
      6078.49
    ],
    [
      40,
      6034.09
    ],
    [
      41,
      6009.32
    ],
    [
      43,
      5956.889999999999
    ]
  ]
}