{
  "parameters": {
    "dataset": "app_final_80_tight",
    "t_max": 1000.0,
    "t_min": 10.0,
    "alpha": 0.9,
    "iters_per_T": 1000,
    "neighborhood": "swap",
    "day_horizon": 600,
    "time_weight": 1.0
  },
  "initial_cost": 11626.3,
  "best_cost": 11084.210000000001,
  "improvement_pct": 0.046626183738592536,
  "best_routes": [
    [
      0,
      6,
      33,
      62,
      40,
      45,
      60,
      73,
      5,
      7,
      59,
      41,
      74,
      39,
      64,
      27,
      70,
      0
    ],
    [
      0,
      15,
      31,
      13,
      22,
      10,
      68,
      61,
      71,
      78,
      3,
      58,
      19,
      32,
      67,
      63,
      69,
      0
    ],
    [
      0,
      21,
      4,
      55,
      48,
      56,
      17,
      52,
      35,
      77,
      57,
      65,
      12,
      11,
      0
    ],
    [
      0,
      36,
      26,
      14,
      24,
      42,
      16,
      23,
      79,
      46,
      37,
      30,
      47,
      44,
      53,
      38,
      0
    ],
    [
      0,
      34,
      50,
      43,
      54,
      29,
      75,
      76,
      1,
      0
    ],
    [
      0,
      18,
      20,
      2,
      72,
      66,
      28,
      8,
      51,
      25,
      49,
      9,
      80,
      0
    ]
  ],
  "metrics_initial": {
    "vehicles_used": 6,
    "total_distance_km": 2998.07,
    "cost_distance": 2998.07,
    "cost_time": 3228.2300000000005,
    "vehicle_cost": 5400.0,
    "waiting_E": 485.42,
    "horizon_excess_E": 0.0,
    "makespan_E": 597.35,
    "sum_route_time_E": 3228.2300000000005,
    "avg_route_time_E": 538.0383333333334
  },
  "metrics_best": {
    "vehicles_used": 6,
    "total_distance_km": 2576.990000000001,
    "cost_distance": 2576.990000000001,
    "cost_time": 3107.22,
    "vehicle_cost": 5400.0,
    "waiting_E": 755.3799999999999,
    "horizon_excess_E": 0.0,
    "makespan_E": 584.4000000000001,
    "sum_route_time_E": 3107.22,
    "avg_route_time_E": 517.87
  },
  "metrics_delta": {
    "vehicles_used": 0,
    "total_distance_km": -421.079999999999,
    "cost_distance": -421.079999999999,
    "cost_time": -121.01000000000067,
    "vehicle_cost": 0.0,
    "waiting_E": 269.95999999999987,
    "horizon_excess_E": 0.0,
    "makespan_E": -12.949999999999932,
    "sum_route_time_E": -121.01000000000067,
    "avg_route_time_E": -20.168333333333408
  },
  "process": {
    "runtime_seconds": 14.518310546875,
    "epochs": 44,
    "accepted_moves": 531,
    "improving_moves": 269,
    "rejected_window_E_moves": 43133,
    "rejected_window_P_moves": 43292,
    "rejected_window_both_moves": 43100
  },
  "trace_improvements": [
    [
      0,
      11615.550000000001
    ],
    [
      1,
      11580.650000000001
    ],
    [
      7,
      11519.740000000002
    ],
    [
      16,
      11388.240000000002
    ],
    [
      24,
      11380.41
    ],
    [
      25,
      11299.08
    ],
    [
      28,
      11255.77
    ],
    [
      32,
      11236.439999999999
    ],
    [
      33,
      11150.470000000001
    ],
    [
      41,
      11147.16
    ],
    [
      42,
      11091.28
    ],
    [
      43,
      11084.210000000001
    ]
  ]
}