{
  "parameters": {
    "dataset": "app_final_20_medium",
    "t_max": 1000.0,
    "t_min": 10.0,
    "alpha": 0.9,
    "iters_per_T": 1000,
    "neighborhood": "mixed",
    "day_horizon": 600,
    "time_weight": 1.0
  },
  "initial_cost": 3758.7000000000003,
  "best_cost": 3575.6400000000003,
  "improvement_pct": 0.048703009019075726,
  "best_routes": [
    [
      0,
      15,
      17,
      5,
      3,
      9,
      10,
      16,
      8,
      6,
      0
    ],
    [
      0,
      13,
      1,
      11,
      20,
      2,
      19,
      18,
      12,
      14,
      4,
      7,
      0
    ]
  ],
  "metrics_initial": {
    "vehicles_used": 2,
    "total_distance_km": 917.1800000000001,
    "cost_distance": 917.1800000000001,
    "cost_time": 1041.52,
    "vehicle_cost": 1800.0,
    "waiting_E": 211.95,
    "horizon_excess_E": 0.0,
    "makespan_E": 585.08,
    "sum_route_time_E": 1041.52,
    "avg_route_time_E": 520.76
  },
  "metrics_best": {
    "vehicles_used": 2,
    "total_distance_km": 788.3400000000001,
    "cost_distance": 788.3400000000001,
    "cost_time": 987.3,
    "vehicle_cost": 1800.0,
    "waiting_E": 273.4700000000001,
    "horizon_excess_E": 0.0,
    "makespan_E": 582.97,
    "sum_route_time_E": 987.3,
    "avg_route_time_E": 493.65
  },
  "metrics_delta": {
    "vehicles_used": 0,
    "total_distance_km": -128.83999999999992,
    "cost_distance": -128.83999999999992,
    "cost_time": -54.22000000000003,
    "vehicle_cost": 0.0,
    "waiting_E": 61.520000000000095,
    "horizon_excess_E": 0.0,
    "makespan_E": -2.1100000000000136,
    "sum_route_time_E": -54.22000000000003,
    "avg_route_time_E": -27.110000000000014
  },
  "process": {
    "runtime_seconds": 5.2926025390625,
    "epochs": 44,
    "accepted_moves": 8819,
    "improving_moves": 1762,
    "rejected_window_E_moves": 33333,
    "rejected_window_P_moves": 32889,
    "rejected_window_both_moves": 32187
  },
  "trace_improvements": [
    [
      0,
      3681.5099999999998
    ],
    [
      34,
      3671.6800000000003
    ],
    [
      35,
      3671.2799999999997
    ],
    [
      36,
      3669.16
    ],
    [
      37,
      3604.6899999999996
    ],
    [
      38,
      3591.16
    ],
    [
      39,
      3575.6400000000003
    ]
  ]
}