{
  "parameters": {
    "dataset": "app_final_20_medium",
    "t_max": 1000.0,
    "t_min": 10.0,
    "alpha": 0.9,
    "iters_per_T": 1000,
    "neighborhood": "two_opt",
    "day_horizon": 600,
    "time_weight": 1.0
  },
  "initial_cost": 3758.7000000000003,
  "best_cost": 3734.0499999999997,
  "improvement_pct": 0.00655811849841715,
  "best_routes": [
    [
      0,
      17,
      5,
      3,
      13,
      1,
      11,
      20,
      9,
      10,
      16,
      8,
      18,
      12,
      14,
      4,
      7,
      0
    ],
    [
      0,
      15,
      2,
      19,
      6,
      0
    ]
  ],
  "metrics_initial": {
    "vehicles_used": 2,
    "total_distance_km": 917.1800000000001,
    "cost_distance": 917.1800000000001,
    "cost_time": 1041.52,
    "vehicle_cost": 1800.0,
    "waiting_E": 211.95,
    "horizon_excess_E": 0.0,
    "makespan_E": 585.08,
    "sum_route_time_E": 1041.52,
    "avg_route_time_E": 520.76
  },
  "metrics_best": {
    "vehicles_used": 2,
    "total_distance_km": 894.64,
    "cost_distance": 894.64,
    "cost_time": 1039.4099999999999,
    "vehicle_cost": 1800.0,
    "waiting_E": 222.58000000000004,
    "horizon_excess_E": 0.0,
    "makespan_E": 582.97,
    "sum_route_time_E": 1039.4099999999999,
    "avg_route_time_E": 519.7049999999999
  },
  "metrics_delta": {
    "vehicles_used": 0,
    "total_distance_km": -22.540000000000077,
    "cost_distance": -22.540000000000077,
    "cost_time": -2.1100000000001273,
    "vehicle_cost": 0.0,
    "waiting_E": 10.630000000000052,
    "horizon_excess_E": 0.0,
    "makespan_E": -2.1100000000000136,
    "sum_route_time_E": -2.1100000000001273,
    "avg_route_time_E": -1.0550000000000637
  },
  "process": {
    "runtime_seconds": 6.089876174926758,
    "epochs": 44,
    "accepted_moves": 18616,
    "improving_moves": 174,
    "rejected_window_E_moves": 21516,
    "rejected_window_P_moves": 23808,
    "rejected_window_both_moves": 19781
  },
  "trace_improvements": [
    [
      0,
      3734.0499999999997
    ]
  ]
}