{
  "parameters": {
    "dataset": "app_final_20_very_loose",
    "t_max": 1000.0,
    "t_min": 10.0,
    "alpha": 0.9,
    "iters_per_T": 1000,
    "neighborhood": "swap",
    "day_horizon": 600,
    "time_weight": 1.0
  },
  "initial_cost": 3222.19,
  "best_cost": 3137.83,
  "improvement_pct": 0.0261809514646871,
  "best_routes": [
    [
      0,
      15,
      20,
      11,
      19,
      13,
      18,
      3,
      4,
      8,
      14,
      16,
      0
    ],
    [
      0,
      9,
      2,
      1,
      5,
      7,
      17,
      12,
      6,
      10,
      0
    ]
  ],
  "metrics_initial": {
    "vehicles_used": 2,
    "total_distance_km": 649.4700000000001,
    "cost_distance": 649.4700000000001,
    "cost_time": 772.7199999999999,
    "vehicle_cost": 1800.0,
    "waiting_E": 192.59,
    "horizon_excess_E": 0.0,
    "makespan_E": 413.61999999999995,
    "sum_route_time_E": 772.7199999999999,
    "avg_route_time_E": 386.35999999999996
  },
  "metrics_best": {
    "vehicles_used": 2,
    "total_distance_km": 645.4099999999999,
    "cost_distance": 645.4099999999999,
    "cost_time": 692.4200000000001,
    "vehicle_cost": 1800.0,
    "waiting_E": 115.24000000000005,
    "horizon_excess_E": 0.0,
    "makespan_E": 354.20000000000005,
    "sum_route_time_E": 692.4200000000001,
    "avg_route_time_E": 346.21000000000004
  },
  "metrics_delta": {
    "vehicles_used": 0,
    "total_distance_km": -4.0600000000002865,
    "cost_distance": -4.0600000000002865,
    "cost_time": -80.29999999999984,
    "vehicle_cost": 0.0,
    "waiting_E": -77.34999999999995,
    "horizon_excess_E": 0.0,
    "makespan_E": -59.4199999999999,
    "sum_route_time_E": -80.29999999999984,
    "avg_route_time_E": -40.14999999999992
  },
  "process": {
    "runtime_seconds": 5.430359601974487,
    "epochs": 44,
    "accepted_moves": 7048,
    "improving_moves": 3553,
    "rejected_window_E_moves": 29643,
    "rejected_window_P_moves": 30713,
    "rejected_window_both_moves": 28995
  },
  "trace_improvements": [
    [
      0,
      3183.9700000000003
    ],
    [
      39,
      3171.5
    ],
    [
      40,
      3137.83
    ]
  ]
}