{
  "parameters": {
    "dataset": "app_final_120_very_loose",
    "t_max": 1000.0,
    "t_min": 10.0,
    "alpha": 0.9,
    "iters_per_T": 1000,
    "neighborhood": "mixed",
    "day_horizon": 600,
    "time_weight": 1.0
  },
  "initial_cost": 9577.64,
  "best_cost": 9389.6,
  "improvement_pct": 0.019633229062691757,
  "best_routes": [
    [
      0,
      97,
      17,
      117,
      72,
      75,
      103,
      3,
      101,
      70,
      33,
      99,
      105,
      65,
      118,
      114,
      60,
      100,
      32,
      12,
      5,
      107,
      87,
      80,
      0
    ],
    [
      0,
      119,
      23,
      18,
      41,
      116,
      111,
      14,
      45,
      108,
      66,
      2,
      26,
      83,
      19,
      77,
      6,
      8,
      48,
      68,
      51,
      90,
      31,
      85,
      21,
      16,
      42,
      0
    ],
    [
      0,
      104,
      102,
      92,
      71,
      113,
      54,
      35,
      4,
      67,
      94,
      47,
      38,
      46,
      39,
      78,
      11,
      109,
      53,
      40,
      0
    ],
    [
      0,
      64,
      96,
      10,
      15,
      84,
      36,
      112,
      57,
      115,
      120,
      7,
      44,
      49,
      34,
      98,
      86,
      106,
      13,
      29,
      110,
      52,
      79,
      0
    ],
    [
      0,
      1,
      62,
      89,
      30,
      25,
      58,
      9,
      22,
      59,
      50,
      55,
      43,
      73,
      81,
      63,
      88,
      69,
      95,
      74,
      20,
      76,
      28,
      82,
      93,
      91,
      56,
      24,
      61,
      37,
      27,
      0
    ]
  ],
  "metrics_initial": {
    "vehicles_used": 5,
    "total_distance_km": 2635.55,
    "cost_distance": 2635.55,
    "cost_time": 2442.09,
    "vehicle_cost": 4500.0,
    "waiting_E": 92.49000000000004,
    "horizon_excess_E": 0.0,
    "makespan_E": 595.2700000000001,
    "sum_route_time_E": 2442.09,
    "avg_route_time_E": 488.418
  },
  "metrics_best": {
    "vehicles_used": 5,
    "total_distance_km": 2442.35,
    "cost_distance": 2442.35,
    "cost_time": 2447.25,
    "vehicle_cost": 4500.0,
    "waiting_E": 225.39000000000001,
    "horizon_excess_E": 0.0,
    "makespan_E": 577.0099999999999,
    "sum_route_time_E": 2447.25,
    "avg_route_time_E": 489.45
  },
  "metrics_delta": {
    "vehicles_used": 0,
    "total_distance_km": -193.20000000000027,
    "cost_distance": -193.20000000000027,
    "cost_time": 5.1599999999998545,
    "vehicle_cost": 0.0,
    "waiting_E": 132.89999999999998,
    "horizon_excess_E": 0.0,
    "makespan_E": -18.26000000000022,
    "sum_route_time_E": 5.1599999999998545,
    "avg_route_time_E": 1.0319999999999823
  },
  "process": {
    "runtime_seconds": 19.306809425354004,
    "epochs": 44,
    "accepted_moves": 4933,
    "improving_moves": 1172,
    "rejected_window_E_moves": 37622,
    "rejected_window_P_moves": 37203,
    "rejected_window_both_moves": 36634
  },
  "trace_improvements": [
    [
      0,
      9577.64
    ],
    [
      40,
      9565.44
    ],
    [
      41,
      9488.77
    ],
    [
      42,
      9487.17
    ],
    [
      43,
      9389.6
    ]
  ]
}