{
  "parameters": {
    "dataset": "app_final_120_tight",
    "t_max": 1000.0,
    "t_min": 10.0,
    "alpha": 0.9,
    "iters_per_T": 1000,
    "neighborhood": "two_opt",
    "day_horizon": 600,
    "time_weight": 1.0
  },
  "initial_cost": 15820.490000000003,
  "best_cost": 15664.680000000004,
  "improvement_pct": 0.009848620365108758,
  "best_routes": [
    [
      0,
      38,
      85,
      102,
      11,
      29,
      14,
      51,
      73,
      13,
      116,
      8,
      65,
      103,
      2,
      7,
      110,
      63,
      12,
      101,
      117,
      42,
      22,
      94,
      0
    ],
    [
      0,
      74,
      45,
      18,
      36,
      48,
      86,
      1,
      33,
      75,
      40,
      30,
      10,
      47,
      16,
      105,
      72,
      106,
      77,
      39,
      5,
      44,
      0
    ],
    [
      0,
      109,
      67,
      53,
      91,
      21,
      80,
      28,
      4,
      27,
      81,
      97,
      35,
      58,
      0
    ],
    [
      0,
      32,
      69,
      3,
      62,
      100,
      49,
      20,
      112,
      114,
      17,
      83,
      120,
      9,
      24,
      98,
      46,
      119,
      0
    ],
    [
      0,
      41,
      93,
      79,
      70,
      76,
      43,
      115,
      19,
      107,
      111,
      57,
      15,
      23,
      84,
      90,
      89,
      0
    ],
    [
      0,
      118,
      61,
      88,
      25,
      56,
      71,
      113,
      108,
      34,
      66,
      52,
      55,
      95,
      6,
      50,
      31,
      0
    ],
    [
      0,
      59,
      82,
      54,
      68,
      104,
      37,
      96,
      99,
      0
    ],
    [
      0,
      92,
      26,
      64,
      60,
      78,
      87,
      0
    ]
  ],
  "metrics_initial": {
    "vehicles_used": 8,
    "total_distance_km": 4535.980000000002,
    "cost_distance": 4535.980000000002,
    "cost_time": 4084.5100000000007,
    "vehicle_cost": 7200.0,
    "waiting_E": 389.52,
    "horizon_excess_E": 0.0,
    "makespan_E": 599.3900000000001,
    "sum_route_time_E": 4084.5100000000007,
    "avg_route_time_E": 510.5637500000001
  },
  "metrics_best": {
    "vehicles_used": 8,
    "total_distance_km": 4438.340000000003,
    "cost_distance": 4438.340000000003,
    "cost_time": 4026.3400000000006,
    "vehicle_cost": 7200.0,
    "waiting_E": 428.2899999999999,
    "horizon_excess_E": 0.0,
    "makespan_E": 599.3900000000001,
    "sum_route_time_E": 4026.3400000000006,
    "avg_route_time_E": 503.2925000000001
  },
  "metrics_delta": {
    "vehicles_used": 0,
    "total_distance_km": -97.63999999999942,
    "cost_distance": -97.63999999999942,
    "cost_time": -58.17000000000007,
    "vehicle_cost": 0.0,
    "waiting_E": 38.769999999999925,
    "horizon_excess_E": 0.0,
    "makespan_E": 0.0,
    "sum_route_time_E": -58.17000000000007,
    "avg_route_time_E": -7.271250000000009
  },
  "process": {
    "runtime_seconds": 24.76716661453247,
    "epochs": 44,
    "accepted_moves": 12858,
    "improving_moves": 744,
    "rejected_window_E_moves": 30037,
    "rejected_window_P_moves": 30769,
    "rejected_window_both_moves": 29901
  },
  "trace_improvements": [
    [
      0,
      15777.810000000003
    ],
    [
      1,
      15734.090000000002
    ],
    [
      3,
      15691.000000000004
    ],
    [
      22,
      15689.650000000003
    ],
    [
      33,
      15686.080000000004
    ],
    [
      34,
      15670.420000000002
    ],
    [
      37,
      15670.11
    ],
    [
      39,
      15669.850000000002
    ],
    [
      42,
      15665.760000000002
    ],
    [
      43,
      15664.680000000004
    ]
  ]
}