{
  "parameters": {
    "dataset": "app_final_40_tight",
    "t_max": 1000.0,
    "t_min": 10.0,
    "alpha": 0.9,
    "iters_per_T": 1000,
    "neighborhood": "relocate",
    "day_horizon": 600,
    "time_weight": 1.0
  },
  "initial_cost": 9186.7,
  "best_cost": 8592.25,
  "improvement_pct": 0.06470767522614221,
  "best_routes": [
    [
      0,
      32,
      1,
      6,
      17,
      40,
      23,
      34,
      38,
      0
    ],
    [
      0,
      21,
      18,
      2,
      9,
      33,
      37,
      10,
      11,
      15,
      0
    ],
    [
      0,
      20,
      29,
      31,
      26,
      27,
      8,
      13,
      0
    ],
    [
      0,
      30,
      22,
      35,
      3,
      12,
      28,
      4,
      19,
      0
    ],
    [
      0,
      36,
      24,
      14,
      39,
      16,
      5,
      25,
      7,
      0
    ]
  ],
  "metrics_initial": {
    "vehicles_used": 5,
    "total_distance_km": 1991.9199999999998,
    "cost_distance": 1991.9199999999998,
    "cost_time": 2694.78,
    "vehicle_cost": 4500.0,
    "waiting_E": 869.1899999999998,
    "horizon_excess_E": 0.0,
    "makespan_E": 582.24,
    "sum_route_time_E": 2694.78,
    "avg_route_time_E": 538.956
  },
  "metrics_best": {
    "vehicles_used": 5,
    "total_distance_km": 1551.9399999999996,
    "cost_distance": 1551.9399999999996,
    "cost_time": 2540.3100000000004,
    "vehicle_cost": 4500.0,
    "waiting_E": 1119.4300000000003,
    "horizon_excess_E": 0.0,
    "makespan_E": 596.89,
    "sum_route_time_E": 2540.3100000000004,
    "avg_route_time_E": 508.06200000000007
  },
  "metrics_delta": {
    "vehicles_used": 0,
    "total_distance_km": -439.98000000000025,
    "cost_distance": -439.98000000000025,
    "cost_time": -154.4699999999998,
    "vehicle_cost": 0.0,
    "waiting_E": 250.24000000000046,
    "horizon_excess_E": 0.0,
    "makespan_E": 14.649999999999977,
    "sum_route_time_E": -154.4699999999998,
    "avg_route_time_E": -30.89399999999995
  },
  "process": {
    "runtime_seconds": 8.107727766036987,
    "epochs": 44,
    "accepted_moves": 3043,
    "improving_moves": 946,
    "rejected_window_E_moves": 39665,
    "rejected_window_P_moves": 39905,
    "rejected_window_both_moves": 39332
  },
  "trace_improvements": [
    [
      0,
      9186.7
    ],
    [
      15,
      9183.29
    ],
    [
      16,
      9118.03
    ],
    [
      22,
      9050.96
    ],
    [
      24,
      9028.21
    ],
    [
      25,
      8958.61
    ],
    [
      35,
      8920.740000000002
    ],
    [
      36,
      8827.779999999999
    ],
    [
      37,
      8724.87
    ],
    [
      38,
      8710.21
    ],
    [
      39,
      8680.66
    ],
    [
      40,
      8634.98
    ],
    [
      43,
      8592.25
    ]
  ]
}