{
  "parameters": {
    "dataset": "app_final_40_very_loose",
    "t_max": 1000.0,
    "t_min": 10.0,
    "alpha": 0.9,
    "iters_per_T": 1000,
    "neighborhood": "swap",
    "day_horizon": 600,
    "time_weight": 1.0
  },
  "initial_cost": 4057.98,
  "best_cost": 3940.2200000000003,
  "improvement_pct": 0.029019364314264676,
  "best_routes": [
    [
      0,
      39,
      14,
      8,
      25,
      33,
      35,
      38,
      26,
      11,
      1,
      34,
      30,
      12,
      32,
      21,
      5,
      6,
      31,
      24,
      20,
      3,
      23,
      10,
      2,
      36,
      17,
      7,
      0
    ],
    [
      0,
      22,
      9,
      13,
      28,
      4,
      19,
      29,
      16,
      27,
      37,
      40,
      18,
      15,
      0
    ]
  ],
  "metrics_initial": {
    "vehicles_used": 2,
    "total_distance_km": 1132.81,
    "cost_distance": 1132.81,
    "cost_time": 1125.17,
    "vehicle_cost": 1800.0,
    "waiting_E": 120.92999999999999,
    "horizon_excess_E": 0.0,
    "makespan_E": 578.77,
    "sum_route_time_E": 1125.17,
    "avg_route_time_E": 562.585
  },
  "metrics_best": {
    "vehicles_used": 2,
    "total_distance_km": 1048.5,
    "cost_distance": 1048.5,
    "cost_time": 1091.7200000000003,
    "vehicle_cost": 1800.0,
    "waiting_E": 134.48999999999998,
    "horizon_excess_E": 0.0,
    "makespan_E": 546.8800000000001,
    "sum_route_time_E": 1091.7200000000003,
    "avg_route_time_E": 545.8600000000001
  },
  "metrics_delta": {
    "vehicles_used": 0,
    "total_distance_km": -84.30999999999995,
    "cost_distance": -84.30999999999995,
    "cost_time": -33.44999999999982,
    "vehicle_cost": 0.0,
    "waiting_E": 13.559999999999988,
    "horizon_excess_E": 0.0,
    "makespan_E": -31.889999999999873,
    "sum_route_time_E": -33.44999999999982,
    "avg_route_time_E": -16.72499999999991
  },
  "process": {
    "runtime_seconds": 6.672849178314209,
    "epochs": 44,
    "accepted_moves": 1662,
    "improving_moves": 842,
    "rejected_window_E_moves": 41592,
    "rejected_window_P_moves": 41155,
    "rejected_window_both_moves": 40707
  },
  "trace_improvements": [
    [
      0,
      4004.9599999999996
    ],
    [
      15,
      3954.96
    ],
    [
      22,
      3942.71
    ],
    [
      39,
      3940.2200000000003
    ]
  ]
}