{
  "parameters": {
    "dataset": "app_final_80_loose",
    "t_max": 1000.0,
    "t_min": 10.0,
    "alpha": 0.9,
    "iters_per_T": 1000,
    "neighborhood": "relocate",
    "day_horizon": 600,
    "time_weight": 1.0
  },
  "initial_cost": 6387.089999999999,
  "best_cost": 6055.929999999999,
  "improvement_pct": 0.051848337818944136,
  "best_routes": [
    [
      0,
      24,
      34,
      20,
      58,
      28,
      27,
      76,
      75,
      56,
      36,
      46,
      41,
      45,
      12,
      21,
      79,
      7,
      18,
      77,
      50,
      39,
      0
    ],
    [
      0,
      15,
      78,
      70,
      59,
      53,
      52,
      65,
      38,
      48,
      69,
      66,
      74,
      29,
      14,
      2,
      22,
      17,
      11,
      35,
      16,
      72,
      33,
      51,
      73,
      61,
      0
    ],
    [
      0,
      25,
      55,
      6,
      42,
      63,
      19,
      8,
      23,
      80,
      10,
      54,
      37,
      26,
      5,
      64,
      62,
      30,
      3,
      9,
      49,
      13,
      71,
      4,
      40,
      44,
      43,
      32,
      60,
      1,
      31,
      47,
      68,
      57,
      67,
      0
    ]
  ],
  "metrics_initial": {
    "vehicles_used": 3,
    "total_distance_km": 1987.2299999999998,
    "cost_distance": 1987.2299999999998,
    "cost_time": 1699.8599999999997,
    "vehicle_cost": 2700.0,
    "waiting_E": 61.810000000000045,
    "horizon_excess_E": 0.0,
    "makespan_E": 580.3,
    "sum_route_time_E": 1699.8599999999997,
    "avg_route_time_E": 566.6199999999999
  },
  "metrics_best": {
    "vehicles_used": 3,
    "total_distance_km": 1750.8799999999994,
    "cost_distance": 1750.8799999999994,
    "cost_time": 1605.0500000000002,
    "vehicle_cost": 2700.0,
    "waiting_E": 155.03999999999996,
    "horizon_excess_E": 0.0,
    "makespan_E": 568.9999999999999,
    "sum_route_time_E": 1605.0500000000002,
    "avg_route_time_E": 535.0166666666668
  },
  "metrics_delta": {
    "vehicles_used": 0,
    "total_distance_km": -236.35000000000036,
    "cost_distance": -236.35000000000036,
    "cost_time": -94.80999999999949,
    "vehicle_cost": 0.0,
    "waiting_E": 93.22999999999992,
    "horizon_excess_E": 0.0,
    "makespan_E": -11.300000000000068,
    "sum_route_time_E": -94.80999999999949,
    "avg_route_time_E": -31.603333333333126
  },
  "process": {
    "runtime_seconds": 12.056979656219482,
    "epochs": 44,
    "accepted_moves": 1491,
    "improving_moves": 461,
    "rejected_window_E_moves": 41933,
    "rejected_window_P_moves": 41203,
    "rejected_window_both_moves": 40880
  },
  "trace_improvements": [
    [
      0,
      6332.280000000001
    ],
    [
      19,
      6313.08
    ],
    [
      32,
      6266.07
    ],
    [
      35,
      6242.119999999999
    ],
    [
      39,
      6186.799999999999
    ],
    [
      42,
      6152.68
    ],
    [
      43,
      6055.929999999999
    ]
  ]
}