{
  "parameters": {
    "dataset": "app_final_40_very_loose",
    "t_max": 1000.0,
    "t_min": 10.0,
    "alpha": 0.9,
    "iters_per_T": 1000,
    "neighborhood": "two_opt",
    "day_horizon": 600,
    "time_weight": 1.0
  },
  "initial_cost": 4057.98,
  "best_cost": 3968.62,
  "improvement_pct": 0.022020808382495757,
  "best_routes": [
    [
      0,
      32,
      39,
      8,
      14,
      19,
      9,
      13,
      34,
      1,
      11,
      18,
      26,
      35,
      33,
      25,
      6,
      24,
      31,
      20,
      3,
      5,
      23,
      10,
      36,
      2,
      17,
      7,
      0
    ],
    [
      0,
      21,
      22,
      37,
      29,
      16,
      27,
      38,
      40,
      15,
      12,
      28,
      4,
      30,
      0
    ]
  ],
  "metrics_initial": {
    "vehicles_used": 2,
    "total_distance_km": 1132.81,
    "cost_distance": 1132.81,
    "cost_time": 1125.17,
    "vehicle_cost": 1800.0,
    "waiting_E": 120.92999999999999,
    "horizon_excess_E": 0.0,
    "makespan_E": 578.77,
    "sum_route_time_E": 1125.17,
    "avg_route_time_E": 562.585
  },
  "metrics_best": {
    "vehicles_used": 2,
    "total_distance_km": 1077.33,
    "cost_distance": 1077.33,
    "cost_time": 1091.29,
    "vehicle_cost": 1800.0,
    "waiting_E": 139.29999999999998,
    "horizon_excess_E": 0.0,
    "makespan_E": 573.5400000000001,
    "sum_route_time_E": 1091.29,
    "avg_route_time_E": 545.645
  },
  "metrics_delta": {
    "vehicles_used": 0,
    "total_distance_km": -55.48000000000002,
    "cost_distance": -55.48000000000002,
    "cost_time": -33.88000000000011,
    "vehicle_cost": 0.0,
    "waiting_E": 18.36999999999999,
    "horizon_excess_E": 0.0,
    "makespan_E": -5.2299999999999045,
    "sum_route_time_E": -33.88000000000011,
    "avg_route_time_E": -16.940000000000055
  },
  "process": {
    "runtime_seconds": 7.626690626144409,
    "epochs": 44,
    "accepted_moves": 11736,
    "improving_moves": 1386,
    "rejected_window_E_moves": 31436,
    "rejected_window_P_moves": 30129,
    "rejected_window_both_moves": 29348
  },
  "trace_improvements": [
    [
      0,
      4057.98
    ],
    [
      1,
      4040.8399999999997
    ],
    [
      20,
      4040.1099999999997
    ],
    [
      31,
      4023.8500000000004
    ],
    [
      33,
      4004.4799999999996
    ],
    [
      35,
      3997.5299999999997
    ],
    [
      37,
      3989.3599999999997
    ],
    [
      40,
      3988.25
    ],
    [
      41,
      3986.1499999999996
    ],
    [
      42,
      3968.62
    ]
  ]
}