{
  "parameters": {
    "dataset": "app_final_40_medium",
    "t_max": 1000.0,
    "t_min": 10.0,
    "alpha": 0.9,
    "iters_per_T": 1000,
    "neighborhood": "mixed",
    "day_horizon": 600,
    "time_weight": 1.0
  },
  "initial_cost": 6085.45,
  "best_cost": 5397.540000000001,
  "improvement_pct": 0.11304176355076435,
  "best_routes": [
    [
      0,
      11,
      17,
      5,
      27,
      33,
      14,
      10,
      18,
      29,
      19,
      20,
      22,
      26,
      0
    ],
    [
      0,
      30,
      32,
      7,
      12,
      35,
      6,
      24,
      23,
      4,
      34,
      15,
      2,
      25,
      8,
      9,
      0
    ],
    [
      0,
      13,
      40,
      16,
      37,
      39,
      31,
      3,
      36,
      1,
      28,
      38,
      21,
      0
    ]
  ],
  "metrics_initial": {
    "vehicles_used": 3,
    "total_distance_km": 1722.8400000000004,
    "cost_distance": 1722.8400000000004,
    "cost_time": 1662.61,
    "vehicle_cost": 2700.0,
    "waiting_E": 126.65,
    "horizon_excess_E": 0.0,
    "makespan_E": 589.23,
    "sum_route_time_E": 1662.61,
    "avg_route_time_E": 554.2033333333333
  },
  "metrics_best": {
    "vehicles_used": 3,
    "total_distance_km": 1270.63,
    "cost_distance": 1270.63,
    "cost_time": 1426.9100000000003,
    "vehicle_cost": 2700.0,
    "waiting_E": 258.7499999999999,
    "horizon_excess_E": 0.0,
    "makespan_E": 534.8900000000001,
    "sum_route_time_E": 1426.9100000000003,
    "avg_route_time_E": 475.63666666666677
  },
  "metrics_delta": {
    "vehicles_used": 0,
    "total_distance_km": -452.21000000000026,
    "cost_distance": -452.21000000000026,
    "cost_time": -235.6999999999996,
    "vehicle_cost": 0.0,
    "waiting_E": 132.09999999999988,
    "horizon_excess_E": 0.0,
    "makespan_E": -54.33999999999992,
    "sum_route_time_E": -235.6999999999996,
    "avg_route_time_E": -78.56666666666649
  },
  "process": {
    "runtime_seconds": 8.174930334091187,
    "epochs": 44,
    "accepted_moves": 6755,
    "improving_moves": 1306,
    "rejected_window_E_moves": 35700,
    "rejected_window_P_moves": 35975,
    "rejected_window_both_moves": 35377
  },
  "trace_improvements": [
    [
      0,
      6085.45
    ],
    [
      2,
      6079.01
    ],
    [
      4,
      5992.97
    ],
    [
      5,
      5937.65
    ],
    [
      6,
      5907.94
    ],
    [
      10,
      5860.92
    ],
    [
      13,
      5859.26
    ],
    [
      16,
      5757.6
    ],
    [
      29,
      5694.92
    ],
    [
      37,
      5684.33
    ],
    [
      38,
      5614.75
    ],
    [
      39,
      5507.290000000001
    ],
    [
      41,
      5397.540000000001
    ]
  ]
}