{
  "parameters": {
    "dataset": "app_final_120_very_loose",
    "t_max": 1000.0,
    "t_min": 10.0,
    "alpha": 0.9,
    "iters_per_T": 1000,
    "neighborhood": "swap",
    "day_horizon": 600,
    "time_weight": 1.0
  },
  "initial_cost": 9577.64,
  "best_cost": 9090.17,
  "improvement_pct": 0.050896671831474075,
  "best_routes": [
    [
      0,
      12,
      5,
      81,
      23,
      1,
      62,
      17,
      103,
      33,
      101,
      70,
      58,
      22,
      59,
      30,
      34,
      4,
      35,
      98,
      106,
      11,
      25,
      73,
      109,
      13,
      29,
      72,
      79,
      117,
      2,
      44,
      110,
      31,
      40,
      45,
      56,
      24,
      61,
      27,
      87,
      0
    ],
    [
      0,
      7,
      112,
      115,
      36,
      26,
      66,
      111,
      108,
      118,
      114,
      60,
      37,
      18,
      14,
      89,
      75,
      97,
      90,
      51,
      77,
      8,
      113,
      48,
      19,
      16,
      42,
      21,
      57,
      120,
      0
    ],
    [
      0,
      104,
      102,
      64,
      96,
      54,
      67,
      82,
      9,
      47,
      38,
      55,
      50,
      39,
      43,
      78,
      76,
      3,
      20,
      74,
      69,
      99,
      63,
      95,
      88,
      105,
      65,
      93,
      91,
      28,
      46,
      86,
      94,
      49,
      0
    ],
    [
      0,
      83,
      71,
      68,
      15,
      10,
      84,
      92,
      119,
      80,
      100,
      41,
      32,
      107,
      52,
      85,
      53,
      6,
      0
    ],
    [
      0,
      116,
      0
    ]
  ],
  "metrics_initial": {
    "vehicles_used": 5,
    "total_distance_km": 2635.55,
    "cost_distance": 2635.55,
    "cost_time": 2442.09,
    "vehicle_cost": 4500.0,
    "waiting_E": 92.49000000000004,
    "horizon_excess_E": 0.0,
    "makespan_E": 595.2700000000001,
    "sum_route_time_E": 2442.09,
    "avg_route_time_E": 488.418
  },
  "metrics_best": {
    "vehicles_used": 5,
    "total_distance_km": 2370.8999999999996,
    "cost_distance": 2370.8999999999996,
    "cost_time": 2219.27,
    "vehicle_cost": 4500.0,
    "waiting_E": 58.73999999999999,
    "horizon_excess_E": 0.0,
    "makespan_E": 582.6299999999999,
    "sum_route_time_E": 2219.27,
    "avg_route_time_E": 443.854
  },
  "metrics_delta": {
    "vehicles_used": 0,
    "total_distance_km": -264.65000000000055,
    "cost_distance": -264.65000000000055,
    "cost_time": -222.82000000000016,
    "vehicle_cost": 0.0,
    "waiting_E": -33.75000000000005,
    "horizon_excess_E": 0.0,
    "makespan_E": -12.640000000000214,
    "sum_route_time_E": -222.82000000000016,
    "avg_route_time_E": -44.56400000000002
  },
  "process": {
    "runtime_seconds": 17.92802357673645,
    "epochs": 44,
    "accepted_moves": 598,
    "improving_moves": 300,
    "rejected_window_E_moves": 43143,
    "rejected_window_P_moves": 42684,
    "rejected_window_both_moves": 42463
  },
  "trace_improvements": [
    [
      0,
      9551.54
    ],
    [
      1,
      9528.86
    ],
    [
      9,
      9418.519999999999
    ],
    [
      31,
      9415.880000000001
    ],
    [
      32,
      9403.6
    ],
    [
      33,
      9348.93
    ],
    [
      34,
      9336.12
    ],
    [
      35,
      9207.51
    ],
    [
      42,
      9168.16
    ],
    [
      43,
      9090.17
    ]
  ]
}