{
  "parameters": {
    "dataset": "app_final_80_medium",
    "t_max": 1000.0,
    "t_min": 10.0,
    "alpha": 0.9,
    "iters_per_T": 1000,
    "neighborhood": "two_opt",
    "day_horizon": 600,
    "time_weight": 1.0
  },
  "initial_cost": 9712.71,
  "best_cost": 9700.06,
  "improvement_pct": 0.0013024171420746257,
  "best_routes": [
    [
      0,
      22,
      76,
      75,
      18,
      41,
      70,
      9,
      23,
      21,
      48,
      59,
      53,
      12,
      35,
      31,
      73,
      17,
      49,
      72,
      0
    ],
    [
      0,
      44,
      66,
      8,
      71,
      37,
      38,
      1,
      25,
      26,
      63,
      13,
      10,
      7,
      34,
      67,
      30,
      57,
      62,
      58,
      5,
      33,
      46,
      51,
      42,
      78,
      65,
      4,
      0
    ],
    [
      0,
      14,
      27,
      79,
      56,
      15,
      54,
      24,
      47,
      29,
      64,
      20,
      69,
      6,
      55,
      3,
      45,
      0
    ],
    [
      0,
      50,
      74,
      43,
      16,
      28,
      68,
      2,
      32,
      40,
      19,
      60,
      11,
      61,
      0
    ],
    [
      0,
      77,
      39,
      36,
      52,
      80,
      0
    ]
  ],
  "metrics_initial": {
    "vehicles_used": 5,
    "total_distance_km": 2720.8299999999995,
    "cost_distance": 2720.8299999999995,
    "cost_time": 2491.88,
    "vehicle_cost": 4500.0,
    "waiting_E": 97.90999999999991,
    "horizon_excess_E": 0.0,
    "makespan_E": 588.62,
    "sum_route_time_E": 2491.88,
    "avg_route_time_E": 498.37600000000003
  },
  "metrics_best": {
    "vehicles_used": 5,
    "total_distance_km": 2732.5899999999997,
    "cost_distance": 2732.5899999999997,
    "cost_time": 2467.47,
    "vehicle_cost": 4500.0,
    "waiting_E": 101.38999999999999,
    "horizon_excess_E": 0.0,
    "makespan_E": 584.92,
    "sum_route_time_E": 2467.47,
    "avg_route_time_E": 493.49399999999997
  },
  "metrics_delta": {
    "vehicles_used": 0,
    "total_distance_km": 11.760000000000218,
    "cost_distance": 11.760000000000218,
    "cost_time": -24.41000000000031,
    "vehicle_cost": 0.0,
    "waiting_E": 3.480000000000075,
    "horizon_excess_E": 0.0,
    "makespan_E": -3.7000000000000455,
    "sum_route_time_E": -24.41000000000031,
    "avg_route_time_E": -4.882000000000062
  },
  "process": {
    "runtime_seconds": 17.14756679534912,
    "epochs": 44,
    "accepted_moves": 14787,
    "improving_moves": 1516,
    "rejected_window_E_moves": 27793,
    "rejected_window_P_moves": 28332,
    "rejected_window_both_moves": 27574
  },
  "trace_improvements": [
    [
      0,
      9712.11
    ],
    [
      32,
      9709.79
    ],
    [
      37,
      9703.2
    ],
    [
      40,
      9700.06
    ]
  ]
}