{
  "parameters": {
    "dataset": "app_final_200_medium",
    "t_max": 1000.0,
    "t_min": 10.0,
    "alpha": 0.9,
    "iters_per_T": 1000,
    "neighborhood": "two_opt",
    "day_horizon": 600,
    "time_weight": 1.0
  },
  "initial_cost": 16855.43,
  "best_cost": 16785.59,
  "improvement_pct": 0.004143471866336257,
  "best_routes": [
    [
      0,
      184,
      73,
      130,
      4,
      94,
      182,
      26,
      61,
      64,
      100,
      76,
      145,
      142,
      117,
      104,
      183,
      137,
      81,
      12,
      136,
      66,
      169,
      106,
      126,
      72,
      31,
      63,
      56,
      96,
      113,
      84,
      9,
      55,
      39,
      132,
      120,
      38,
      124,
      20,
      47,
      193,
      147,
      151,
      85,
      154,
      164,
      0
    ],
    [
      0,
      86,
      166,
      179,
      162,
      16,
      15,
      79,
      172,
      148,
      158,
      7,
      109,
      163,
      24,
      153,
      29,
      160,
      128,
      112,
      149,
      97,
      0
    ],
    [
      0,
      83,
      111,
      177,
      171,
      28,
      52,
      125,
      23,
      189,
      140,
      49,
      11,
      107,
      68,
      156,
      51,
      168,
      181,
      131,
      37,
      199,
      92,
      0
    ],
    [
      0,
      185,
      180,
      88,
      170,
      141,
      71,
      197,
      157,
      198,
      122,
      108,
      127,
      87,
      105,
      129,
      89,
      60,
      50,
      40,
      57,
      19,
      42,
      13,
      0
    ],
    [
      0,
      174,
      102,
      114,
      143,
      135,
      175,
      173,
      190,
      6,
      74,
      101,
      14,
      187,
      152,
      58,
      33,
      116,
      200,
      35,
      22,
      5,
      119,
      194,
      32,
      0
    ],
    [
      0,
      192,
      36,
      34,
      65,
      133,
      8,
      165,
      67,
      2,
      188,
      41,
      138,
      123,
      159,
      82,
      118,
      161,
      27,
      44,
      80,
      18,
      78,
      103,
      93,
      46,
      59,
      53,
      95,
      62,
      110,
      144,
      90,
      69,
      75,
      191,
      0
    ],
    [
      0,
      10,
      115,
      43,
      30,
      54,
      196,
      146,
      176,
      134,
      121,
      99,
      48,
      150,
      186,
      1,
      70,
      155,
      167,
      178,
      17,
      91,
      0
    ],
    [
      0,
      139,
      195,
      77,
      3,
      98,
      21,
      25,
      45,
      0
    ]
  ],
  "metrics_initial": {
    "vehicles_used": 8,
    "total_distance_km": 5197.43,
    "cost_distance": 5197.43,
    "cost_time": 4458.0,
    "vehicle_cost": 7200.0,
    "waiting_E": 506.91999999999996,
    "horizon_excess_E": 0.0,
    "makespan_E": 597.09,
    "sum_route_time_E": 4458.0,
    "avg_route_time_E": 557.25
  },
  "metrics_best": {
    "vehicles_used": 8,
    "total_distance_km": 5140.77,
    "cost_distance": 5140.77,
    "cost_time": 4444.82,
    "vehicle_cost": 7200.0,
    "waiting_E": 517.0299999999999,
    "horizon_excess_E": 0.0,
    "makespan_E": 598.8,
    "sum_route_time_E": 4444.82,
    "avg_route_time_E": 555.6025
  },
  "metrics_delta": {
    "vehicles_used": 0,
    "total_distance_km": -56.659999999999854,
    "cost_distance": -56.659999999999854,
    "cost_time": -13.180000000000291,
    "vehicle_cost": 0.0,
    "waiting_E": 10.1099999999999,
    "horizon_excess_E": 0.0,
    "makespan_E": 1.7099999999999227,
    "sum_route_time_E": -13.180000000000291,
    "avg_route_time_E": -1.6475000000000364
  },
  "process": {
    "runtime_seconds": 35.33495545387268,
    "epochs": 44,
    "accepted_moves": 9861,
    "improving_moves": 884,
    "rejected_window_E_moves": 33462,
    "rejected_window_P_moves": 32716,
    "rejected_window_both_moves": 32290
  },
  "trace_improvements": [
    [
      0,
      16855.43
    ],
    [
      7,
      16848.320000000003
    ],
    [
      38,
      16823.050000000003
    ],
    [
      41,
      16807.74
    ],
    [
      43,
      16785.59
    ]
  ]
}