{
  "parameters": {
    "dataset": "app_final_40_tight",
    "t_max": 1000.0,
    "t_min": 10.0,
    "alpha": 0.9,
    "iters_per_T": 1000,
    "neighborhood": "two_opt",
    "day_horizon": 600,
    "time_weight": 1.0
  },
  "initial_cost": 9186.7,
  "best_cost": 9182.17,
  "improvement_pct": 0.0004931041614508642,
  "best_routes": [
    [
      0,
      30,
      22,
      35,
      36,
      18,
      29,
      2,
      33,
      31,
      26,
      10,
      37,
      28,
      40,
      34,
      0
    ],
    [
      0,
      21,
      16,
      24,
      12,
      1,
      7,
      25,
      13,
      8,
      38,
      0
    ],
    [
      0,
      20,
      5,
      32,
      6,
      17,
      23,
      4,
      19,
      0
    ],
    [
      0,
      9,
      3,
      14,
      39,
      27,
      0
    ],
    [
      0,
      11,
      15,
      0
    ]
  ],
  "metrics_initial": {
    "vehicles_used": 5,
    "total_distance_km": 1991.9199999999998,
    "cost_distance": 1991.9199999999998,
    "cost_time": 2694.78,
    "vehicle_cost": 4500.0,
    "waiting_E": 869.1899999999998,
    "horizon_excess_E": 0.0,
    "makespan_E": 582.24,
    "sum_route_time_E": 2694.78,
    "avg_route_time_E": 538.956
  },
  "metrics_best": {
    "vehicles_used": 5,
    "total_distance_km": 1984.3799999999999,
    "cost_distance": 1984.3799999999999,
    "cost_time": 2697.79,
    "vehicle_cost": 4500.0,
    "waiting_E": 866.6399999999999,
    "horizon_excess_E": 0.0,
    "makespan_E": 583.23,
    "sum_route_time_E": 2697.79,
    "avg_route_time_E": 539.558
  },
  "metrics_delta": {
    "vehicles_used": 0,
    "total_distance_km": -7.539999999999964,
    "cost_distance": -7.539999999999964,
    "cost_time": 3.0099999999997635,
    "vehicle_cost": 0.0,
    "waiting_E": -2.5499999999999545,
    "horizon_excess_E": 0.0,
    "makespan_E": 0.9900000000000091,
    "sum_route_time_E": 3.0099999999997635,
    "avg_route_time_E": 0.6019999999999754
  },
  "process": {
    "runtime_seconds": 10.791575908660889,
    "epochs": 44,
    "accepted_moves": 18700,
    "improving_moves": 1336,
    "rejected_window_E_moves": 24974,
    "rejected_window_P_moves": 24491,
    "rejected_window_both_moves": 24272
  },
  "trace_improvements": [
    [
      0,
      9182.17
    ]
  ]
}