{
  "parameters": {
    "dataset": "app_final_20_tight",
    "t_max": 1000.0,
    "t_min": 10.0,
    "alpha": 0.9,
    "iters_per_T": 1000,
    "neighborhood": "two_opt",
    "day_horizon": 600,
    "time_weight": 1.0
  },
  "initial_cost": 5722.25,
  "best_cost": 5722.25,
  "improvement_pct": 0.0,
  "best_routes": [
    [
      0,
      15,
      8,
      1,
      13,
      11,
      16,
      3,
      18,
      6,
      0
    ],
    [
      0,
      2,
      5,
      10,
      19,
      14,
      4,
      0
    ],
    [
      0,
      17,
      20,
      12,
      7,
      9,
      0
    ]
  ],
  "metrics_initial": {
    "vehicles_used": 3,
    "total_distance_km": 1291.25,
    "cost_distance": 1291.25,
    "cost_time": 1731.0000000000002,
    "vehicle_cost": 2700.0,
    "waiting_E": 578.6700000000001,
    "horizon_excess_E": 0.0,
    "makespan_E": 596.1400000000001,
    "sum_route_time_E": 1731.0000000000002,
    "avg_route_time_E": 577.0000000000001
  },
  "metrics_best": {
    "vehicles_used": 3,
    "total_distance_km": 1291.25,
    "cost_distance": 1291.25,
    "cost_time": 1731.0000000000002,
    "vehicle_cost": 2700.0,
    "waiting_E": 578.6700000000001,
    "horizon_excess_E": 0.0,
    "makespan_E": 596.1400000000001,
    "sum_route_time_E": 1731.0000000000002,
    "avg_route_time_E": 577.0000000000001
  },
  "metrics_delta": {
    "vehicles_used": 0,
    "total_distance_km": 0.0,
    "cost_distance": 0.0,
    "cost_time": 0.0,
    "vehicle_cost": 0.0,
    "waiting_E": 0.0,
    "horizon_excess_E": 0.0,
    "makespan_E": 0.0,
    "sum_route_time_E": 0.0,
    "avg_route_time_E": 0.0
  },
  "process": {
    "runtime_seconds": 7.075475454330444,
    "epochs": 44,
    "accepted_moves": 21459,
    "improving_moves": 1115,
    "rejected_window_E_moves": 21846,
    "rejected_window_P_moves": 22219,
    "rejected_window_both_moves": 21846
  },
  "trace_improvements": [
    [
      0,
      5722.25
    ]
  ]
}