{
  "parameters": {
    "dataset": "app_final_40_very_loose",
    "t_max": 1000.0,
    "t_min": 10.0,
    "alpha": 0.9,
    "iters_per_T": 1000,
    "neighborhood": "mixed",
    "day_horizon": 600,
    "time_weight": 1.0
  },
  "initial_cost": 4057.98,
  "best_cost": 3705.0,
  "improvement_pct": 0.08698416453506425,
  "best_routes": [
    [
      0,
      5,
      21,
      6,
      38,
      33,
      25,
      24,
      31,
      20,
      3,
      22,
      17,
      7,
      2,
      36,
      10,
      23,
      0
    ],
    [
      0,
      32,
      39,
      14,
      8,
      12,
      34,
      11,
      1,
      15,
      30,
      13,
      9,
      4,
      28,
      19,
      29,
      16,
      27,
      37,
      35,
      26,
      40,
      18,
      0
    ]
  ],
  "metrics_initial": {
    "vehicles_used": 2,
    "total_distance_km": 1132.81,
    "cost_distance": 1132.81,
    "cost_time": 1125.17,
    "vehicle_cost": 1800.0,
    "waiting_E": 120.92999999999999,
    "horizon_excess_E": 0.0,
    "makespan_E": 578.77,
    "sum_route_time_E": 1125.17,
    "avg_route_time_E": 562.585
  },
  "metrics_best": {
    "vehicles_used": 2,
    "total_distance_km": 907.2000000000002,
    "cost_distance": 907.2000000000002,
    "cost_time": 997.8,
    "vehicle_cost": 1800.0,
    "waiting_E": 168.13999999999996,
    "horizon_excess_E": 0.0,
    "makespan_E": 551.81,
    "sum_route_time_E": 997.8,
    "avg_route_time_E": 498.9
  },
  "metrics_delta": {
    "vehicles_used": 0,
    "total_distance_km": -225.6099999999998,
    "cost_distance": -225.6099999999998,
    "cost_time": -127.37000000000012,
    "vehicle_cost": 0.0,
    "waiting_E": 47.209999999999965,
    "horizon_excess_E": 0.0,
    "makespan_E": -26.960000000000036,
    "sum_route_time_E": -127.37000000000012,
    "avg_route_time_E": -63.68500000000006
  },
  "process": {
    "runtime_seconds": 7.3800132274627686,
    "epochs": 44,
    "accepted_moves": 5881,
    "improving_moves": 1381,
    "rejected_window_E_moves": 36539,
    "rejected_window_P_moves": 34848,
    "rejected_window_both_moves": 34037
  },
  "trace_improvements": [
    [
      0,
      4004.7599999999993
    ],
    [
      6,
      4003.5
    ],
    [
      34,
      3927.3900000000003
    ],
    [
      37,
      3853.09
    ],
    [
      38,
      3820.94
    ],
    [
      42,
      3750.6400000000003
    ],
    [
      43,
      3705.0
    ]
  ]
}