{
  "parameters": {
    "dataset": "app_final_40_very_loose",
    "t_max": 1000.0,
    "t_min": 10.0,
    "alpha": 0.9,
    "iters_per_T": 1000,
    "neighborhood": "relocate",
    "day_horizon": 600,
    "time_weight": 1.0
  },
  "initial_cost": 4057.98,
  "best_cost": 3816.13,
  "improvement_pct": 0.05959861803163148,
  "best_routes": [
    [
      0,
      5,
      20,
      31,
      6,
      25,
      33,
      35,
      38,
      39,
      15,
      34,
      11,
      18,
      24,
      3,
      21,
      23,
      10,
      36,
      2,
      17,
      7,
      0
    ],
    [
      0,
      22,
      8,
      32,
      14,
      12,
      1,
      13,
      30,
      9,
      28,
      4,
      19,
      29,
      16,
      27,
      37,
      40,
      26,
      0
    ]
  ],
  "metrics_initial": {
    "vehicles_used": 2,
    "total_distance_km": 1132.81,
    "cost_distance": 1132.81,
    "cost_time": 1125.17,
    "vehicle_cost": 1800.0,
    "waiting_E": 120.92999999999999,
    "horizon_excess_E": 0.0,
    "makespan_E": 578.77,
    "sum_route_time_E": 1125.17,
    "avg_route_time_E": 562.585
  },
  "metrics_best": {
    "vehicles_used": 2,
    "total_distance_km": 1017.0600000000003,
    "cost_distance": 1017.0600000000003,
    "cost_time": 999.0699999999999,
    "vehicle_cost": 1800.0,
    "waiting_E": 70.53000000000003,
    "horizon_excess_E": 0.0,
    "makespan_E": 512.8499999999999,
    "sum_route_time_E": 999.0699999999999,
    "avg_route_time_E": 499.53499999999997
  },
  "metrics_delta": {
    "vehicles_used": 0,
    "total_distance_km": -115.74999999999966,
    "cost_distance": -115.74999999999966,
    "cost_time": -126.10000000000014,
    "vehicle_cost": 0.0,
    "waiting_E": -50.39999999999996,
    "horizon_excess_E": 0.0,
    "makespan_E": -65.92000000000007,
    "sum_route_time_E": -126.10000000000014,
    "avg_route_time_E": -63.05000000000007
  },
  "process": {
    "runtime_seconds": 6.841360569000244,
    "epochs": 44,
    "accepted_moves": 3523,
    "improving_moves": 1203,
    "rejected_window_E_moves": 38996,
    "rejected_window_P_moves": 37902,
    "rejected_window_both_moves": 37188
  },
  "trace_improvements": [
    [
      0,
      4057.98
    ],
    [
      18,
      4033.35
    ],
    [
      34,
      3988.74
    ],
    [
      36,
      3981.2
    ],
    [
      37,
      3891.8
    ],
    [
      38,
      3869.34
    ],
    [
      43,
      3816.13
    ]
  ]
}