{
  "parameters": {
    "dataset": "app_final_200_medium",
    "t_max": 1000.0,
    "t_min": 10.0,
    "alpha": 0.9,
    "iters_per_T": 1000,
    "neighborhood": "swap",
    "day_horizon": 600,
    "time_weight": 1.0
  },
  "initial_cost": 16855.43,
  "best_cost": 16395.85,
  "improvement_pct": 0.027265990840933854,
  "best_routes": [
    [
      0,
      192,
      73,
      34,
      4,
      94,
      182,
      26,
      61,
      64,
      100,
      76,
      145,
      142,
      117,
      104,
      137,
      183,
      81,
      12,
      136,
      66,
      169,
      106,
      126,
      72,
      31,
      63,
      56,
      96,
      113,
      9,
      84,
      55,
      39,
      132,
      120,
      151,
      147,
      47,
      193,
      97,
      38,
      124,
      164,
      154,
      85,
      0
    ],
    [
      0,
      83,
      197,
      179,
      176,
      16,
      3,
      121,
      157,
      139,
      71,
      159,
      155,
      186,
      108,
      51,
      156,
      29,
      98,
      112,
      128,
      160,
      0
    ],
    [
      0,
      111,
      130,
      171,
      28,
      6,
      190,
      74,
      189,
      185,
      33,
      19,
      107,
      68,
      11,
      1,
      109,
      131,
      181,
      153,
      46,
      25,
      149,
      0
    ],
    [
      0,
      180,
      86,
      166,
      88,
      162,
      122,
      15,
      198,
      172,
      5,
      70,
      87,
      158,
      49,
      80,
      40,
      50,
      60,
      18,
      57,
      91,
      69,
      13,
      0
    ],
    [
      0,
      102,
      65,
      165,
      67,
      8,
      175,
      148,
      58,
      152,
      14,
      187,
      116,
      101,
      35,
      140,
      32,
      125,
      23,
      200,
      42,
      119,
      24,
      20,
      45,
      0
    ],
    [
      0,
      184,
      36,
      173,
      177,
      174,
      133,
      135,
      115,
      2,
      123,
      141,
      138,
      188,
      127,
      118,
      143,
      161,
      27,
      44,
      129,
      89,
      78,
      103,
      93,
      37,
      59,
      53,
      110,
      7,
      95,
      144,
      17,
      75,
      92,
      191,
      0
    ],
    [
      0,
      10,
      43,
      52,
      30,
      54,
      196,
      41,
      134,
      146,
      163,
      99,
      170,
      79,
      194,
      22,
      62,
      105,
      90,
      178,
      167,
      199,
      0
    ],
    [
      0,
      114,
      82,
      195,
      77,
      48,
      21,
      168,
      150,
      0
    ]
  ],
  "metrics_initial": {
    "vehicles_used": 8,
    "total_distance_km": 5197.43,
    "cost_distance": 5197.43,
    "cost_time": 4458.0,
    "vehicle_cost": 7200.0,
    "waiting_E": 506.91999999999996,
    "horizon_excess_E": 0.0,
    "makespan_E": 597.09,
    "sum_route_time_E": 4458.0,
    "avg_route_time_E": 557.25
  },
  "metrics_best": {
    "vehicles_used": 8,
    "total_distance_km": 4948.42,
    "cost_distance": 4948.42,
    "cost_time": 4247.43,
    "vehicle_cost": 7200.0,
    "waiting_E": 392.69999999999993,
    "horizon_excess_E": 0.0,
    "makespan_E": 591.5,
    "sum_route_time_E": 4247.43,
    "avg_route_time_E": 530.92875
  },
  "metrics_delta": {
    "vehicles_used": 0,
    "total_distance_km": -249.01000000000022,
    "cost_distance": -249.01000000000022,
    "cost_time": -210.5699999999997,
    "vehicle_cost": 0.0,
    "waiting_E": -114.22000000000003,
    "horizon_excess_E": 0.0,
    "makespan_E": -5.590000000000032,
    "sum_route_time_E": -210.5699999999997,
    "avg_route_time_E": -26.321249999999964
  },
  "process": {
    "runtime_seconds": 30.49530029296875,
    "epochs": 44,
    "accepted_moves": 438,
    "improving_moves": 219,
    "rejected_window_E_moves": 43350,
    "rejected_window_P_moves": 43217,
    "rejected_window_both_moves": 43065
  },
  "trace_improvements": [
    [
      0,
      16750.300000000003
    ],
    [
      1,
      16730.74
    ],
    [
      38,
      16724.530000000002
    ],
    [
      39,
      16518.850000000002
    ],
    [
      42,
      16435.57
    ],
    [
      43,
      16395.85
    ]
  ]
}