{
  "parameters": {
    "dataset": "app_final_40_medium",
    "t_max": 1000.0,
    "t_min": 10.0,
    "alpha": 0.9,
    "iters_per_T": 1000,
    "neighborhood": "relocate",
    "day_horizon": 600,
    "time_weight": 1.0
  },
  "initial_cost": 6085.45,
  "best_cost": 5473.91,
  "improvement_pct": 0.10049215752327272,
  "best_routes": [
    [
      0,
      30,
      29,
      6,
      16,
      40,
      13,
      27,
      3,
      36,
      1,
      28,
      38,
      0
    ],
    [
      0,
      37,
      39,
      12,
      7,
      35,
      32,
      23,
      4,
      34,
      31,
      25,
      22,
      26,
      0
    ],
    [
      0,
      11,
      5,
      17,
      14,
      33,
      10,
      18,
      20,
      19,
      24,
      15,
      2,
      8,
      21,
      9,
      0
    ]
  ],
  "metrics_initial": {
    "vehicles_used": 3,
    "total_distance_km": 1722.8400000000004,
    "cost_distance": 1722.8400000000004,
    "cost_time": 1662.61,
    "vehicle_cost": 2700.0,
    "waiting_E": 126.65,
    "horizon_excess_E": 0.0,
    "makespan_E": 589.23,
    "sum_route_time_E": 1662.61,
    "avg_route_time_E": 554.2033333333333
  },
  "metrics_best": {
    "vehicles_used": 3,
    "total_distance_km": 1279.6799999999998,
    "cost_distance": 1279.6799999999998,
    "cost_time": 1494.23,
    "vehicle_cost": 2700.0,
    "waiting_E": 336.31999999999994,
    "horizon_excess_E": 0.0,
    "makespan_E": 542.71,
    "sum_route_time_E": 1494.23,
    "avg_route_time_E": 498.07666666666665
  },
  "metrics_delta": {
    "vehicles_used": 0,
    "total_distance_km": -443.16000000000054,
    "cost_distance": -443.16000000000054,
    "cost_time": -168.37999999999988,
    "vehicle_cost": 0.0,
    "waiting_E": 209.66999999999993,
    "horizon_excess_E": 0.0,
    "makespan_E": -46.51999999999998,
    "sum_route_time_E": -168.37999999999988,
    "avg_route_time_E": -56.12666666666661
  },
  "process": {
    "runtime_seconds": 7.558837890625,
    "epochs": 44,
    "accepted_moves": 3141,
    "improving_moves": 1000,
    "rejected_window_E_moves": 39331,
    "rejected_window_P_moves": 39406,
    "rejected_window_both_moves": 38743
  },
  "trace_improvements": [
    [
      0,
      5965.49
    ],
    [
      16,
      5923.6900000000005
    ],
    [
      18,
      5869.860000000001
    ],
    [
      19,
      5867.6
    ],
    [
      20,
      5815.139999999999
    ],
    [
      23,
      5791.97
    ],
    [
      24,
      5787.82
    ],
    [
      30,
      5747.15
    ],
    [
      31,
      5744.51
    ],
    [
      33,
      5714.72
    ],
    [
      34,
      5708.9
    ],
    [
      35,
      5678.049999999999
    ],
    [
      38,
      5588.900000000001
    ],
    [
      39,
      5547.2
    ],
    [
      40,
      5473.91
    ]
  ]
}