{
  "parameters": {
    "dataset": "app_final_40_tight",
    "t_max": 1000.0,
    "t_min": 10.0,
    "alpha": 0.9,
    "iters_per_T": 1000,
    "neighborhood": "mixed",
    "day_horizon": 600,
    "time_weight": 1.0
  },
  "initial_cost": 9186.7,
  "best_cost": 8618.84,
  "improvement_pct": 0.061813273536743395,
  "best_routes": [
    [
      0,
      20,
      18,
      26,
      16,
      10,
      37,
      23,
      4,
      34,
      0
    ],
    [
      0,
      21,
      5,
      7,
      25,
      13,
      0
    ],
    [
      0,
      30,
      22,
      35,
      3,
      33,
      2,
      31,
      29,
      27,
      38,
      8,
      0
    ],
    [
      0,
      14,
      39,
      24,
      1,
      17,
      28,
      40,
      19,
      0
    ],
    [
      0,
      36,
      9,
      12,
      6,
      32,
      11,
      15,
      0
    ]
  ],
  "metrics_initial": {
    "vehicles_used": 5,
    "total_distance_km": 1991.9199999999998,
    "cost_distance": 1991.9199999999998,
    "cost_time": 2694.78,
    "vehicle_cost": 4500.0,
    "waiting_E": 869.1899999999998,
    "horizon_excess_E": 0.0,
    "makespan_E": 582.24,
    "sum_route_time_E": 2694.78,
    "avg_route_time_E": 538.956
  },
  "metrics_best": {
    "vehicles_used": 5,
    "total_distance_km": 1488.5799999999997,
    "cost_distance": 1488.5799999999997,
    "cost_time": 2630.26,
    "vehicle_cost": 4500.0,
    "waiting_E": 1261.9,
    "horizon_excess_E": 0.0,
    "makespan_E": 593.1800000000001,
    "sum_route_time_E": 2630.26,
    "avg_route_time_E": 526.052
  },
  "metrics_delta": {
    "vehicles_used": 0,
    "total_distance_km": -503.34000000000015,
    "cost_distance": -503.34000000000015,
    "cost_time": -64.51999999999998,
    "vehicle_cost": 0.0,
    "waiting_E": 392.71000000000026,
    "horizon_excess_E": 0.0,
    "makespan_E": 10.940000000000055,
    "sum_route_time_E": -64.51999999999998,
    "avg_route_time_E": -12.903999999999996
  },
  "process": {
    "runtime_seconds": 9.591992616653442,
    "epochs": 44,
    "accepted_moves": 8121,
    "improving_moves": 1030,
    "rejected_window_E_moves": 34811,
    "rejected_window_P_moves": 35020,
    "rejected_window_both_moves": 34572
  },
  "trace_improvements": [
    [
      0,
      9140.71
    ],
    [
      13,
      8968.41
    ],
    [
      28,
      8954.63
    ],
    [
      35,
      8920.77
    ],
    [
      36,
      8719.45
    ],
    [
      37,
      8705.099999999999
    ],
    [
      40,
      8668.93
    ],
    [
      42,
      8621.04
    ],
    [
      43,
      8618.84
    ]
  ]
}