{
  "parameters": {
    "dataset": "app_final_40_tight",
    "t_max": 1000.0,
    "t_min": 10.0,
    "alpha": 0.9,
    "iters_per_T": 1000,
    "neighborhood": "swap",
    "day_horizon": 600,
    "time_weight": 1.0
  },
  "initial_cost": 9186.7,
  "best_cost": 8890.68,
  "improvement_pct": 0.03222266972906489,
  "best_routes": [
    [
      0,
      30,
      22,
      35,
      3,
      9,
      33,
      31,
      2,
      10,
      26,
      25,
      7,
      15,
      8,
      13,
      0
    ],
    [
      0,
      21,
      14,
      24,
      1,
      6,
      32,
      17,
      23,
      34,
      38,
      0
    ],
    [
      0,
      20,
      12,
      37,
      39,
      40,
      28,
      4,
      19,
      0
    ],
    [
      0,
      36,
      16,
      18,
      29,
      27,
      0
    ],
    [
      0,
      5,
      11,
      0
    ]
  ],
  "metrics_initial": {
    "vehicles_used": 5,
    "total_distance_km": 1991.9199999999998,
    "cost_distance": 1991.9199999999998,
    "cost_time": 2694.78,
    "vehicle_cost": 4500.0,
    "waiting_E": 869.1899999999998,
    "horizon_excess_E": 0.0,
    "makespan_E": 582.24,
    "sum_route_time_E": 2694.78,
    "avg_route_time_E": 538.956
  },
  "metrics_best": {
    "vehicles_used": 5,
    "total_distance_km": 1745.3600000000004,
    "cost_distance": 1745.3600000000004,
    "cost_time": 2645.32,
    "vehicle_cost": 4500.0,
    "waiting_E": 1062.7400000000002,
    "horizon_excess_E": 0.0,
    "makespan_E": 596.89,
    "sum_route_time_E": 2645.32,
    "avg_route_time_E": 529.0640000000001
  },
  "metrics_delta": {
    "vehicles_used": 0,
    "total_distance_km": -246.5599999999995,
    "cost_distance": -246.5599999999995,
    "cost_time": -49.460000000000036,
    "vehicle_cost": 0.0,
    "waiting_E": 193.5500000000004,
    "horizon_excess_E": 0.0,
    "makespan_E": 14.649999999999977,
    "sum_route_time_E": -49.460000000000036,
    "avg_route_time_E": -9.891999999999939
  },
  "process": {
    "runtime_seconds": 8.020687580108643,
    "epochs": 44,
    "accepted_moves": 1103,
    "improving_moves": 556,
    "rejected_window_E_moves": 42279,
    "rejected_window_P_moves": 42437,
    "rejected_window_both_moves": 42014
  },
  "trace_improvements": [
    [
      0,
      9084.89
    ],
    [
      7,
      9029.39
    ],
    [
      14,
      8911.18
    ],
    [
      40,
      8902.59
    ],
    [
      41,
      8890.68
    ]
  ]
}