{
  "parameters": {
    "dataset": "app_final_120_very_loose",
    "t_max": 1000.0,
    "t_min": 10.0,
    "alpha": 0.9,
    "iters_per_T": 1000,
    "neighborhood": "relocate",
    "day_horizon": 600,
    "time_weight": 1.0
  },
  "initial_cost": 9577.64,
  "best_cost": 9525.67,
  "improvement_pct": 0.005426180144586699,
  "best_routes": [
    [
      0,
      83,
      35,
      67,
      82,
      34,
      26,
      36,
      84,
      102,
      31,
      13,
      62,
      23,
      37,
      27,
      95,
      65,
      105,
      118,
      114,
      32,
      61,
      108,
      107,
      0
    ],
    [
      0,
      116,
      112,
      115,
      7,
      117,
      66,
      111,
      100,
      41,
      12,
      80,
      120,
      75,
      90,
      51,
      8,
      113,
      48,
      54,
      6,
      77,
      19,
      44,
      110,
      2,
      85,
      57,
      16,
      52,
      0
    ],
    [
      0,
      119,
      104,
      92,
      15,
      10,
      64,
      96,
      71,
      68,
      97,
      72,
      58,
      43,
      22,
      55,
      50,
      39,
      38,
      98,
      46,
      47,
      9,
      53,
      29,
      40,
      0
    ],
    [
      0,
      89,
      17,
      56,
      4,
      30,
      73,
      109,
      94,
      28,
      49,
      25,
      11,
      59,
      86,
      106,
      78,
      91,
      79,
      0
    ],
    [
      0,
      5,
      81,
      60,
      18,
      3,
      70,
      101,
      33,
      103,
      1,
      99,
      63,
      88,
      69,
      74,
      20,
      76,
      93,
      14,
      45,
      24,
      87,
      21,
      42,
      0
    ]
  ],
  "metrics_initial": {
    "vehicles_used": 5,
    "total_distance_km": 2635.55,
    "cost_distance": 2635.55,
    "cost_time": 2442.09,
    "vehicle_cost": 4500.0,
    "waiting_E": 92.49000000000004,
    "horizon_excess_E": 0.0,
    "makespan_E": 595.2700000000001,
    "sum_route_time_E": 2442.09,
    "avg_route_time_E": 488.418
  },
  "metrics_best": {
    "vehicles_used": 5,
    "total_distance_km": 2607.5799999999995,
    "cost_distance": 2607.5799999999995,
    "cost_time": 2418.09,
    "vehicle_cost": 4500.0,
    "waiting_E": 104.92999999999998,
    "horizon_excess_E": 0.0,
    "makespan_E": 549.7300000000001,
    "sum_route_time_E": 2418.09,
    "avg_route_time_E": 483.61800000000005
  },
  "metrics_delta": {
    "vehicles_used": 0,
    "total_distance_km": -27.97000000000071,
    "cost_distance": -27.97000000000071,
    "cost_time": -24.0,
    "vehicle_cost": 0.0,
    "waiting_E": 12.43999999999994,
    "horizon_excess_E": 0.0,
    "makespan_E": -45.539999999999964,
    "sum_route_time_E": -24.0,
    "avg_route_time_E": -4.7999999999999545
  },
  "process": {
    "runtime_seconds": 18.60324263572693,
    "epochs": 44,
    "accepted_moves": 2152,
    "improving_moves": 899,
    "rejected_window_E_moves": 40423,
    "rejected_window_P_moves": 39855,
    "rejected_window_both_moves": 39176
  },
  "trace_improvements": [
    [
      0,
      9566.17
    ],
    [
      43,
      9525.67
    ]
  ]
}