{
  "parameters": {
    "dataset": "app_final_120_medium",
    "t_max": 1000.0,
    "t_min": 10.0,
    "alpha": 0.9,
    "iters_per_T": 1000,
    "neighborhood": "mixed",
    "day_horizon": 600,
    "time_weight": 1.0
  },
  "initial_cost": 13892.869999999999,
  "best_cost": 12971.499999999998,
  "improvement_pct": 0.06631963014121639,
  "best_routes": [
    [
      0,
      73,
      21,
      31,
      62,
      47,
      35,
      104,
      0
    ],
    [
      0,
      78,
      51,
      5,
      70,
      111,
      9,
      15,
      83,
      6,
      118,
      4,
      30,
      80,
      119,
      67,
      0
    ],
    [
      0,
      43,
      96,
      105,
      2,
      90,
      82,
      56,
      28,
      60,
      100,
      109,
      37,
      12,
      79,
      110,
      63,
      72,
      14,
      11,
      69,
      113,
      116,
      55,
      0
    ],
    [
      0,
      117,
      54,
      87,
      114,
      71,
      102,
      26,
      97,
      59,
      98,
      20,
      81,
      46,
      101,
      24,
      75,
      27,
      18,
      0
    ],
    [
      0,
      10,
      53,
      74,
      48,
      50,
      108,
      3,
      8,
      13,
      7,
      32,
      115,
      84,
      1,
      120,
      93,
      89,
      65,
      0
    ],
    [
      0,
      45,
      52,
      64,
      40,
      92,
      36,
      66,
      61,
      33,
      95,
      16,
      99,
      94,
      107,
      39,
      41,
      103,
      0
    ],
    [
      0,
      29,
      106,
      25,
      88,
      19,
      58,
      112,
      42,
      77,
      57,
      38,
      17,
      91,
      85,
      34,
      68,
      22,
      23,
      86,
      44,
      49,
      76,
      0
    ]
  ],
  "metrics_initial": {
    "vehicles_used": 7,
    "total_distance_km": 3814.1899999999996,
    "cost_distance": 3814.1899999999996,
    "cost_time": 3778.6800000000003,
    "vehicle_cost": 6300.0,
    "waiting_E": 367.19000000000005,
    "horizon_excess_E": 0.0,
    "makespan_E": 585.98,
    "sum_route_time_E": 3778.6800000000003,
    "avg_route_time_E": 539.8114285714286
  },
  "metrics_best": {
    "vehicles_used": 7,
    "total_distance_km": 3157.1799999999985,
    "cost_distance": 3157.1799999999985,
    "cost_time": 3514.32,
    "vehicle_cost": 6300.0,
    "waiting_E": 651.54,
    "horizon_excess_E": 0.0,
    "makespan_E": 591.64,
    "sum_route_time_E": 3514.32,
    "avg_route_time_E": 502.0457142857143
  },
  "metrics_delta": {
    "vehicles_used": 0,
    "total_distance_km": -657.0100000000011,
    "cost_distance": -657.0100000000011,
    "cost_time": -264.3600000000001,
    "vehicle_cost": 0.0,
    "waiting_E": 284.3499999999999,
    "horizon_excess_E": 0.0,
    "makespan_E": 5.659999999999968,
    "sum_route_time_E": -264.3600000000001,
    "avg_route_time_E": -37.76571428571424
  },
  "process": {
    "runtime_seconds": 22.57340097427368,
    "epochs": 44,
    "accepted_moves": 5204,
    "improving_moves": 1013,
    "rejected_window_E_moves": 37594,
    "rejected_window_P_moves": 37685,
    "rejected_window_both_moves": 37093
  },
  "trace_improvements": [
    [
      0,
      13892.869999999999
    ],
    [
      32,
      13891.289999999997
    ],
    [
      33,
      13685.810000000001
    ],
    [
      34,
      13567.14
    ],
    [
      35,
      13540.92
    ],
    [
      36,
      13452.45
    ],
    [
      37,
      13444.900000000001
    ],
    [
      38,
      13332.669999999998
    ],
    [
      40,
      13269.19
    ],
    [
      41,
      13114.65
    ],
    [
      42,
      13087.46
    ],
    [
      43,
      12971.499999999998
    ]
  ]
}