{
  "parameters": {
    "dataset": "app_final_80_very_loose",
    "t_max": 1000.0,
    "t_min": 10.0,
    "alpha": 0.9,
    "iters_per_T": 1000,
    "neighborhood": "relocate",
    "day_horizon": 600,
    "time_weight": 1.0
  },
  "initial_cost": 6154.709999999999,
  "best_cost": 5869.66,
  "improvement_pct": 0.046314123654891834,
  "best_routes": [
    [
      0,
      50,
      37,
      71,
      42,
      59,
      61,
      34,
      60,
      78,
      51,
      56,
      18,
      13,
      58,
      41,
      21,
      73,
      80,
      53,
      38,
      0
    ],
    [
      0,
      40,
      5,
      63,
      70,
      31,
      27,
      19,
      28,
      20,
      16,
      55,
      39,
      23,
      33,
      14,
      66,
      54,
      45,
      2,
      48,
      68,
      62,
      75,
      15,
      74,
      43,
      4,
      49,
      22,
      57,
      64,
      79,
      77,
      69,
      9,
      10,
      0
    ],
    [
      0,
      11,
      3,
      47,
      35,
      25,
      52,
      44,
      36,
      65,
      24,
      7,
      26,
      1,
      29,
      46,
      17,
      30,
      12,
      8,
      67,
      32,
      76,
      72,
      6,
      0
    ]
  ],
  "metrics_initial": {
    "vehicles_used": 3,
    "total_distance_km": 1864.99,
    "cost_distance": 1864.99,
    "cost_time": 1589.7199999999998,
    "vehicle_cost": 2700.0,
    "waiting_E": 20.30000000000001,
    "horizon_excess_E": 0.0,
    "makespan_E": 596.4899999999999,
    "sum_route_time_E": 1589.7199999999998,
    "avg_route_time_E": 529.9066666666666
  },
  "metrics_best": {
    "vehicles_used": 3,
    "total_distance_km": 1640.3099999999997,
    "cost_distance": 1640.3099999999997,
    "cost_time": 1529.35,
    "vehicle_cost": 2700.0,
    "waiting_E": 107.19999999999992,
    "horizon_excess_E": 0.0,
    "makespan_E": 564.1799999999998,
    "sum_route_time_E": 1529.35,
    "avg_route_time_E": 509.7833333333333
  },
  "metrics_delta": {
    "vehicles_used": 0,
    "total_distance_km": -224.6800000000003,
    "cost_distance": -224.6800000000003,
    "cost_time": -60.36999999999989,
    "vehicle_cost": 0.0,
    "waiting_E": 86.8999999999999,
    "horizon_excess_E": 0.0,
    "makespan_E": -32.31000000000006,
    "sum_route_time_E": -60.36999999999989,
    "avg_route_time_E": -20.123333333333335
  },
  "process": {
    "runtime_seconds": 14.076916456222534,
    "epochs": 44,
    "accepted_moves": 2104,
    "improving_moves": 768,
    "rejected_window_E_moves": 40881,
    "rejected_window_P_moves": 40678,
    "rejected_window_both_moves": 40094
  },
  "trace_improvements": [
    [
      0,
      6154.709999999999
    ],
    [
      32,
      6130.32
    ],
    [
      33,
      6065.0599999999995
    ],
    [
      41,
      6005.91
    ],
    [
      42,
      5956.01
    ],
    [
      43,
      5869.66
    ]
  ]
}