{
  "parameters": {
    "dataset": "app_final_20_very_loose",
    "t_max": 1000.0,
    "t_min": 10.0,
    "alpha": 0.9,
    "iters_per_T": 1000,
    "neighborhood": "mixed",
    "day_horizon": 600,
    "time_weight": 1.0
  },
  "initial_cost": 3222.19,
  "best_cost": 3078.2299999999996,
  "improvement_pct": 0.04467768815619206,
  "best_routes": [
    [
      0,
      9,
      2,
      4,
      3,
      18,
      5,
      1,
      8,
      14,
      16,
      0
    ],
    [
      0,
      10,
      20,
      11,
      17,
      7,
      13,
      19,
      12,
      6,
      15,
      0
    ]
  ],
  "metrics_initial": {
    "vehicles_used": 2,
    "total_distance_km": 649.4700000000001,
    "cost_distance": 649.4700000000001,
    "cost_time": 772.7199999999999,
    "vehicle_cost": 1800.0,
    "waiting_E": 192.59,
    "horizon_excess_E": 0.0,
    "makespan_E": 413.61999999999995,
    "sum_route_time_E": 772.7199999999999,
    "avg_route_time_E": 386.35999999999996
  },
  "metrics_best": {
    "vehicles_used": 2,
    "total_distance_km": 583.99,
    "cost_distance": 583.99,
    "cost_time": 694.24,
    "vehicle_cost": 1800.0,
    "waiting_E": 153.81000000000003,
    "horizon_excess_E": 0.0,
    "makespan_E": 359.09999999999997,
    "sum_route_time_E": 694.24,
    "avg_route_time_E": 347.12
  },
  "metrics_delta": {
    "vehicles_used": 0,
    "total_distance_km": -65.48000000000013,
    "cost_distance": -65.48000000000013,
    "cost_time": -78.4799999999999,
    "vehicle_cost": 0.0,
    "waiting_E": -38.77999999999997,
    "horizon_excess_E": 0.0,
    "makespan_E": -54.51999999999998,
    "sum_route_time_E": -78.4799999999999,
    "avg_route_time_E": -39.23999999999995
  },
  "process": {
    "runtime_seconds": 5.784878730773926,
    "epochs": 44,
    "accepted_moves": 13003,
    "improving_moves": 3787,
    "rejected_window_E_moves": 23917,
    "rejected_window_P_moves": 24896,
    "rejected_window_both_moves": 23312
  },
  "trace_improvements": [
    [
      0,
      3222.19
    ],
    [
      29,
      3117.9400000000005
    ],
    [
      34,
      3114.0200000000004
    ],
    [
      35,
      3092.5800000000004
    ],
    [
      39,
      3079.7200000000003
    ],
    [
      42,
      3078.2299999999996
    ]
  ]
}