{
  "parameters": {
    "dataset": "app_final_120_tight",
    "t_max": 1000.0,
    "t_min": 10.0,
    "alpha": 0.9,
    "iters_per_T": 1000,
    "neighborhood": "mixed",
    "day_horizon": 600,
    "time_weight": 1.0
  },
  "initial_cost": 15820.490000000003,
  "best_cost": 14983.750000000002,
  "improvement_pct": 0.05288963869007859,
  "best_routes": [
    [
      0,
      11,
      64,
      29,
      92,
      26,
      47,
      20,
      112,
      115,
      19,
      37,
      96,
      12,
      7,
      0
    ],
    [
      0,
      67,
      53,
      91,
      48,
      56,
      45,
      54,
      13,
      8,
      103,
      44,
      15,
      119,
      89,
      94,
      0
    ],
    [
      0,
      68,
      109,
      78,
      21,
      71,
      80,
      116,
      111,
      10,
      110,
      0
    ],
    [
      0,
      74,
      69,
      60,
      113,
      66,
      106,
      97,
      24,
      9,
      23,
      120,
      83,
      5,
      98,
      46,
      0
    ],
    [
      0,
      41,
      76,
      93,
      70,
      79,
      3,
      43,
      87,
      73,
      49,
      100,
      16,
      27,
      57,
      39,
      77,
      117,
      90,
      84,
      0
    ],
    [
      0,
      32,
      118,
      61,
      88,
      14,
      62,
      108,
      28,
      72,
      4,
      105,
      52,
      81,
      101,
      22,
      42,
      95,
      6,
      0
    ],
    [
      0,
      85,
      38,
      102,
      18,
      36,
      104,
      75,
      107,
      86,
      114,
      65,
      99,
      63,
      55,
      50,
      35,
      58,
      31,
      0
    ],
    [
      0,
      59,
      82,
      51,
      25,
      33,
      1,
      40,
      30,
      34,
      17,
      2,
      0
    ]
  ],
  "metrics_initial": {
    "vehicles_used": 8,
    "total_distance_km": 4535.980000000002,
    "cost_distance": 4535.980000000002,
    "cost_time": 4084.5100000000007,
    "vehicle_cost": 7200.0,
    "waiting_E": 389.52,
    "horizon_excess_E": 0.0,
    "makespan_E": 599.3900000000001,
    "sum_route_time_E": 4084.5100000000007,
    "avg_route_time_E": 510.5637500000001
  },
  "metrics_best": {
    "vehicles_used": 8,
    "total_distance_km": 3820.7900000000013,
    "cost_distance": 3820.7900000000013,
    "cost_time": 3962.9600000000005,
    "vehicle_cost": 7200.0,
    "waiting_E": 789.74,
    "horizon_excess_E": 0.0,
    "makespan_E": 587.9200000000001,
    "sum_route_time_E": 3962.9600000000005,
    "avg_route_time_E": 495.37000000000006
  },
  "metrics_delta": {
    "vehicles_used": 0,
    "total_distance_km": -715.190000000001,
    "cost_distance": -715.190000000001,
    "cost_time": -121.55000000000018,
    "vehicle_cost": 0.0,
    "waiting_E": 400.22,
    "horizon_excess_E": 0.0,
    "makespan_E": -11.470000000000027,
    "sum_route_time_E": -121.55000000000018,
    "avg_route_time_E": -15.193750000000023
  },
  "process": {
    "runtime_seconds": 21.768900632858276,
    "epochs": 44,
    "accepted_moves": 5112,
    "improving_moves": 727,
    "rejected_window_E_moves": 38180,
    "rejected_window_P_moves": 38481,
    "rejected_window_both_moves": 38099
  },
  "trace_improvements": [
    [
      0,
      15820.490000000003
    ],
    [
      22,
      15793.04
    ],
    [
      23,
      15692.3
    ],
    [
      26,
      15555.490000000002
    ],
    [
      32,
      15493.460000000001
    ],
    [
      33,
      15428.02
    ],
    [
      34,
      15349.03
    ],
    [
      37,
      15310.530000000002
    ],
    [
      38,
      15287.650000000005
    ],
    [
      39,
      15182.710000000003
    ],
    [
      41,
      15107.53
    ],
    [
      42,
      15027.050000000003
    ],
    [
      43,
      14983.750000000002
    ]
  ]
}