{
  "parameters": {
    "dataset": "app_final_200_very_loose",
    "t_max": 1000.0,
    "t_min": 10.0,
    "alpha": 0.9,
    "iters_per_T": 1000,
    "neighborhood": "swap",
    "day_horizon": 600,
    "time_weight": 1.0
  },
  "initial_cost": 12312.64,
  "best_cost": 12158.409999999998,
  "improvement_pct": 0.01252615198690138,
  "best_routes": [
    [
      0,
      137,
      187,
      150,
      117,
      163,
      197,
      166,
      199,
      68,
      194,
      159,
      25,
      198,
      65,
      50,
      126,
      149,
      5,
      77,
      168,
      69,
      59,
      110,
      47,
      85,
      19,
      135,
      45,
      61,
      167,
      78,
      115,
      31,
      4,
      56,
      55,
      24,
      99,
      153,
      138,
      165,
      184,
      49,
      18,
      53,
      188,
      30,
      100,
      81,
      161,
      36,
      102,
      0
    ],
    [
      0,
      93,
      107,
      26,
      29,
      63,
      147,
      98,
      28,
      176,
      192,
      173,
      54,
      134,
      122,
      190,
      175,
      101,
      119,
      116,
      185,
      160,
      34,
      144,
      10,
      125,
      88,
      143,
      112,
      57,
      3,
      64,
      121,
      105,
      82,
      73,
      139,
      177,
      92,
      90,
      58,
      80,
      180,
      0
    ],
    [
      0,
      155,
      128,
      182,
      22,
      84,
      52,
      183,
      94,
      76,
      114,
      37,
      11,
      131,
      32,
      132,
      156,
      127,
      123,
      186,
      14,
      46,
      67,
      15,
      71,
      154,
      72,
      96,
      141,
      191,
      171,
      103,
      89,
      66,
      1,
      109,
      158,
      41,
      44,
      86,
      39,
      83,
      0
    ],
    [
      0,
      16,
      162,
      48,
      179,
      91,
      79,
      172,
      2,
      111,
      120,
      129,
      164,
      196,
      136,
      23,
      33,
      113,
      169,
      178,
      124,
      74,
      140,
      130,
      6,
      13,
      142,
      145,
      12,
      152,
      62,
      104,
      43,
      60,
      151,
      70,
      181,
      17,
      8,
      35,
      0
    ],
    [
      0,
      170,
      27,
      40,
      133,
      97,
      174,
      42,
      51,
      195,
      38,
      75,
      189,
      148,
      87,
      20,
      108,
      118,
      106,
      95,
      146,
      21,
      9,
      0
    ],
    [
      0,
      7,
      157,
      200,
      193,
      0
    ]
  ],
  "metrics_initial": {
    "vehicles_used": 6,
    "total_distance_km": 3653.0499999999993,
    "cost_distance": 3653.0499999999993,
    "cost_time": 3259.59,
    "vehicle_cost": 5400.0,
    "waiting_E": 244.29000000000002,
    "horizon_excess_E": 0.0,
    "makespan_E": 598.4,
    "sum_route_time_E": 3259.59,
    "avg_route_time_E": 543.265
  },
  "metrics_best": {
    "vehicles_used": 6,
    "total_distance_km": 3520.509999999998,
    "cost_distance": 3520.509999999998,
    "cost_time": 3237.8999999999996,
    "vehicle_cost": 5400.0,
    "waiting_E": 337.52,
    "horizon_excess_E": 0.0,
    "makespan_E": 595.9699999999999,
    "sum_route_time_E": 3237.8999999999996,
    "avg_route_time_E": 539.65
  },
  "metrics_delta": {
    "vehicles_used": 0,
    "total_distance_km": -132.54000000000133,
    "cost_distance": -132.54000000000133,
    "cost_time": -21.69000000000051,
    "vehicle_cost": 0.0,
    "waiting_E": 93.22999999999996,
    "horizon_excess_E": 0.0,
    "makespan_E": -2.4300000000000637,
    "sum_route_time_E": -21.69000000000051,
    "avg_route_time_E": -3.615000000000009
  },
  "process": {
    "runtime_seconds": 27.47644019126892,
    "epochs": 44,
    "accepted_moves": 283,
    "improving_moves": 137,
    "rejected_window_E_moves": 43596,
    "rejected_window_P_moves": 43415,
    "rejected_window_both_moves": 43271
  },
  "trace_improvements": [
    [
      0,
      12312.64
    ],
    [
      37,
      12296.699999999997
    ],
    [
      38,
      12286.669999999998
    ],
    [
      39,
      12279.459999999997
    ],
    [
      41,
      12196.539999999997
    ],
    [
      42,
      12169.169999999998
    ],
    [
      43,
      12158.409999999998
    ]
  ]
}