{
  "parameters": {
    "dataset": "app_final_80_tight",
    "t_max": 1000.0,
    "t_min": 10.0,
    "alpha": 0.9,
    "iters_per_T": 1000,
    "neighborhood": "mixed",
    "day_horizon": 600,
    "time_weight": 1.0
  },
  "initial_cost": 11626.3,
  "best_cost": 11100.14,
  "improvement_pct": 0.04525601438118747,
  "best_routes": [
    [
      0,
      34,
      6,
      33,
      62,
      40,
      13,
      43,
      35,
      52,
      74,
      39,
      64,
      27,
      80,
      0
    ],
    [
      0,
      50,
      45,
      18,
      48,
      3,
      67,
      63,
      1,
      76,
      0
    ],
    [
      0,
      21,
      4,
      31,
      73,
      5,
      7,
      60,
      77,
      57,
      9,
      65,
      0
    ],
    [
      0,
      36,
      26,
      66,
      14,
      55,
      22,
      10,
      68,
      41,
      46,
      30,
      71,
      44,
      47,
      53,
      0
    ],
    [
      0,
      17,
      15,
      56,
      23,
      16,
      79,
      42,
      24,
      58,
      25,
      78,
      75,
      37,
      69,
      70,
      0
    ],
    [
      0,
      20,
      28,
      2,
      72,
      54,
      29,
      51,
      8,
      59,
      61,
      49,
      11,
      12,
      32,
      19,
      38,
      0
    ]
  ],
  "metrics_initial": {
    "vehicles_used": 6,
    "total_distance_km": 2998.07,
    "cost_distance": 2998.07,
    "cost_time": 3228.2300000000005,
    "vehicle_cost": 5400.0,
    "waiting_E": 485.42,
    "horizon_excess_E": 0.0,
    "makespan_E": 597.35,
    "sum_route_time_E": 3228.2300000000005,
    "avg_route_time_E": 538.0383333333334
  },
  "metrics_best": {
    "vehicles_used": 6,
    "total_distance_km": 2561.2099999999996,
    "cost_distance": 2561.2099999999996,
    "cost_time": 3138.93,
    "vehicle_cost": 5400.0,
    "waiting_E": 769.73,
    "horizon_excess_E": 0.0,
    "makespan_E": 595.34,
    "sum_route_time_E": 3138.93,
    "avg_route_time_E": 523.155
  },
  "metrics_delta": {
    "vehicles_used": 0,
    "total_distance_km": -436.8600000000006,
    "cost_distance": -436.8600000000006,
    "cost_time": -89.30000000000064,
    "vehicle_cost": 0.0,
    "waiting_E": 284.31,
    "horizon_excess_E": 0.0,
    "makespan_E": -2.009999999999991,
    "sum_route_time_E": -89.30000000000064,
    "avg_route_time_E": -14.88333333333344
  },
  "process": {
    "runtime_seconds": 18.19846224784851,
    "epochs": 44,
    "accepted_moves": 5282,
    "improving_moves": 594,
    "rejected_window_E_moves": 38043,
    "rejected_window_P_moves": 38317,
    "rejected_window_both_moves": 37888
  },
  "trace_improvements": [
    [
      0,
      11602.140000000001
    ],
    [
      25,
      11594.14
    ],
    [
      26,
      11529.84
    ],
    [
      29,
      11480.170000000002
    ],
    [
      30,
      11425.420000000002
    ],
    [
      32,
      11395.55
    ],
    [
      33,
      11291.69
    ],
    [
      35,
      11201.94
    ],
    [
      37,
      11195.6
    ],
    [
      38,
      11166.66
    ],
    [
      40,
      11104.18
    ],
    [
      43,
      11100.14
    ]
  ]
}