{
  "parameters": {
    "dataset": "app_final_20_medium",
    "t_max": 1000.0,
    "t_min": 10.0,
    "alpha": 0.9,
    "iters_per_T": 1000,
    "neighborhood": "swap",
    "day_horizon": 600,
    "time_weight": 1.0
  },
  "initial_cost": 3758.7000000000003,
  "best_cost": 3638.4299999999994,
  "improvement_pct": 0.031997765184771564,
  "best_routes": [
    [
      0,
      15,
      17,
      13,
      1,
      11,
      20,
      9,
      10,
      16,
      8,
      6,
      19,
      18,
      12,
      14,
      4,
      0
    ],
    [
      0,
      5,
      3,
      2,
      7,
      0
    ]
  ],
  "metrics_initial": {
    "vehicles_used": 2,
    "total_distance_km": 917.1800000000001,
    "cost_distance": 917.1800000000001,
    "cost_time": 1041.52,
    "vehicle_cost": 1800.0,
    "waiting_E": 211.95,
    "horizon_excess_E": 0.0,
    "makespan_E": 585.08,
    "sum_route_time_E": 1041.52,
    "avg_route_time_E": 520.76
  },
  "metrics_best": {
    "vehicles_used": 2,
    "total_distance_km": 795.53,
    "cost_distance": 795.53,
    "cost_time": 1042.8999999999999,
    "vehicle_cost": 1800.0,
    "waiting_E": 320.22,
    "horizon_excess_E": 0.0,
    "makespan_E": 562.9499999999999,
    "sum_route_time_E": 1042.8999999999999,
    "avg_route_time_E": 521.4499999999999
  },
  "metrics_delta": {
    "vehicles_used": 0,
    "total_distance_km": -121.65000000000009,
    "cost_distance": -121.65000000000009,
    "cost_time": 1.3799999999998818,
    "vehicle_cost": 0.0,
    "waiting_E": 108.27000000000004,
    "horizon_excess_E": 0.0,
    "makespan_E": -22.13000000000011,
    "sum_route_time_E": 1.3799999999998818,
    "avg_route_time_E": 0.6899999999999409
  },
  "process": {
    "runtime_seconds": 4.298574209213257,
    "epochs": 44,
    "accepted_moves": 1923,
    "improving_moves": 971,
    "rejected_window_E_moves": 41126,
    "rejected_window_P_moves": 40697,
    "rejected_window_both_moves": 40131
  },
  "trace_improvements": [
    [
      0,
      3641.5200000000004
    ],
    [
      1,
      3638.5099999999998
    ],
    [
      36,
      3638.4299999999994
    ]
  ]
}