{
  "parameters": {
    "dataset": "app_final_20_tight",
    "t_max": 1000.0,
    "t_min": 10.0,
    "alpha": 0.9,
    "iters_per_T": 1000,
    "neighborhood": "swap",
    "day_horizon": 600,
    "time_weight": 1.0
  },
  "initial_cost": 5722.25,
  "best_cost": 5131.27,
  "improvement_pct": 0.10327755690506349,
  "best_routes": [
    [
      0,
      8,
      15,
      20,
      17,
      11,
      12,
      4,
      18,
      9,
      0
    ],
    [
      0,
      2,
      5,
      10,
      19,
      3,
      14,
      0
    ],
    [
      0,
      1,
      16,
      13,
      7,
      6,
      0
    ]
  ],
  "metrics_initial": {
    "vehicles_used": 3,
    "total_distance_km": 1291.25,
    "cost_distance": 1291.25,
    "cost_time": 1731.0000000000002,
    "vehicle_cost": 2700.0,
    "waiting_E": 578.6700000000001,
    "horizon_excess_E": 0.0,
    "makespan_E": 596.1400000000001,
    "sum_route_time_E": 1731.0000000000002,
    "avg_route_time_E": 577.0000000000001
  },
  "metrics_best": {
    "vehicles_used": 3,
    "total_distance_km": 882.6899999999999,
    "cost_distance": 882.6899999999999,
    "cost_time": 1548.58,
    "vehicle_cost": 2700.0,
    "waiting_E": 753.08,
    "horizon_excess_E": 0.0,
    "makespan_E": 589.46,
    "sum_route_time_E": 1548.58,
    "avg_route_time_E": 516.1933333333333
  },
  "metrics_delta": {
    "vehicles_used": 0,
    "total_distance_km": -408.56000000000006,
    "cost_distance": -408.56000000000006,
    "cost_time": -182.4200000000003,
    "vehicle_cost": 0.0,
    "waiting_E": 174.40999999999997,
    "horizon_excess_E": 0.0,
    "makespan_E": -6.680000000000064,
    "sum_route_time_E": -182.4200000000003,
    "avg_route_time_E": -60.80666666666684
  },
  "process": {
    "runtime_seconds": 5.153820276260376,
    "epochs": 44,
    "accepted_moves": 2246,
    "improving_moves": 1129,
    "rejected_window_E_moves": 39909,
    "rejected_window_P_moves": 40828,
    "rejected_window_both_moves": 39685
  },
  "trace_improvements": [
    [
      0,
      5355.32
    ],
    [
      1,
      5322.49
    ],
    [
      2,
      5321.7300000000005
    ],
    [
      9,
      5282.66
    ],
    [
      10,
      5278.93
    ],
    [
      11,
      5131.27
    ]
  ]
}