{
  "parameters": {
    "dataset": "app_final_120_tight",
    "t_max": 1000.0,
    "t_min": 10.0,
    "alpha": 0.9,
    "iters_per_T": 1000,
    "neighborhood": "swap",
    "day_horizon": 600,
    "time_weight": 1.0
  },
  "initial_cost": 15820.490000000003,
  "best_cost": 14792.429999999998,
  "improvement_pct": 0.06498281658785567,
  "best_routes": [
    [
      0,
      11,
      14,
      92,
      29,
      102,
      62,
      60,
      73,
      20,
      13,
      30,
      27,
      28,
      66,
      7,
      106,
      77,
      12,
      101,
      22,
      42,
      117,
      94,
      0
    ],
    [
      0,
      59,
      82,
      18,
      48,
      109,
      104,
      33,
      1,
      75,
      37,
      112,
      47,
      87,
      16,
      10,
      99,
      97,
      9,
      23,
      44,
      31,
      0
    ],
    [
      0,
      85,
      67,
      53,
      91,
      56,
      86,
      8,
      111,
      57,
      110,
      15,
      58,
      35,
      0
    ],
    [
      0,
      74,
      69,
      108,
      43,
      100,
      49,
      116,
      17,
      34,
      2,
      103,
      120,
      83,
      5,
      98,
      119,
      46,
      0
    ],
    [
      0,
      41,
      93,
      79,
      70,
      76,
      88,
      19,
      115,
      107,
      114,
      65,
      39,
      24,
      90,
      84,
      89,
      0
    ],
    [
      0,
      25,
      118,
      61,
      68,
      36,
      45,
      21,
      4,
      72,
      105,
      52,
      63,
      55,
      50,
      95,
      6,
      0
    ],
    [
      0,
      32,
      78,
      71,
      51,
      54,
      40,
      96,
      81,
      0
    ],
    [
      0,
      38,
      26,
      64,
      3,
      113,
      80,
      0
    ]
  ],
  "metrics_initial": {
    "vehicles_used": 8,
    "total_distance_km": 4535.980000000002,
    "cost_distance": 4535.980000000002,
    "cost_time": 4084.5100000000007,
    "vehicle_cost": 7200.0,
    "waiting_E": 389.52,
    "horizon_excess_E": 0.0,
    "makespan_E": 599.3900000000001,
    "sum_route_time_E": 4084.5100000000007,
    "avg_route_time_E": 510.5637500000001
  },
  "metrics_best": {
    "vehicles_used": 8,
    "total_distance_km": 3731.1199999999994,
    "cost_distance": 3731.1199999999994,
    "cost_time": 3861.31,
    "vehicle_cost": 7200.0,
    "waiting_E": 811.3,
    "horizon_excess_E": 0.0,
    "makespan_E": 593.9300000000001,
    "sum_route_time_E": 3861.31,
    "avg_route_time_E": 482.66375
  },
  "metrics_delta": {
    "vehicles_used": 0,
    "total_distance_km": -804.8600000000029,
    "cost_distance": -804.8600000000029,
    "cost_time": -223.20000000000073,
    "vehicle_cost": 0.0,
    "waiting_E": 421.78,
    "horizon_excess_E": 0.0,
    "makespan_E": -5.460000000000036,
    "sum_route_time_E": -223.20000000000073,
    "avg_route_time_E": -27.90000000000009
  },
  "process": {
    "runtime_seconds": 20.095752954483032,
    "epochs": 44,
    "accepted_moves": 597,
    "improving_moves": 312,
    "rejected_window_E_moves": 42949,
    "rejected_window_P_moves": 43122,
    "rejected_window_both_moves": 42809
  },
  "trace_improvements": [
    [
      0,
      15494.940000000002
    ],
    [
      6,
      15437.62
    ],
    [
      7,
      15338.26
    ],
    [
      8,
      15280.180000000002
    ],
    [
      9,
      15267.92
    ],
    [
      34,
      15105.550000000003
    ],
    [
      35,
      15070.180000000002
    ],
    [
      40,
      15045.050000000001
    ],
    [
      41,
      14896.270000000002
    ],
    [
      42,
      14885.830000000002
    ],
    [
      43,
      14792.429999999998
    ]
  ]
}