{
  "parameters": {
    "dataset": "app_final_80_very_loose",
    "t_max": 1000.0,
    "t_min": 10.0,
    "alpha": 0.9,
    "iters_per_T": 1000,
    "neighborhood": "mixed",
    "day_horizon": 600,
    "time_weight": 1.0
  },
  "initial_cost": 6154.709999999999,
  "best_cost": 5830.98,
  "improvement_pct": 0.05259874145166866,
  "best_routes": [
    [
      0,
      40,
      3,
      25,
      37,
      24,
      71,
      58,
      34,
      33,
      61,
      60,
      29,
      1,
      77,
      79,
      80,
      73,
      65,
      8,
      67,
      53,
      10,
      9,
      6,
      0
    ],
    [
      0,
      5,
      63,
      31,
      70,
      18,
      39,
      78,
      23,
      54,
      42,
      20,
      28,
      55,
      16,
      59,
      14,
      66,
      45,
      2,
      48,
      68,
      62,
      75,
      15,
      74,
      49,
      32,
      76,
      0
    ],
    [
      0,
      11,
      47,
      35,
      36,
      44,
      43,
      4,
      52,
      50,
      7,
      22,
      41,
      26,
      46,
      69,
      17,
      12,
      19,
      27,
      30,
      51,
      56,
      13,
      64,
      21,
      57,
      38,
      72,
      0
    ]
  ],
  "metrics_initial": {
    "vehicles_used": 3,
    "total_distance_km": 1864.99,
    "cost_distance": 1864.99,
    "cost_time": 1589.7199999999998,
    "vehicle_cost": 2700.0,
    "waiting_E": 20.30000000000001,
    "horizon_excess_E": 0.0,
    "makespan_E": 596.4899999999999,
    "sum_route_time_E": 1589.7199999999998,
    "avg_route_time_E": 529.9066666666666
  },
  "metrics_best": {
    "vehicles_used": 3,
    "total_distance_km": 1618.8899999999999,
    "cost_distance": 1618.8899999999999,
    "cost_time": 1512.0900000000001,
    "vehicle_cost": 2700.0,
    "waiting_E": 85.39999999999998,
    "horizon_excess_E": 0.0,
    "makespan_E": 565.59,
    "sum_route_time_E": 1512.0900000000001,
    "avg_route_time_E": 504.03000000000003
  },
  "metrics_delta": {
    "vehicles_used": 0,
    "total_distance_km": -246.10000000000014,
    "cost_distance": -246.10000000000014,
    "cost_time": -77.62999999999965,
    "vehicle_cost": 0.0,
    "waiting_E": 65.09999999999997,
    "horizon_excess_E": 0.0,
    "makespan_E": -30.899999999999864,
    "sum_route_time_E": -77.62999999999965,
    "avg_route_time_E": -25.87666666666661
  },
  "process": {
    "runtime_seconds": 16.76932454109192,
    "epochs": 44,
    "accepted_moves": 4316,
    "improving_moves": 977,
    "rejected_window_E_moves": 38560,
    "rejected_window_P_moves": 38344,
    "rejected_window_both_moves": 37849
  },
  "trace_improvements": [
    [
      0,
      6146.610000000001
    ],
    [
      31,
      6113.789999999999
    ],
    [
      33,
      6035.3099999999995
    ],
    [
      37,
      6022.15
    ],
    [
      38,
      6012.269999999999
    ],
    [
      40,
      5901.860000000001
    ],
    [
      41,
      5857.88
    ],
    [
      43,
      5830.98
    ]
  ]
}