{
  "parameters": {
    "dataset": "app_final_40_medium",
    "t_max": 1000.0,
    "t_min": 10.0,
    "alpha": 0.9,
    "iters_per_T": 1000,
    "neighborhood": "two_opt",
    "day_horizon": 600,
    "time_weight": 1.0
  },
  "initial_cost": 6085.45,
  "best_cost": 6065.55,
  "improvement_pct": 0.003270095062813701,
  "best_routes": [
    [
      0,
      11,
      5,
      17,
      13,
      40,
      16,
      37,
      12,
      7,
      4,
      31,
      24,
      20,
      22,
      14,
      26,
      25,
      15,
      0
    ],
    [
      0,
      39,
      35,
      32,
      30,
      18,
      33,
      27,
      3,
      34,
      19,
      2,
      38,
      21,
      0
    ],
    [
      0,
      23,
      6,
      29,
      10,
      1,
      28,
      36,
      8,
      9,
      0
    ]
  ],
  "metrics_initial": {
    "vehicles_used": 3,
    "total_distance_km": 1722.8400000000004,
    "cost_distance": 1722.8400000000004,
    "cost_time": 1662.61,
    "vehicle_cost": 2700.0,
    "waiting_E": 126.65,
    "horizon_excess_E": 0.0,
    "makespan_E": 589.23,
    "sum_route_time_E": 1662.61,
    "avg_route_time_E": 554.2033333333333
  },
  "metrics_best": {
    "vehicles_used": 3,
    "total_distance_km": 1706.6700000000003,
    "cost_distance": 1706.6700000000003,
    "cost_time": 1658.88,
    "vehicle_cost": 2700.0,
    "waiting_E": 126.65,
    "horizon_excess_E": 0.0,
    "makespan_E": 589.23,
    "sum_route_time_E": 1658.88,
    "avg_route_time_E": 552.96
  },
  "metrics_delta": {
    "vehicles_used": 0,
    "total_distance_km": -16.170000000000073,
    "cost_distance": -16.170000000000073,
    "cost_time": -3.729999999999791,
    "vehicle_cost": 0.0,
    "waiting_E": 0.0,
    "horizon_excess_E": 0.0,
    "makespan_E": 0.0,
    "sum_route_time_E": -3.729999999999791,
    "avg_route_time_E": -1.2433333333332257
  },
  "process": {
    "runtime_seconds": 9.005482196807861,
    "epochs": 44,
    "accepted_moves": 12879,
    "improving_moves": 571,
    "rejected_window_E_moves": 30561,
    "rejected_window_P_moves": 30774,
    "rejected_window_both_moves": 30238
  },
  "trace_improvements": [
    [
      0,
      6085.35
    ],
    [
      12,
      6085.160000000001
    ],
    [
      18,
      6066.8
    ],
    [
      23,
      6065.55
    ]
  ]
}