{
  "parameters": {
    "dataset": "app_final_120_loose",
    "t_max": 1000.0,
    "t_min": 10.0,
    "alpha": 0.9,
    "iters_per_T": 1000,
    "neighborhood": "mixed",
    "day_horizon": 600,
    "time_weight": 1.0
  },
  "initial_cost": 7944.5599999999995,
  "best_cost": 7863.469999999999,
  "improvement_pct": 0.010206984401905221,
  "best_routes": [
    [
      0,
      112,
      20,
      97,
      120,
      82,
      66,
      69,
      116,
      47,
      40,
      27,
      38,
      87,
      76,
      8,
      118,
      49,
      35,
      6,
      14,
      86,
      83,
      26,
      34,
      24,
      73,
      100,
      31,
      90,
      17,
      81,
      19,
      0
    ],
    [
      0,
      89,
      80,
      92,
      84,
      55,
      64,
      102,
      43,
      109,
      61,
      1,
      4,
      85,
      48,
      25,
      32,
      111,
      60,
      74,
      11,
      37,
      3,
      15,
      5,
      98,
      104,
      54,
      96,
      65,
      0
    ],
    [
      0,
      51,
      18,
      114,
      79,
      29,
      13,
      91,
      9,
      41,
      21,
      71,
      72,
      113,
      58,
      101,
      39,
      106,
      103,
      78,
      10,
      2,
      75,
      53,
      44,
      107,
      52,
      12,
      62,
      36,
      42,
      93,
      119,
      0
    ],
    [
      0,
      110,
      88,
      115,
      22,
      70,
      63,
      67,
      108,
      30,
      7,
      16,
      50,
      95,
      117,
      68,
      23,
      28,
      59,
      105,
      46,
      99,
      56,
      94,
      57,
      77,
      33,
      45,
      0
    ]
  ],
  "metrics_initial": {
    "vehicles_used": 4,
    "total_distance_km": 2222.48,
    "cost_distance": 2222.48,
    "cost_time": 2122.08,
    "vehicle_cost": 3600.0,
    "waiting_E": 105.83999999999997,
    "horizon_excess_E": 0.0,
    "makespan_E": 599.2300000000001,
    "sum_route_time_E": 2122.08,
    "avg_route_time_E": 530.52
  },
  "metrics_best": {
    "vehicles_used": 4,
    "total_distance_km": 2179.4499999999994,
    "cost_distance": 2179.4499999999994,
    "cost_time": 2084.02,
    "vehicle_cost": 3600.0,
    "waiting_E": 119.28999999999995,
    "horizon_excess_E": 0.0,
    "makespan_E": 596.67,
    "sum_route_time_E": 2084.02,
    "avg_route_time_E": 521.005
  },
  "metrics_delta": {
    "vehicles_used": 0,
    "total_distance_km": -43.030000000000655,
    "cost_distance": -43.030000000000655,
    "cost_time": -38.059999999999945,
    "vehicle_cost": 0.0,
    "waiting_E": 13.449999999999974,
    "horizon_excess_E": 0.0,
    "makespan_E": -2.560000000000173,
    "sum_route_time_E": -38.059999999999945,
    "avg_route_time_E": -9.514999999999986
  },
  "process": {
    "runtime_seconds": 20.04476523399353,
    "epochs": 44,
    "accepted_moves": 3409,
    "improving_moves": 656,
    "rejected_window_E_moves": 39815,
    "rejected_window_P_moves": 39550,
    "rejected_window_both_moves": 39176
  },
  "trace_improvements": [
    [
      0,
      7944.5599999999995
    ],
    [
      40,
      7914.929999999999
    ],
    [
      41,
      7863.469999999999
    ]
  ]
}