{
  "parameters": {
    "dataset": "app_final_200_medium",
    "t_max": 1000.0,
    "t_min": 10.0,
    "alpha": 0.9,
    "iters_per_T": 1000,
    "neighborhood": "relocate",
    "day_horizon": 600,
    "time_weight": 1.0
  },
  "initial_cost": 16855.43,
  "best_cost": 16369.760000000004,
  "improvement_pct": 0.028813859984586358,
  "best_routes": [
    [
      0,
      36,
      73,
      94,
      182,
      61,
      148,
      145,
      70,
      166,
      176,
      137,
      81,
      12,
      136,
      66,
      106,
      169,
      126,
      72,
      103,
      155,
      95,
      63,
      57,
      113,
      84,
      55,
      0
    ],
    [
      0,
      192,
      195,
      41,
      179,
      142,
      117,
      10,
      71,
      118,
      96,
      157,
      119,
      156,
      24,
      181,
      98,
      21,
      131,
      29,
      112,
      160,
      128,
      20,
      151,
      147,
      193,
      97,
      0
    ],
    [
      0,
      130,
      197,
      43,
      52,
      30,
      2,
      100,
      82,
      198,
      79,
      32,
      125,
      189,
      120,
      168,
      108,
      46,
      37,
      68,
      22,
      19,
      42,
      45,
      0
    ],
    [
      0,
      185,
      83,
      183,
      88,
      170,
      86,
      180,
      140,
      23,
      190,
      74,
      6,
      116,
      101,
      5,
      31,
      159,
      62,
      11,
      56,
      7,
      87,
      90,
      105,
      75,
      40,
      92,
      191,
      9,
      0
    ],
    [
      0,
      177,
      173,
      65,
      8,
      135,
      67,
      26,
      165,
      27,
      4,
      152,
      14,
      33,
      39,
      187,
      58,
      132,
      35,
      200,
      194,
      51,
      85,
      38,
      13,
      0
    ],
    [
      0,
      184,
      111,
      34,
      171,
      28,
      133,
      143,
      64,
      114,
      161,
      44,
      80,
      18,
      129,
      158,
      49,
      93,
      78,
      17,
      167,
      178,
      89,
      144,
      110,
      0
    ],
    [
      0,
      15,
      162,
      104,
      188,
      196,
      54,
      115,
      139,
      172,
      153,
      99,
      163,
      150,
      48,
      16,
      47,
      154,
      107,
      91,
      60,
      50,
      69,
      0
    ],
    [
      0,
      174,
      102,
      121,
      3,
      134,
      146,
      141,
      138,
      123,
      77,
      122,
      76,
      175,
      127,
      186,
      1,
      109,
      59,
      25,
      199,
      53,
      149,
      164,
      124,
      0
    ]
  ],
  "metrics_initial": {
    "vehicles_used": 8,
    "total_distance_km": 5197.43,
    "cost_distance": 5197.43,
    "cost_time": 4458.0,
    "vehicle_cost": 7200.0,
    "waiting_E": 506.91999999999996,
    "horizon_excess_E": 0.0,
    "makespan_E": 597.09,
    "sum_route_time_E": 4458.0,
    "avg_route_time_E": 557.25
  },
  "metrics_best": {
    "vehicles_used": 8,
    "total_distance_km": 4866.070000000004,
    "cost_distance": 4866.070000000004,
    "cost_time": 4303.6900000000005,
    "vehicle_cost": 7200.0,
    "waiting_E": 466.21000000000015,
    "horizon_excess_E": 0.0,
    "makespan_E": 572.9599999999999,
    "sum_route_time_E": 4303.6900000000005,
    "avg_route_time_E": 537.9612500000001
  },
  "metrics_delta": {
    "vehicles_used": 0,
    "total_distance_km": -331.35999999999603,
    "cost_distance": -331.35999999999603,
    "cost_time": -154.3099999999995,
    "vehicle_cost": 0.0,
    "waiting_E": -40.70999999999981,
    "horizon_excess_E": 0.0,
    "makespan_E": -24.13000000000011,
    "sum_route_time_E": -154.3099999999995,
    "avg_route_time_E": -19.288749999999936
  },
  "process": {
    "runtime_seconds": 29.79412078857422,
    "epochs": 44,
    "accepted_moves": 1077,
    "improving_moves": 417,
    "rejected_window_E_moves": 42477,
    "rejected_window_P_moves": 42247,
    "rejected_window_both_moves": 41915
  },
  "trace_improvements": [
    [
      0,
      16855.43
    ],
    [
      37,
      16773.1
    ],
    [
      38,
      16704.29
    ],
    [
      40,
      16613.22
    ],
    [
      41,
      16581.940000000002
    ],
    [
      42,
      16456.58
    ],
    [
      43,
      16369.760000000004
    ]
  ]
}