{
  "parameters": {
    "dataset": "app_final_80_tight",
    "t_max": 1000.0,
    "t_min": 10.0,
    "alpha": 0.9,
    "iters_per_T": 1000,
    "neighborhood": "relocate",
    "day_horizon": 600,
    "time_weight": 1.0
  },
  "initial_cost": 11626.3,
  "best_cost": 11086.150000000001,
  "improvement_pct": 0.04645932067811753,
  "best_routes": [
    [
      0,
      18,
      33,
      62,
      13,
      5,
      35,
      73,
      74,
      39,
      64,
      9,
      80,
      0
    ],
    [
      0,
      34,
      28,
      2,
      72,
      8,
      51,
      71,
      78,
      25,
      3,
      58,
      19,
      32,
      67,
      0
    ],
    [
      0,
      20,
      48,
      56,
      15,
      31,
      52,
      17,
      16,
      23,
      77,
      57,
      46,
      75,
      69,
      0
    ],
    [
      0,
      66,
      26,
      36,
      14,
      22,
      10,
      68,
      42,
      24,
      47,
      44,
      30,
      37,
      27,
      70,
      0
    ],
    [
      0,
      21,
      4,
      55,
      43,
      60,
      7,
      41,
      59,
      61,
      76,
      1,
      63,
      53,
      38,
      0
    ],
    [
      0,
      50,
      45,
      6,
      29,
      54,
      40,
      79,
      65,
      49,
      11,
      12,
      0
    ]
  ],
  "metrics_initial": {
    "vehicles_used": 6,
    "total_distance_km": 2998.07,
    "cost_distance": 2998.07,
    "cost_time": 3228.2300000000005,
    "vehicle_cost": 5400.0,
    "waiting_E": 485.42,
    "horizon_excess_E": 0.0,
    "makespan_E": 597.35,
    "sum_route_time_E": 3228.2300000000005,
    "avg_route_time_E": 538.0383333333334
  },
  "metrics_best": {
    "vehicles_used": 6,
    "total_distance_km": 2621.53,
    "cost_distance": 2621.53,
    "cost_time": 3064.62,
    "vehicle_cost": 5400.0,
    "waiting_E": 631.3900000000001,
    "horizon_excess_E": 0.0,
    "makespan_E": 578.39,
    "sum_route_time_E": 3064.62,
    "avg_route_time_E": 510.77
  },
  "metrics_delta": {
    "vehicles_used": 0,
    "total_distance_km": -376.53999999999996,
    "cost_distance": -376.53999999999996,
    "cost_time": -163.61000000000058,
    "vehicle_cost": 0.0,
    "waiting_E": 145.97000000000008,
    "horizon_excess_E": 0.0,
    "makespan_E": -18.960000000000036,
    "sum_route_time_E": -163.61000000000058,
    "avg_route_time_E": -27.26833333333343
  },
  "process": {
    "runtime_seconds": 14.263847827911377,
    "epochs": 44,
    "accepted_moves": 1483,
    "improving_moves": 486,
    "rejected_window_E_moves": 41919,
    "rejected_window_P_moves": 42133,
    "rejected_window_both_moves": 41801
  },
  "trace_improvements": [
    [
      0,
      11565.900000000001
    ],
    [
      30,
      11454.380000000001
    ],
    [
      34,
      11420.04
    ],
    [
      36,
      11330.41
    ],
    [
      38,
      11213.500000000002
    ],
    [
      39,
      11177.34
    ],
    [
      43,
      11086.150000000001
    ]
  ]
}