{
  "parameters": {
    "dataset": "app_final_200_medium",
    "t_max": 1000.0,
    "t_min": 10.0,
    "alpha": 0.9,
    "iters_per_T": 1000,
    "neighborhood": "mixed",
    "day_horizon": 600,
    "time_weight": 1.0
  },
  "initial_cost": 16855.43,
  "best_cost": 16630.86,
  "improvement_pct": 0.01332330293561183,
  "best_routes": [
    [
      0,
      73,
      130,
      4,
      94,
      182,
      26,
      61,
      82,
      145,
      104,
      81,
      137,
      183,
      66,
      136,
      169,
      106,
      126,
      72,
      31,
      96,
      113,
      84,
      39,
      55,
      9,
      120,
      193,
      47,
      20,
      151,
      147,
      164,
      0
    ],
    [
      0,
      174,
      10,
      142,
      166,
      195,
      176,
      162,
      16,
      172,
      157,
      122,
      189,
      125,
      190,
      23,
      101,
      68,
      156,
      5,
      108,
      85,
      24,
      112,
      160,
      128,
      29,
      98,
      124,
      0
    ],
    [
      0,
      36,
      34,
      177,
      28,
      173,
      171,
      102,
      175,
      67,
      100,
      187,
      6,
      140,
      79,
      70,
      93,
      37,
      12,
      1,
      168,
      11,
      63,
      107,
      19,
      42,
      0
    ],
    [
      0,
      185,
      15,
      86,
      170,
      88,
      99,
      3,
      139,
      71,
      148,
      76,
      127,
      155,
      56,
      159,
      87,
      57,
      50,
      40,
      60,
      49,
      95,
      38,
      13,
      45,
      0
    ],
    [
      0,
      180,
      117,
      115,
      8,
      58,
      152,
      33,
      74,
      116,
      14,
      35,
      194,
      32,
      200,
      132,
      75,
      92,
      0
    ],
    [
      0,
      192,
      111,
      65,
      133,
      135,
      43,
      188,
      41,
      123,
      143,
      165,
      161,
      80,
      44,
      129,
      78,
      89,
      7,
      62,
      46,
      149,
      103,
      110,
      144,
      17,
      69,
      191,
      0
    ],
    [
      0,
      184,
      197,
      179,
      52,
      54,
      2,
      146,
      121,
      163,
      48,
      150,
      186,
      51,
      153,
      21,
      131,
      53,
      167,
      178,
      90,
      91,
      0
    ],
    [
      0,
      83,
      134,
      138,
      77,
      141,
      196,
      30,
      114,
      118,
      158,
      64,
      27,
      18,
      105,
      22,
      198,
      119,
      109,
      199,
      25,
      59,
      181,
      154,
      97,
      0
    ]
  ],
  "metrics_initial": {
    "vehicles_used": 8,
    "total_distance_km": 5197.43,
    "cost_distance": 5197.43,
    "cost_time": 4458.0,
    "vehicle_cost": 7200.0,
    "waiting_E": 506.91999999999996,
    "horizon_excess_E": 0.0,
    "makespan_E": 597.09,
    "sum_route_time_E": 4458.0,
    "avg_route_time_E": 557.25
  },
  "metrics_best": {
    "vehicles_used": 8,
    "total_distance_km": 5080.430000000001,
    "cost_distance": 5080.430000000001,
    "cost_time": 4350.43,
    "vehicle_cost": 7200.0,
    "waiting_E": 361.28000000000003,
    "horizon_excess_E": 0.0,
    "makespan_E": 595.33,
    "sum_route_time_E": 4350.43,
    "avg_route_time_E": 543.80375
  },
  "metrics_delta": {
    "vehicles_used": 0,
    "total_distance_km": -116.99999999999909,
    "cost_distance": -116.99999999999909,
    "cost_time": -107.56999999999971,
    "vehicle_cost": 0.0,
    "waiting_E": -145.63999999999993,
    "horizon_excess_E": 0.0,
    "makespan_E": -1.759999999999991,
    "sum_route_time_E": -107.56999999999971,
    "avg_route_time_E": -13.446249999999964
  },
  "process": {
    "runtime_seconds": 32.052072525024414,
    "epochs": 44,
    "accepted_moves": 3843,
    "improving_moves": 664,
    "rejected_window_E_moves": 39554,
    "rejected_window_P_moves": 39001,
    "rejected_window_both_moves": 38636
  },
  "trace_improvements": [
    [
      0,
      16855.43
    ],
    [
      38,
      16839.339999999997
    ],
    [
      39,
      16713.620000000003
    ],
    [
      40,
      16674.05
    ],
    [
      41,
      16640.21
    ],
    [
      43,
      16630.86
    ]
  ]
}