{
  "parameters": {
    "dataset": "app_final_120_medium",
    "t_max": 1000.0,
    "t_min": 10.0,
    "alpha": 0.9,
    "iters_per_T": 1000,
    "neighborhood": "swap",
    "day_horizon": 600,
    "time_weight": 1.0
  },
  "initial_cost": 13892.869999999999,
  "best_cost": 12881.239999999998,
  "improvement_pct": 0.07281648788191361,
  "best_routes": [
    [
      0,
      71,
      13,
      96,
      45,
      51,
      54,
      2,
      58,
      21,
      112,
      95,
      36,
      92,
      89,
      93,
      1,
      14,
      11,
      72,
      63,
      110,
      113,
      116,
      0
    ],
    [
      0,
      10,
      90,
      117,
      114,
      26,
      78,
      7,
      8,
      32,
      34,
      37,
      12,
      85,
      100,
      17,
      101,
      107,
      24,
      39,
      46,
      103,
      55,
      0
    ],
    [
      0,
      82,
      106,
      29,
      25,
      88,
      19,
      47,
      109,
      73,
      60,
      57,
      38,
      35,
      20,
      41,
      22,
      80,
      86,
      49,
      44,
      76,
      68,
      0
    ],
    [
      0,
      53,
      74,
      108,
      50,
      48,
      66,
      3,
      111,
      15,
      9,
      118,
      70,
      84,
      98,
      77,
      42,
      16,
      33,
      69,
      79,
      104,
      91,
      0
    ],
    [
      0,
      102,
      43,
      40,
      31,
      62,
      5,
      52,
      105,
      97,
      115,
      87,
      61,
      81,
      6,
      120,
      18,
      27,
      94,
      65,
      0
    ],
    [
      0,
      59,
      64,
      83,
      75,
      99,
      4,
      30,
      23,
      119,
      67,
      0
    ],
    [
      0,
      56,
      28,
      0
    ]
  ],
  "metrics_initial": {
    "vehicles_used": 7,
    "total_distance_km": 3814.1899999999996,
    "cost_distance": 3814.1899999999996,
    "cost_time": 3778.6800000000003,
    "vehicle_cost": 6300.0,
    "waiting_E": 367.19000000000005,
    "horizon_excess_E": 0.0,
    "makespan_E": 585.98,
    "sum_route_time_E": 3778.6800000000003,
    "avg_route_time_E": 539.8114285714286
  },
  "metrics_best": {
    "vehicles_used": 7,
    "total_distance_km": 3281.5299999999997,
    "cost_distance": 3281.5299999999997,
    "cost_time": 3299.71,
    "vehicle_cost": 6300.0,
    "waiting_E": 368.18999999999994,
    "horizon_excess_E": 0.0,
    "makespan_E": 575.75,
    "sum_route_time_E": 3299.71,
    "avg_route_time_E": 471.38714285714286
  },
  "metrics_delta": {
    "vehicles_used": 0,
    "total_distance_km": -532.6599999999999,
    "cost_distance": -532.6599999999999,
    "cost_time": -478.97000000000025,
    "vehicle_cost": 0.0,
    "waiting_E": 0.9999999999998863,
    "horizon_excess_E": 0.0,
    "makespan_E": -10.230000000000018,
    "sum_route_time_E": -478.97000000000025,
    "avg_route_time_E": -68.4242857142857
  },
  "process": {
    "runtime_seconds": 21.08140254020691,
    "epochs": 44,
    "accepted_moves": 616,
    "improving_moves": 328,
    "rejected_window_E_moves": 42971,
    "rejected_window_P_moves": 43034,
    "rejected_window_both_moves": 42793
  },
  "trace_improvements": [
    [
      0,
      13820.279999999999
    ],
    [
      1,
      13757.84
    ],
    [
      4,
      13731.45
    ],
    [
      7,
      13679.660000000002
    ],
    [
      8,
      13630.670000000002
    ],
    [
      9,
      13522.940000000002
    ],
    [
      11,
      13406.260000000002
    ],
    [
      12,
      13303.18
    ],
    [
      13,
      13287.200000000003
    ],
    [
      15,
      13262.71
    ],
    [
      21,
      13236.79
    ],
    [
      33,
      13189.14
    ],
    [
      36,
      13182.840000000004
    ],
    [
      37,
      13169.36
    ],
    [
      38,
      13149.160000000002
    ],
    [
      39,
      13050.850000000002
    ],
    [
      42,
      12906.75
    ],
    [
      43,
      12881.239999999998
    ]
  ]
}