{
  "parameters": {
    "dataset": "app_final_120_very_loose",
    "t_max": 1000.0,
    "t_min": 10.0,
    "alpha": 0.9,
    "iters_per_T": 1000,
    "neighborhood": "two_opt",
    "day_horizon": 600,
    "time_weight": 1.0
  },
  "initial_cost": 9577.64,
  "best_cost": 9483.62,
  "improvement_pct": 0.009816614531345783,
  "best_routes": [
    [
      0,
      104,
      18,
      5,
      100,
      62,
      89,
      103,
      33,
      101,
      25,
      59,
      22,
      58,
      73,
      109,
      30,
      35,
      6,
      98,
      49,
      34,
      51,
      97,
      31,
      90,
      83,
      85,
      16,
      21,
      117,
      2,
      110,
      44,
      40,
      76,
      93,
      37,
      61,
      87,
      52,
      0
    ],
    [
      0,
      115,
      112,
      7,
      116,
      12,
      41,
      60,
      23,
      114,
      118,
      65,
      105,
      108,
      13,
      75,
      72,
      92,
      19,
      15,
      48,
      8,
      113,
      77,
      53,
      29,
      42,
      57,
      120,
      79,
      0
    ],
    [
      0,
      36,
      102,
      96,
      71,
      54,
      67,
      82,
      47,
      38,
      9,
      55,
      50,
      39,
      43,
      78,
      11,
      3,
      20,
      74,
      63,
      99,
      69,
      88,
      27,
      81,
      45,
      56,
      91,
      28,
      86,
      94,
      106,
      80,
      0
    ],
    [
      0,
      119,
      111,
      1,
      17,
      26,
      84,
      64,
      10,
      68,
      4,
      46,
      14,
      66,
      107,
      32,
      95,
      24,
      0
    ],
    [
      0,
      70,
      0
    ]
  ],
  "metrics_initial": {
    "vehicles_used": 5,
    "total_distance_km": 2635.55,
    "cost_distance": 2635.55,
    "cost_time": 2442.09,
    "vehicle_cost": 4500.0,
    "waiting_E": 92.49000000000004,
    "horizon_excess_E": 0.0,
    "makespan_E": 595.2700000000001,
    "sum_route_time_E": 2442.09,
    "avg_route_time_E": 488.418
  },
  "metrics_best": {
    "vehicles_used": 5,
    "total_distance_km": 2539.3500000000004,
    "cost_distance": 2539.3500000000004,
    "cost_time": 2444.27,
    "vehicle_cost": 4500.0,
    "waiting_E": 164.89999999999998,
    "horizon_excess_E": 0.0,
    "makespan_E": 586.2300000000001,
    "sum_route_time_E": 2444.27,
    "avg_route_time_E": 488.854
  },
  "metrics_delta": {
    "vehicles_used": 0,
    "total_distance_km": -96.19999999999982,
    "cost_distance": -96.19999999999982,
    "cost_time": 2.1799999999998363,
    "vehicle_cost": 0.0,
    "waiting_E": 72.40999999999994,
    "horizon_excess_E": 0.0,
    "makespan_E": -9.039999999999964,
    "sum_route_time_E": 2.1799999999998363,
    "avg_route_time_E": 0.4359999999999786
  },
  "process": {
    "runtime_seconds": 20.349424123764038,
    "epochs": 44,
    "accepted_moves": 7882,
    "improving_moves": 737,
    "rejected_window_E_moves": 35333,
    "rejected_window_P_moves": 34941,
    "rejected_window_both_moves": 34051
  },
  "trace_improvements": [
    [
      0,
      9568.060000000001
    ],
    [
      3,
      9562.890000000001
    ],
    [
      4,
      9554.57
    ],
    [
      8,
      9552.76
    ],
    [
      34,
      9526.79
    ],
    [
      36,
      9496.42
    ],
    [
      37,
      9483.62
    ]
  ]
}