{
  "parameters": {
    "dataset": "app_final_40_loose",
    "t_max": 1000.0,
    "t_min": 10.0,
    "alpha": 0.9,
    "iters_per_T": 1000,
    "neighborhood": "two_opt",
    "day_horizon": 600,
    "time_weight": 1.0
  },
  "initial_cost": 3810.17,
  "best_cost": 3782.2799999999997,
  "improvement_pct": 0.007319883364784334,
  "best_routes": [
    [
      0,
      31,
      6,
      25,
      23,
      21,
      5,
      8,
      17,
      32,
      35,
      7,
      30,
      19,
      14,
      10,
      36,
      38,
      16,
      15,
      29,
      37,
      3,
      1,
      13,
      22,
      0
    ],
    [
      0,
      34,
      24,
      26,
      4,
      12,
      9,
      40,
      33,
      2,
      18,
      11,
      39,
      28,
      20,
      27,
      0
    ]
  ],
  "metrics_initial": {
    "vehicles_used": 2,
    "total_distance_km": 1018.9900000000001,
    "cost_distance": 1018.9900000000001,
    "cost_time": 991.1800000000001,
    "vehicle_cost": 1800.0,
    "waiting_E": 77.27999999999992,
    "horizon_excess_E": 0.0,
    "makespan_E": 504.1400000000001,
    "sum_route_time_E": 991.1800000000001,
    "avg_route_time_E": 495.59000000000003
  },
  "metrics_best": {
    "vehicles_used": 2,
    "total_distance_km": 991.3599999999999,
    "cost_distance": 991.3599999999999,
    "cost_time": 990.9200000000001,
    "vehicle_cost": 1800.0,
    "waiting_E": 93.24999999999994,
    "horizon_excess_E": 0.0,
    "makespan_E": 503.88000000000005,
    "sum_route_time_E": 990.9200000000001,
    "avg_route_time_E": 495.46000000000004
  },
  "metrics_delta": {
    "vehicles_used": 0,
    "total_distance_km": -27.630000000000223,
    "cost_distance": -27.630000000000223,
    "cost_time": -0.2599999999999909,
    "vehicle_cost": 0.0,
    "waiting_E": 15.970000000000027,
    "horizon_excess_E": 0.0,
    "makespan_E": -0.26000000000004775,
    "sum_route_time_E": -0.2599999999999909,
    "avg_route_time_E": -0.12999999999999545
  },
  "process": {
    "runtime_seconds": 8.105382204055786,
    "epochs": 44,
    "accepted_moves": 10590,
    "improving_moves": 1040,
    "rejected_window_E_moves": 32496,
    "rejected_window_P_moves": 32882,
    "rejected_window_both_moves": 32380
  },
  "trace_improvements": [
    [
      0,
      3805.79
    ],
    [
      7,
      3789.9900000000002
    ],
    [
      41,
      3786.7200000000003
    ],
    [
      43,
      3782.2799999999997
    ]
  ]
}