{
  "parameters": {
    "dataset": "app_final_40_loose",
    "t_max": 1000.0,
    "t_min": 10.0,
    "alpha": 0.9,
    "iters_per_T": 1000,
    "neighborhood": "mixed",
    "day_horizon": 600,
    "time_weight": 1.0
  },
  "initial_cost": 3810.17,
  "best_cost": 3708.35,
  "improvement_pct": 0.026723217074303814,
  "best_routes": [
    [
      0,
      31,
      6,
      5,
      7,
      35,
      32,
      17,
      8,
      39,
      28,
      20,
      34,
      21,
      10,
      36,
      38,
      16,
      15,
      33,
      29,
      37,
      0
    ],
    [
      0,
      25,
      23,
      24,
      19,
      2,
      12,
      4,
      9,
      40,
      26,
      18,
      11,
      30,
      3,
      1,
      27,
      13,
      14,
      22,
      0
    ]
  ],
  "metrics_initial": {
    "vehicles_used": 2,
    "total_distance_km": 1018.9900000000001,
    "cost_distance": 1018.9900000000001,
    "cost_time": 991.1800000000001,
    "vehicle_cost": 1800.0,
    "waiting_E": 77.27999999999992,
    "horizon_excess_E": 0.0,
    "makespan_E": 504.1400000000001,
    "sum_route_time_E": 991.1800000000001,
    "avg_route_time_E": 495.59000000000003
  },
  "metrics_best": {
    "vehicles_used": 2,
    "total_distance_km": 941.7599999999999,
    "cost_distance": 941.7599999999999,
    "cost_time": 966.5900000000001,
    "vehicle_cost": 1800.0,
    "waiting_E": 92.28,
    "horizon_excess_E": 0.0,
    "makespan_E": 490.9600000000001,
    "sum_route_time_E": 966.5900000000001,
    "avg_route_time_E": 483.2950000000001
  },
  "metrics_delta": {
    "vehicles_used": 0,
    "total_distance_km": -77.23000000000025,
    "cost_distance": -77.23000000000025,
    "cost_time": -24.589999999999918,
    "vehicle_cost": 0.0,
    "waiting_E": 15.000000000000085,
    "horizon_excess_E": 0.0,
    "makespan_E": -13.180000000000007,
    "sum_route_time_E": -24.589999999999918,
    "avg_route_time_E": -12.294999999999959
  },
  "process": {
    "runtime_seconds": 7.329836130142212,
    "epochs": 44,
    "accepted_moves": 5397,
    "improving_moves": 1137,
    "rejected_window_E_moves": 37276,
    "rejected_window_P_moves": 37017,
    "rejected_window_both_moves": 36481
  },
  "trace_improvements": [
    [
      0,
      3810.17
    ],
    [
      34,
      3717.56
    ],
    [
      42,
      3708.35
    ]
  ]
}