{
  "parameters": {
    "dataset": "app_final_80_very_loose",
    "t_max": 1000.0,
    "t_min": 10.0,
    "alpha": 0.9,
    "iters_per_T": 1000,
    "neighborhood": "swap",
    "day_horizon": 600,
    "time_weight": 1.0
  },
  "initial_cost": 6154.709999999999,
  "best_cost": 6115.179999999999,
  "improvement_pct": 0.006422723410201252,
  "best_routes": [
    [
      0,
      11,
      25,
      75,
      68,
      61,
      33,
      66,
      23,
      60,
      71,
      46,
      1,
      58,
      26,
      24,
      7,
      67,
      65,
      50,
      73,
      29,
      14,
      42,
      13,
      77,
      79,
      64,
      38,
      72,
      6,
      9,
      0
    ],
    [
      0,
      63,
      31,
      70,
      17,
      27,
      19,
      39,
      16,
      28,
      20,
      78,
      55,
      54,
      59,
      49,
      62,
      15,
      74,
      2,
      48,
      45,
      34,
      57,
      21,
      53,
      76,
      32,
      8,
      80,
      0
    ],
    [
      0,
      3,
      47,
      35,
      36,
      52,
      44,
      43,
      4,
      22,
      41,
      18,
      56,
      51,
      37,
      5,
      40,
      10,
      30,
      12,
      69,
      0
    ]
  ],
  "metrics_initial": {
    "vehicles_used": 3,
    "total_distance_km": 1864.99,
    "cost_distance": 1864.99,
    "cost_time": 1589.7199999999998,
    "vehicle_cost": 2700.0,
    "waiting_E": 20.30000000000001,
    "horizon_excess_E": 0.0,
    "makespan_E": 596.4899999999999,
    "sum_route_time_E": 1589.7199999999998,
    "avg_route_time_E": 529.9066666666666
  },
  "metrics_best": {
    "vehicles_used": 3,
    "total_distance_km": 1780.0599999999997,
    "cost_distance": 1780.0599999999997,
    "cost_time": 1635.12,
    "vehicle_cost": 2700.0,
    "waiting_E": 71.20000000000005,
    "horizon_excess_E": 0.0,
    "makespan_E": 568.3399999999999,
    "sum_route_time_E": 1635.12,
    "avg_route_time_E": 545.04
  },
  "metrics_delta": {
    "vehicles_used": 0,
    "total_distance_km": -84.93000000000029,
    "cost_distance": -84.93000000000029,
    "cost_time": 45.40000000000009,
    "vehicle_cost": 0.0,
    "waiting_E": 50.900000000000034,
    "horizon_excess_E": 0.0,
    "makespan_E": -28.149999999999977,
    "sum_route_time_E": 45.40000000000009,
    "avg_route_time_E": 15.133333333333326
  },
  "process": {
    "runtime_seconds": 13.062038660049438,
    "epochs": 44,
    "accepted_moves": 922,
    "improving_moves": 456,
    "rejected_window_E_moves": 42430,
    "rejected_window_P_moves": 42369,
    "rejected_window_both_moves": 42000
  },
  "trace_improvements": [
    [
      0,
      6154.709999999999
    ],
    [
      43,
      6115.179999999999
    ]
  ]
}