{
  "parameters": {
    "dataset": "app_final_80_medium",
    "t_max": 1000.0,
    "t_min": 10.0,
    "alpha": 0.9,
    "iters_per_T": 1000,
    "neighborhood": "swap",
    "day_horizon": 600,
    "time_weight": 1.0
  },
  "initial_cost": 9712.71,
  "best_cost": 9657.560000000001,
  "improvement_pct": 0.005678126907937931,
  "best_routes": [
    [
      0,
      39,
      41,
      18,
      38,
      2,
      70,
      20,
      29,
      7,
      9,
      10,
      62,
      57,
      48,
      17,
      31,
      11,
      12,
      3,
      0
    ],
    [
      0,
      50,
      66,
      8,
      76,
      71,
      37,
      1,
      25,
      26,
      63,
      54,
      15,
      30,
      67,
      34,
      80,
      58,
      5,
      53,
      59,
      33,
      46,
      51,
      42,
      78,
      65,
      4,
      0
    ],
    [
      0,
      14,
      27,
      56,
      79,
      52,
      22,
      36,
      16,
      45,
      68,
      60,
      69,
      61,
      64,
      55,
      6,
      0
    ],
    [
      0,
      28,
      43,
      44,
      74,
      75,
      21,
      24,
      23,
      73,
      47,
      49,
      35,
      72,
      0
    ],
    [
      0,
      77,
      13,
      40,
      32,
      19,
      0
    ]
  ],
  "metrics_initial": {
    "vehicles_used": 5,
    "total_distance_km": 2720.8299999999995,
    "cost_distance": 2720.8299999999995,
    "cost_time": 2491.88,
    "vehicle_cost": 4500.0,
    "waiting_E": 97.90999999999991,
    "horizon_excess_E": 0.0,
    "makespan_E": 588.62,
    "sum_route_time_E": 2491.88,
    "avg_route_time_E": 498.37600000000003
  },
  "metrics_best": {
    "vehicles_used": 5,
    "total_distance_km": 2629.1,
    "cost_distance": 2629.1,
    "cost_time": 2528.46,
    "vehicle_cost": 4500.0,
    "waiting_E": 159.9399999999999,
    "horizon_excess_E": 0.0,
    "makespan_E": 580.1899999999999,
    "sum_route_time_E": 2528.46,
    "avg_route_time_E": 505.692
  },
  "metrics_delta": {
    "vehicles_used": 0,
    "total_distance_km": -91.72999999999956,
    "cost_distance": -91.72999999999956,
    "cost_time": 36.57999999999993,
    "vehicle_cost": 0.0,
    "waiting_E": 62.03,
    "horizon_excess_E": 0.0,
    "makespan_E": -8.430000000000064,
    "sum_route_time_E": 36.57999999999993,
    "avg_route_time_E": 7.315999999999974
  },
  "process": {
    "runtime_seconds": 12.83833360671997,
    "epochs": 44,
    "accepted_moves": 671,
    "improving_moves": 341,
    "rejected_window_E_moves": 42958,
    "rejected_window_P_moves": 42918,
    "rejected_window_both_moves": 42674
  },
  "trace_improvements": [
    [
      0,
      9712.71
    ],
    [
      20,
      9684.749999999998
    ],
    [
      43,
      9657.560000000001
    ]
  ]
}