{
  "parameters": {
    "dataset": "app_final_200_loose",
    "t_max": 1000.0,
    "t_min": 10.0,
    "alpha": 0.9,
    "iters_per_T": 1000,
    "neighborhood": "swap",
    "day_horizon": 600,
    "time_weight": 1.0
  },
  "initial_cost": 16206.4,
  "best_cost": 16163.909999999996,
  "improvement_pct": 0.0026218037318592297,
  "best_routes": [
    [
      0,
      53,
      1,
      47,
      111,
      98,
      25,
      131,
      188,
      177,
      147,
      31,
      82,
      42,
      113,
      84,
      23,
      41,
      160,
      126,
      95,
      34,
      15,
      3,
      169,
      35,
      138,
      70,
      122,
      124,
      164,
      0
    ],
    [
      0,
      58,
      74,
      151,
      187,
      197,
      75,
      109,
      199,
      30,
      195,
      140,
      101,
      55,
      168,
      148,
      14,
      86,
      96,
      110,
      5,
      167,
      129,
      114,
      77,
      152,
      118,
      11,
      171,
      179,
      190,
      16,
      0
    ],
    [
      0,
      137,
      194,
      57,
      153,
      64,
      163,
      104,
      119,
      44,
      107,
      7,
      175,
      189,
      48,
      120,
      65,
      186,
      68,
      100,
      26,
      32,
      69,
      38,
      54,
      184,
      128,
      56,
      20,
      22,
      130,
      66,
      61,
      43,
      50,
      59,
      158,
      0
    ],
    [
      0,
      36,
      87,
      112,
      176,
      89,
      144,
      127,
      33,
      181,
      67,
      97,
      142,
      85,
      183,
      193,
      165,
      27,
      39,
      10,
      200,
      71,
      139,
      78,
      156,
      8,
      178,
      145,
      108,
      81,
      162,
      166,
      157,
      0
    ],
    [
      0,
      134,
      135,
      13,
      21,
      174,
      102,
      92,
      105,
      28,
      149,
      90,
      6,
      99,
      9,
      161,
      132,
      52,
      117,
      91,
      106,
      63,
      19,
      155,
      196,
      133,
      159,
      4,
      49,
      0
    ],
    [
      0,
      198,
      2,
      170,
      18,
      76,
      37,
      180,
      45,
      17,
      12,
      141,
      173,
      62,
      116,
      93,
      125,
      0
    ],
    [
      0,
      51,
      24,
      182,
      146,
      191,
      46,
      94,
      103,
      73,
      83,
      40,
      192,
      185,
      115,
      172,
      136,
      0
    ],
    [
      0,
      143,
      72,
      29,
      60,
      80,
      154,
      79,
      121,
      150,
      88,
      123,
      0
    ]
  ],
  "metrics_initial": {
    "vehicles_used": 8,
    "total_distance_km": 4567.41,
    "cost_distance": 4567.41,
    "cost_time": 4438.99,
    "vehicle_cost": 7200.0,
    "waiting_E": 554.7400000000001,
    "horizon_excess_E": 0.0,
    "makespan_E": 599.64,
    "sum_route_time_E": 4438.99,
    "avg_route_time_E": 554.87375
  },
  "metrics_best": {
    "vehicles_used": 8,
    "total_distance_km": 4636.579999999998,
    "cost_distance": 4636.579999999998,
    "cost_time": 4327.329999999999,
    "vehicle_cost": 7200.0,
    "waiting_E": 384.39,
    "horizon_excess_E": 0.0,
    "makespan_E": 588.2900000000001,
    "sum_route_time_E": 4327.329999999999,
    "avg_route_time_E": 540.9162499999999
  },
  "metrics_delta": {
    "vehicles_used": 0,
    "total_distance_km": 69.16999999999825,
    "cost_distance": 69.16999999999825,
    "cost_time": -111.66000000000076,
    "vehicle_cost": 0.0,
    "waiting_E": -170.35000000000014,
    "horizon_excess_E": 0.0,
    "makespan_E": -11.349999999999909,
    "sum_route_time_E": -111.66000000000076,
    "avg_route_time_E": -13.957500000000095
  },
  "process": {
    "runtime_seconds": 29.07108736038208,
    "epochs": 44,
    "accepted_moves": 431,
    "improving_moves": 212,
    "rejected_window_E_moves": 43275,
    "rejected_window_P_moves": 42563,
    "rejected_window_both_moves": 42242
  },
  "trace_improvements": [
    [
      0,
      16206.4
    ],
    [
      41,
      16202.369999999999
    ],
    [
      43,
      16163.909999999996
    ]
  ]
}