{
  "parameters": {
    "dataset": "app_final_40_medium",
    "t_max": 1000.0,
    "t_min": 10.0,
    "alpha": 0.9,
    "iters_per_T": 1000,
    "neighborhood": "swap",
    "day_horizon": 600,
    "time_weight": 1.0
  },
  "initial_cost": 6085.45,
  "best_cost": 5654.08,
  "improvement_pct": 0.07088547272592823,
  "best_routes": [
    [
      0,
      11,
      5,
      17,
      39,
      12,
      37,
      16,
      6,
      24,
      40,
      13,
      29,
      10,
      18,
      20,
      19,
      15,
      2,
      0
    ],
    [
      0,
      30,
      32,
      7,
      35,
      23,
      36,
      3,
      27,
      14,
      26,
      22,
      8,
      9,
      0
    ],
    [
      0,
      33,
      1,
      28,
      4,
      34,
      31,
      25,
      38,
      21,
      0
    ]
  ],
  "metrics_initial": {
    "vehicles_used": 3,
    "total_distance_km": 1722.8400000000004,
    "cost_distance": 1722.8400000000004,
    "cost_time": 1662.61,
    "vehicle_cost": 2700.0,
    "waiting_E": 126.65,
    "horizon_excess_E": 0.0,
    "makespan_E": 589.23,
    "sum_route_time_E": 1662.61,
    "avg_route_time_E": 554.2033333333333
  },
  "metrics_best": {
    "vehicles_used": 3,
    "total_distance_km": 1432.3500000000001,
    "cost_distance": 1432.3500000000001,
    "cost_time": 1521.73,
    "vehicle_cost": 2700.0,
    "waiting_E": 193.68999999999997,
    "horizon_excess_E": 0.0,
    "makespan_E": 529.09,
    "sum_route_time_E": 1521.73,
    "avg_route_time_E": 507.24333333333334
  },
  "metrics_delta": {
    "vehicles_used": 0,
    "total_distance_km": -290.49000000000024,
    "cost_distance": -290.49000000000024,
    "cost_time": -140.87999999999988,
    "vehicle_cost": 0.0,
    "waiting_E": 67.03999999999996,
    "horizon_excess_E": 0.0,
    "makespan_E": -60.139999999999986,
    "sum_route_time_E": -140.87999999999988,
    "avg_route_time_E": -46.95999999999992
  },
  "process": {
    "runtime_seconds": 7.158264398574829,
    "epochs": 44,
    "accepted_moves": 1504,
    "improving_moves": 766,
    "rejected_window_E_moves": 41492,
    "rejected_window_P_moves": 41532,
    "rejected_window_both_moves": 41065
  },
  "trace_improvements": [
    [
      0,
      6029.790000000001
    ],
    [
      1,
      5932.76
    ],
    [
      2,
      5879.07
    ],
    [
      5,
      5785.13
    ],
    [
      7,
      5726.879999999999
    ],
    [
      29,
      5723.18
    ],
    [
      33,
      5654.8
    ],
    [
      42,
      5654.08
    ]
  ]
}