{
  "parameters": {
    "dataset": "app_final_40_loose",
    "t_max": 1000.0,
    "t_min": 10.0,
    "alpha": 0.9,
    "iters_per_T": 1000,
    "neighborhood": "relocate",
    "day_horizon": 600,
    "time_weight": 1.0
  },
  "initial_cost": 3810.17,
  "best_cost": 3662.55,
  "improvement_pct": 0.038743678103601645,
  "best_routes": [
    [
      0,
      31,
      19,
      5,
      7,
      2,
      35,
      32,
      17,
      8,
      39,
      20,
      34,
      23,
      25,
      13,
      10,
      36,
      38,
      16,
      37,
      14,
      22,
      0
    ],
    [
      0,
      6,
      21,
      24,
      40,
      9,
      4,
      12,
      26,
      15,
      33,
      29,
      18,
      11,
      28,
      3,
      30,
      1,
      27,
      0
    ]
  ],
  "metrics_initial": {
    "vehicles_used": 2,
    "total_distance_km": 1018.9900000000001,
    "cost_distance": 1018.9900000000001,
    "cost_time": 991.1800000000001,
    "vehicle_cost": 1800.0,
    "waiting_E": 77.27999999999992,
    "horizon_excess_E": 0.0,
    "makespan_E": 504.1400000000001,
    "sum_route_time_E": 991.1800000000001,
    "avg_route_time_E": 495.59000000000003
  },
  "metrics_best": {
    "vehicles_used": 2,
    "total_distance_km": 921.2900000000001,
    "cost_distance": 921.2900000000001,
    "cost_time": 941.26,
    "vehicle_cost": 1800.0,
    "waiting_E": 89.83,
    "horizon_excess_E": 0.0,
    "makespan_E": 499.33,
    "sum_route_time_E": 941.26,
    "avg_route_time_E": 470.63
  },
  "metrics_delta": {
    "vehicles_used": 0,
    "total_distance_km": -97.70000000000005,
    "cost_distance": -97.70000000000005,
    "cost_time": -49.92000000000007,
    "vehicle_cost": 0.0,
    "waiting_E": 12.550000000000082,
    "horizon_excess_E": 0.0,
    "makespan_E": -4.810000000000116,
    "sum_route_time_E": -49.92000000000007,
    "avg_route_time_E": -24.960000000000036
  },
  "process": {
    "runtime_seconds": 7.0115156173706055,
    "epochs": 44,
    "accepted_moves": 3134,
    "improving_moves": 1003,
    "rejected_window_E_moves": 39381,
    "rejected_window_P_moves": 39246,
    "rejected_window_both_moves": 38788
  },
  "trace_improvements": [
    [
      0,
      3810.17
    ],
    [
      33,
      3717.84
    ],
    [
      40,
      3694.1499999999996
    ],
    [
      43,
      3662.55
    ]
  ]
}