{
  "parameters": {
    "dataset": "app_final_20_very_loose",
    "t_max": 1000.0,
    "t_min": 10.0,
    "alpha": 0.9,
    "iters_per_T": 1000,
    "neighborhood": "two_opt",
    "day_horizon": 600,
    "time_weight": 1.0
  },
  "initial_cost": 3222.19,
  "best_cost": 3141.8899999999994,
  "improvement_pct": 0.024920938864561256,
  "best_routes": [
    [
      0,
      10,
      9,
      2,
      18,
      5,
      1,
      3,
      4,
      16,
      14,
      8,
      0
    ],
    [
      0,
      20,
      19,
      13,
      7,
      17,
      11,
      12,
      6,
      15,
      0
    ]
  ],
  "metrics_initial": {
    "vehicles_used": 2,
    "total_distance_km": 649.4700000000001,
    "cost_distance": 649.4700000000001,
    "cost_time": 772.7199999999999,
    "vehicle_cost": 1800.0,
    "waiting_E": 192.59,
    "horizon_excess_E": 0.0,
    "makespan_E": 413.61999999999995,
    "sum_route_time_E": 772.7199999999999,
    "avg_route_time_E": 386.35999999999996
  },
  "metrics_best": {
    "vehicles_used": 2,
    "total_distance_km": 588.53,
    "cost_distance": 588.53,
    "cost_time": 753.3599999999999,
    "vehicle_cost": 1800.0,
    "waiting_E": 195.05,
    "horizon_excess_E": 0.0,
    "makespan_E": 394.26,
    "sum_route_time_E": 753.3599999999999,
    "avg_route_time_E": 376.67999999999995
  },
  "metrics_delta": {
    "vehicles_used": 0,
    "total_distance_km": -60.94000000000017,
    "cost_distance": -60.94000000000017,
    "cost_time": -19.360000000000014,
    "vehicle_cost": 0.0,
    "waiting_E": 2.460000000000008,
    "horizon_excess_E": 0.0,
    "makespan_E": -19.359999999999957,
    "sum_route_time_E": -19.360000000000014,
    "avg_route_time_E": -9.680000000000007
  },
  "process": {
    "runtime_seconds": 6.563763618469238,
    "epochs": 44,
    "accepted_moves": 21135,
    "improving_moves": 3658,
    "rejected_window_E_moves": 19309,
    "rejected_window_P_moves": 19986,
    "rejected_window_both_moves": 19309
  },
  "trace_improvements": [
    [
      0,
      3206.3
    ],
    [
      14,
      3200.51
    ],
    [
      29,
      3199.42
    ],
    [
      32,
      3193.94
    ],
    [
      33,
      3145.37
    ],
    [
      43,
      3141.8899999999994
    ]
  ]
}