{
  "parameters": {
    "dataset": "app_final_80_tight",
    "t_max": 1000.0,
    "t_min": 10.0,
    "alpha": 0.9,
    "iters_per_T": 1000,
    "neighborhood": "two_opt",
    "day_horizon": 600,
    "time_weight": 1.0
  },
  "initial_cost": 11626.3,
  "best_cost": 11559.03,
  "improvement_pct": 0.005786019627912459,
  "best_routes": [
    [
      0,
      6,
      62,
      33,
      43,
      13,
      23,
      73,
      5,
      7,
      74,
      41,
      59,
      46,
      64,
      27,
      69,
      0
    ],
    [
      0,
      15,
      31,
      10,
      22,
      55,
      51,
      8,
      78,
      25,
      3,
      58,
      19,
      32,
      67,
      63,
      70,
      0
    ],
    [
      0,
      21,
      4,
      48,
      17,
      52,
      35,
      77,
      16,
      49,
      76,
      9,
      80,
      65,
      0
    ],
    [
      0,
      2,
      26,
      36,
      14,
      24,
      42,
      68,
      61,
      71,
      47,
      44,
      30,
      37,
      75,
      38,
      0
    ],
    [
      0,
      20,
      18,
      40,
      45,
      60,
      56,
      1,
      53,
      0
    ],
    [
      0,
      34,
      50,
      28,
      66,
      72,
      29,
      54,
      79,
      39,
      57,
      11,
      12,
      0
    ]
  ],
  "metrics_initial": {
    "vehicles_used": 6,
    "total_distance_km": 2998.07,
    "cost_distance": 2998.07,
    "cost_time": 3228.2300000000005,
    "vehicle_cost": 5400.0,
    "waiting_E": 485.42,
    "horizon_excess_E": 0.0,
    "makespan_E": 597.35,
    "sum_route_time_E": 3228.2300000000005,
    "avg_route_time_E": 538.0383333333334
  },
  "metrics_best": {
    "vehicles_used": 6,
    "total_distance_km": 2960.1800000000003,
    "cost_distance": 2960.1800000000003,
    "cost_time": 3198.8500000000004,
    "vehicle_cost": 5400.0,
    "waiting_E": 494.95,
    "horizon_excess_E": 0.0,
    "makespan_E": 597.35,
    "sum_route_time_E": 3198.8500000000004,
    "avg_route_time_E": 533.1416666666668
  },
  "metrics_delta": {
    "vehicles_used": 0,
    "total_distance_km": -37.88999999999987,
    "cost_distance": -37.88999999999987,
    "cost_time": -29.38000000000011,
    "vehicle_cost": 0.0,
    "waiting_E": 9.529999999999973,
    "horizon_excess_E": 0.0,
    "makespan_E": 0.0,
    "sum_route_time_E": -29.38000000000011,
    "avg_route_time_E": -4.896666666666647
  },
  "process": {
    "runtime_seconds": 16.509637117385864,
    "epochs": 44,
    "accepted_moves": 12635,
    "improving_moves": 581,
    "rejected_window_E_moves": 30697,
    "rejected_window_P_moves": 31066,
    "rejected_window_both_moves": 30535
  },
  "trace_improvements": [
    [
      0,
      11625.23
    ],
    [
      3,
      11624.93
    ],
    [
      7,
      11603.95
    ],
    [
      17,
      11572.2
    ],
    [
      18,
      11570.640000000001
    ],
    [
      25,
      11569.890000000001
    ],
    [
      36,
      11559.03
    ]
  ]
}