{
  "parameters": {
    "dataset": "app_final_80_very_loose",
    "t_max": 1000.0,
    "t_min": 10.0,
    "alpha": 0.9,
    "iters_per_T": 1000,
    "neighborhood": "two_opt",
    "day_horizon": 600,
    "time_weight": 1.0
  },
  "initial_cost": 6154.709999999999,
  "best_cost": 6134.049999999999,
  "improvement_pct": 0.003356778792177025,
  "best_routes": [
    [
      0,
      11,
      47,
      43,
      44,
      68,
      33,
      54,
      20,
      16,
      55,
      42,
      34,
      49,
      7,
      24,
      50,
      1,
      37,
      80,
      5,
      69,
      79,
      64,
      13,
      56,
      14,
      45,
      38,
      72,
      10,
      9,
      0
    ],
    [
      0,
      40,
      63,
      70,
      17,
      27,
      19,
      39,
      28,
      59,
      41,
      60,
      51,
      18,
      58,
      26,
      22,
      2,
      62,
      75,
      15,
      74,
      57,
      21,
      53,
      73,
      67,
      8,
      32,
      76,
      0
    ],
    [
      0,
      3,
      25,
      35,
      36,
      52,
      4,
      48,
      23,
      61,
      66,
      78,
      71,
      29,
      46,
      77,
      31,
      30,
      12,
      65,
      6,
      0
    ]
  ],
  "metrics_initial": {
    "vehicles_used": 3,
    "total_distance_km": 1864.99,
    "cost_distance": 1864.99,
    "cost_time": 1589.7199999999998,
    "vehicle_cost": 2700.0,
    "waiting_E": 20.30000000000001,
    "horizon_excess_E": 0.0,
    "makespan_E": 596.4899999999999,
    "sum_route_time_E": 1589.7199999999998,
    "avg_route_time_E": 529.9066666666666
  },
  "metrics_best": {
    "vehicles_used": 3,
    "total_distance_km": 1851.9699999999998,
    "cost_distance": 1851.9699999999998,
    "cost_time": 1582.0800000000002,
    "vehicle_cost": 2700.0,
    "waiting_E": 22.340000000000018,
    "horizon_excess_E": 0.0,
    "makespan_E": 591.13,
    "sum_route_time_E": 1582.0800000000002,
    "avg_route_time_E": 527.36
  },
  "metrics_delta": {
    "vehicles_used": 0,
    "total_distance_km": -13.02000000000021,
    "cost_distance": -13.02000000000021,
    "cost_time": -7.639999999999645,
    "vehicle_cost": 0.0,
    "waiting_E": 2.0400000000000063,
    "horizon_excess_E": 0.0,
    "makespan_E": -5.3599999999999,
    "sum_route_time_E": -7.639999999999645,
    "avg_route_time_E": -2.5466666666666242
  },
  "process": {
    "runtime_seconds": 17.12430167198181,
    "epochs": 44,
    "accepted_moves": 8050,
    "improving_moves": 667,
    "rejected_window_E_moves": 35163,
    "rejected_window_P_moves": 35355,
    "rejected_window_both_moves": 34924
  },
  "trace_improvements": [
    [
      0,
      6151.790000000001
    ],
    [
      28,
      6145.41
    ],
    [
      32,
      6134.049999999999
    ]
  ]
}