{
  "parameters": {
    "dataset": "app_final_20_medium",
    "t_max": 1000.0,
    "t_min": 10.0,
    "alpha": 0.9,
    "iters_per_T": 1000,
    "neighborhood": "relocate",
    "day_horizon": 600,
    "time_weight": 1.0
  },
  "initial_cost": 3758.7000000000003,
  "best_cost": 3582.55,
  "improvement_pct": 0.04686460744406313,
  "best_routes": [
    [
      0,
      17,
      5,
      3,
      13,
      1,
      11,
      20,
      9,
      2,
      10,
      7,
      0
    ],
    [
      0,
      15,
      16,
      8,
      6,
      19,
      18,
      12,
      14,
      4,
      0
    ]
  ],
  "metrics_initial": {
    "vehicles_used": 2,
    "total_distance_km": 917.1800000000001,
    "cost_distance": 917.1800000000001,
    "cost_time": 1041.52,
    "vehicle_cost": 1800.0,
    "waiting_E": 211.95,
    "horizon_excess_E": 0.0,
    "makespan_E": 585.08,
    "sum_route_time_E": 1041.52,
    "avg_route_time_E": 520.76
  },
  "metrics_best": {
    "vehicles_used": 2,
    "total_distance_km": 739.65,
    "cost_distance": 739.65,
    "cost_time": 1042.8999999999999,
    "vehicle_cost": 1800.0,
    "waiting_E": 389.3800000000001,
    "horizon_excess_E": 0.0,
    "makespan_E": 562.9499999999999,
    "sum_route_time_E": 1042.8999999999999,
    "avg_route_time_E": 521.4499999999999
  },
  "metrics_delta": {
    "vehicles_used": 0,
    "total_distance_km": -177.5300000000001,
    "cost_distance": -177.5300000000001,
    "cost_time": 1.3799999999998818,
    "vehicle_cost": 0.0,
    "waiting_E": 177.43000000000012,
    "horizon_excess_E": 0.0,
    "makespan_E": -22.13000000000011,
    "sum_route_time_E": 1.3799999999998818,
    "avg_route_time_E": 0.6899999999999409
  },
  "process": {
    "runtime_seconds": 5.584056854248047,
    "epochs": 44,
    "accepted_moves": 5726,
    "improving_moves": 1729,
    "rejected_window_E_moves": 36122,
    "rejected_window_P_moves": 35787,
    "rejected_window_both_moves": 35063
  },
  "trace_improvements": [
    [
      0,
      3745.73
    ],
    [
      22,
      3730.4900000000002
    ],
    [
      23,
      3715.8900000000003
    ],
    [
      24,
      3709.5699999999997
    ],
    [
      26,
      3692.56
    ],
    [
      31,
      3643.86
    ],
    [
      33,
      3627.38
    ],
    [
      34,
      3620.8899999999994
    ],
    [
      35,
      3588.4700000000003
    ],
    [
      36,
      3582.55
    ]
  ]
}