{
  "parameters": {
    "dataset": "app_final_80_medium",
    "t_max": 1000.0,
    "t_min": 10.0,
    "alpha": 0.9,
    "iters_per_T": 1000,
    "neighborhood": "relocate",
    "day_horizon": 600,
    "time_weight": 1.0
  },
  "initial_cost": 9712.71,
  "best_cost": 9324.26,
  "improvement_pct": 0.03999398725999221,
  "best_routes": [
    [
      0,
      22,
      41,
      18,
      13,
      77,
      54,
      45,
      16,
      0
    ],
    [
      0,
      50,
      74,
      66,
      38,
      1,
      63,
      25,
      26,
      21,
      9,
      70,
      19,
      60,
      11,
      47,
      33,
      51,
      46,
      42,
      65,
      78,
      4,
      0
    ],
    [
      0,
      14,
      27,
      79,
      67,
      56,
      10,
      62,
      15,
      53,
      58,
      24,
      59,
      5,
      57,
      31,
      73,
      69,
      6,
      55,
      3,
      0
    ],
    [
      0,
      44,
      76,
      75,
      37,
      71,
      8,
      68,
      36,
      52,
      30,
      80,
      34,
      35,
      29,
      72,
      49,
      12,
      0
    ],
    [
      0,
      28,
      43,
      39,
      7,
      20,
      2,
      32,
      40,
      23,
      48,
      17,
      64,
      61,
      0
    ]
  ],
  "metrics_initial": {
    "vehicles_used": 5,
    "total_distance_km": 2720.8299999999995,
    "cost_distance": 2720.8299999999995,
    "cost_time": 2491.88,
    "vehicle_cost": 4500.0,
    "waiting_E": 97.90999999999991,
    "horizon_excess_E": 0.0,
    "makespan_E": 588.62,
    "sum_route_time_E": 2491.88,
    "avg_route_time_E": 498.37600000000003
  },
  "metrics_best": {
    "vehicles_used": 5,
    "total_distance_km": 2389.75,
    "cost_distance": 2389.75,
    "cost_time": 2434.51,
    "vehicle_cost": 4500.0,
    "waiting_E": 318.90999999999997,
    "horizon_excess_E": 0.0,
    "makespan_E": 585.8199999999999,
    "sum_route_time_E": 2434.51,
    "avg_route_time_E": 486.90200000000004
  },
  "metrics_delta": {
    "vehicles_used": 0,
    "total_distance_km": -331.0799999999995,
    "cost_distance": -331.0799999999995,
    "cost_time": -57.36999999999989,
    "vehicle_cost": 0.0,
    "waiting_E": 221.00000000000006,
    "horizon_excess_E": 0.0,
    "makespan_E": -2.800000000000068,
    "sum_route_time_E": -57.36999999999989,
    "avg_route_time_E": -11.47399999999999
  },
  "process": {
    "runtime_seconds": 13.520206928253174,
    "epochs": 44,
    "accepted_moves": 2018,
    "improving_moves": 697,
    "rejected_window_E_moves": 41162,
    "rejected_window_P_moves": 41252,
    "rejected_window_both_moves": 40798
  },
  "trace_improvements": [
    [
      0,
      9712.71
    ],
    [
      37,
      9705.999999999998
    ],
    [
      39,
      9618.8
    ],
    [
      40,
      9594.16
    ],
    [
      41,
      9427.72
    ],
    [
      42,
      9349.93
    ],
    [
      43,
      9324.26
    ]
  ]
}