{
  "parameters": {
    "dataset": "app_final_20_very_loose",
    "t_max": 1000.0,
    "t_min": 10.0,
    "alpha": 0.9,
    "iters_per_T": 1000,
    "neighborhood": "relocate",
    "day_horizon": 600,
    "time_weight": 1.0
  },
  "initial_cost": 3222.19,
  "best_cost": 3056.6400000000003,
  "improvement_pct": 0.051378099987896345,
  "best_routes": [
    [
      0,
      15,
      10,
      19,
      13,
      7,
      17,
      11,
      12,
      6,
      20,
      0
    ],
    [
      0,
      9,
      2,
      18,
      5,
      1,
      3,
      4,
      8,
      14,
      16,
      0
    ]
  ],
  "metrics_initial": {
    "vehicles_used": 2,
    "total_distance_km": 649.4700000000001,
    "cost_distance": 649.4700000000001,
    "cost_time": 772.7199999999999,
    "vehicle_cost": 1800.0,
    "waiting_E": 192.59,
    "horizon_excess_E": 0.0,
    "makespan_E": 413.61999999999995,
    "sum_route_time_E": 772.7199999999999,
    "avg_route_time_E": 386.35999999999996
  },
  "metrics_best": {
    "vehicles_used": 2,
    "total_distance_km": 579.36,
    "cost_distance": 579.36,
    "cost_time": 677.28,
    "vehicle_cost": 1800.0,
    "waiting_E": 136.08000000000004,
    "horizon_excess_E": 0.0,
    "makespan_E": 342.14000000000004,
    "sum_route_time_E": 677.28,
    "avg_route_time_E": 338.64
  },
  "metrics_delta": {
    "vehicles_used": 0,
    "total_distance_km": -70.11000000000013,
    "cost_distance": -70.11000000000013,
    "cost_time": -95.43999999999994,
    "vehicle_cost": 0.0,
    "waiting_E": -56.50999999999996,
    "horizon_excess_E": 0.0,
    "makespan_E": -71.4799999999999,
    "sum_route_time_E": -95.43999999999994,
    "avg_route_time_E": -47.71999999999997
  },
  "process": {
    "runtime_seconds": 5.789496183395386,
    "epochs": 44,
    "accepted_moves": 10241,
    "improving_moves": 3926,
    "rejected_window_E_moves": 25693,
    "rejected_window_P_moves": 26772,
    "rejected_window_both_moves": 25082
  },
  "trace_improvements": [
    [
      0,
      3222.19
    ],
    [
      28,
      3216.9799999999996
    ],
    [
      30,
      3183.99
    ],
    [
      31,
      3146.06
    ],
    [
      33,
      3145.9700000000003
    ],
    [
      35,
      3118.63
    ],
    [
      37,
      3108.71
    ],
    [
      38,
      3074.12
    ],
    [
      39,
      3061.15
    ],
    [
      43,
      3056.6400000000003
    ]
  ]
}