{
  "parameters": {
    "dataset": "app_final_80_loose",
    "t_max": 1000.0,
    "t_min": 10.0,
    "alpha": 0.9,
    "iters_per_T": 1000,
    "neighborhood": "two_opt",
    "day_horizon": 600,
    "time_weight": 1.0
  },
  "initial_cost": 6387.089999999999,
  "best_cost": 6280.83,
  "improvement_pct": 0.01663668431163477,
  "best_routes": [
    [
      0,
      15,
      34,
      25,
      20,
      52,
      70,
      26,
      28,
      35,
      2,
      24,
      14,
      55,
      6,
      42,
      45,
      41,
      12,
      21,
      46,
      36,
      18,
      77,
      68,
      57,
      13,
      71,
      67,
      50,
      16,
      39,
      61,
      0
    ],
    [
      0,
      76,
      56,
      10,
      37,
      27,
      58,
      59,
      43,
      53,
      38,
      65,
      66,
      69,
      74,
      29,
      22,
      7,
      51,
      32,
      73,
      33,
      72,
      0
    ],
    [
      0,
      78,
      8,
      63,
      19,
      23,
      80,
      9,
      49,
      3,
      30,
      62,
      64,
      31,
      54,
      47,
      5,
      4,
      44,
      60,
      40,
      1,
      75,
      79,
      17,
      11,
      48,
      0
    ]
  ],
  "metrics_initial": {
    "vehicles_used": 3,
    "total_distance_km": 1987.2299999999998,
    "cost_distance": 1987.2299999999998,
    "cost_time": 1699.8599999999997,
    "vehicle_cost": 2700.0,
    "waiting_E": 61.810000000000045,
    "horizon_excess_E": 0.0,
    "makespan_E": 580.3,
    "sum_route_time_E": 1699.8599999999997,
    "avg_route_time_E": 566.6199999999999
  },
  "metrics_best": {
    "vehicles_used": 3,
    "total_distance_km": 1914.9099999999994,
    "cost_distance": 1914.9099999999994,
    "cost_time": 1665.92,
    "vehicle_cost": 2700.0,
    "waiting_E": 74.97000000000004,
    "horizon_excess_E": 0.0,
    "makespan_E": 562.0500000000001,
    "sum_route_time_E": 1665.92,
    "avg_route_time_E": 555.3066666666667
  },
  "metrics_delta": {
    "vehicles_used": 0,
    "total_distance_km": -72.32000000000039,
    "cost_distance": -72.32000000000039,
    "cost_time": -33.9399999999996,
    "vehicle_cost": 0.0,
    "waiting_E": 13.159999999999997,
    "horizon_excess_E": 0.0,
    "makespan_E": -18.249999999999886,
    "sum_route_time_E": -33.9399999999996,
    "avg_route_time_E": -11.313333333333162
  },
  "process": {
    "runtime_seconds": 13.477662086486816,
    "epochs": 44,
    "accepted_moves": 8136,
    "improving_moves": 782,
    "rejected_window_E_moves": 34930,
    "rejected_window_P_moves": 35403,
    "rejected_window_both_moves": 34761
  },
  "trace_improvements": [
    [
      0,
      6384.119999999999
    ],
    [
      1,
      6376.09
    ],
    [
      3,
      6361.7300000000005
    ],
    [
      5,
      6355.71
    ],
    [
      7,
      6353.24
    ],
    [
      9,
      6317.1900000000005
    ],
    [
      20,
      6285.219999999999
    ],
    [
      41,
      6280.83
    ]
  ]
}