{
  "parameters": {
    "dataset": "app_final_40_tight",
    "t_max": 1000.0,
    "t_min": 10.0,
    "alpha": 0.9,
    "iters_per_T": 500,
    "neighborhood": "mixed",
    "day_horizon": 600,
    "time_weight": 1.0
  },
  "initial_cost": 9186.7,
  "best_cost": 8852.87,
  "improvement_pct": 0.03633840225543448,
  "best_routes": [
    [
      0,
      16,
      14,
      24,
      1,
      6,
      17,
      40,
      23,
      34,
      0
    ],
    [
      0,
      20,
      29,
      5,
      25,
      7,
      15,
      11,
      19,
      0
    ],
    [
      0,
      30,
      22,
      35,
      3,
      12,
      26,
      39,
      13,
      0
    ],
    [
      0,
      32,
      28,
      4,
      0
    ],
    [
      0,
      21,
      36,
      18,
      2,
      33,
      9,
      37,
      10,
      31,
      27,
      38,
      8,
      0
    ]
  ],
  "metrics_initial": {
    "vehicles_used": 5,
    "total_distance_km": 1991.9199999999998,
    "cost_distance": 1991.9199999999998,
    "cost_time": 2694.78,
    "vehicle_cost": 4500.0,
    "waiting_E": 869.1899999999998,
    "horizon_excess_E": 0.0,
    "makespan_E": 582.24,
    "sum_route_time_E": 2694.78,
    "avg_route_time_E": 538.956
  },
  "metrics_best": {
    "vehicles_used": 5,
    "total_distance_km": 1670.59,
    "cost_distance": 1670.59,
    "cost_time": 2682.2800000000007,
    "vehicle_cost": 4500.0,
    "waiting_E": 1148.2299999999996,
    "horizon_excess_E": 0.0,
    "makespan_E": 571.51,
    "sum_route_time_E": 2682.2800000000007,
    "avg_route_time_E": 536.4560000000001
  },
  "metrics_delta": {
    "vehicles_used": 0,
    "total_distance_km": -321.3299999999999,
    "cost_distance": -321.3299999999999,
    "cost_time": -12.499999999999545,
    "vehicle_cost": 0.0,
    "waiting_E": 279.03999999999974,
    "horizon_excess_E": 0.0,
    "makespan_E": -10.730000000000018,
    "sum_route_time_E": -12.499999999999545,
    "avg_route_time_E": -2.4999999999998863
  },
  "process": {
    "runtime_seconds": 4.1211018562316895,
    "epochs": 44,
    "accepted_moves": 4042,
    "improving_moves": 515,
    "rejected_window_E_moves": 17391,
    "rejected_window_P_moves": 17595,
    "rejected_window_both_moves": 17278
  },
  "trace_improvements": [
    [
      0,
      9186.7
    ],
    [
      15,
      9173.810000000001
    ],
    [
      23,
      9061.899999999998
    ],
    [
      24,
      9042.46
    ],
    [
      30,
      9026.59
    ],
    [
      32,
      9011.42
    ],
    [
      38,
      9006.45
    ],
    [
      39,
      8926.27
    ],
    [
      42,
      8916.560000000001
    ],
    [
      43,
      8852.87
    ]
  ]
}