{
  "parameters": {
    "dataset": "app_final_20_tight",
    "t_max": 1000.0,
    "t_min": 10.0,
    "alpha": 0.7,
    "iters_per_T": 500,
    "neighborhood": "mixed",
    "day_horizon": 600,
    "time_weight": 1.0
  },
  "initial_cost": 5722.25,
  "best_cost": 5196.6,
  "improvement_pct": 0.09186071912272264,
  "best_routes": [
    [
      0,
      17,
      20,
      11,
      16,
      7,
      6,
      0
    ],
    [
      0,
      1,
      13,
      3,
      14,
      0
    ],
    [
      0,
      8,
      15,
      2,
      5,
      19,
      10,
      12,
      4,
      18,
      9,
      0
    ]
  ],
  "metrics_initial": {
    "vehicles_used": 3,
    "total_distance_km": 1291.25,
    "cost_distance": 1291.25,
    "cost_time": 1731.0000000000002,
    "vehicle_cost": 2700.0,
    "waiting_E": 578.6700000000001,
    "horizon_excess_E": 0.0,
    "makespan_E": 596.1400000000001,
    "sum_route_time_E": 1731.0000000000002,
    "avg_route_time_E": 577.0000000000001
  },
  "metrics_best": {
    "vehicles_used": 3,
    "total_distance_km": 948.0199999999999,
    "cost_distance": 948.0199999999999,
    "cost_time": 1548.58,
    "vehicle_cost": 2700.0,
    "waiting_E": 706.74,
    "horizon_excess_E": 0.0,
    "makespan_E": 589.46,
    "sum_route_time_E": 1548.58,
    "avg_route_time_E": 516.1933333333333
  },
  "metrics_delta": {
    "vehicles_used": 0,
    "total_distance_km": -343.23000000000013,
    "cost_distance": -343.23000000000013,
    "cost_time": -182.4200000000003,
    "vehicle_cost": 0.0,
    "waiting_E": 128.06999999999994,
    "horizon_excess_E": 0.0,
    "makespan_E": -6.680000000000064,
    "sum_route_time_E": -182.4200000000003,
    "avg_route_time_E": -60.80666666666684
  },
  "process": {
    "runtime_seconds": 0.7310712337493896,
    "epochs": 13,
    "accepted_moves": 1383,
    "improving_moves": 172,
    "rejected_window_E_moves": 4904,
    "rejected_window_P_moves": 5021,
    "rejected_window_both_moves": 4864
  },
  "trace_improvements": [
    [
      0,
      5613.599999999999
    ],
    [
      1,
      5458.48
    ],
    [
      2,
      5344.97
    ],
    [
      5,
      5322.38
    ],
    [
      8,
      5321.01
    ],
    [
      10,
      5264.9
    ],
    [
      11,
      5196.6
    ]
  ]
}