{
  "parameters": {
    "dataset": "app_final_20_tight",
    "t_max": 1000.0,
    "t_min": 10.0,
    "alpha": 0.6,
    "iters_per_T": 500,
    "neighborhood": "mixed",
    "day_horizon": 600,
    "time_weight": 1.0
  },
  "initial_cost": 5722.25,
  "best_cost": 5143.4400000000005,
  "improvement_pct": 0.1011507711127615,
  "best_routes": [
    [
      0,
      15,
      8,
      17,
      20,
      18,
      4,
      9,
      0
    ],
    [
      0,
      1,
      13,
      16,
      10,
      19,
      3,
      14,
      0
    ],
    [
      0,
      2,
      5,
      11,
      12,
      7,
      6,
      0
    ]
  ],
  "metrics_initial": {
    "vehicles_used": 3,
    "total_distance_km": 1291.25,
    "cost_distance": 1291.25,
    "cost_time": 1731.0000000000002,
    "vehicle_cost": 2700.0,
    "waiting_E": 578.6700000000001,
    "horizon_excess_E": 0.0,
    "makespan_E": 596.1400000000001,
    "sum_route_time_E": 1731.0000000000002,
    "avg_route_time_E": 577.0000000000001
  },
  "metrics_best": {
    "vehicles_used": 3,
    "total_distance_km": 896.5799999999998,
    "cost_distance": 896.5799999999998,
    "cost_time": 1546.8600000000001,
    "vehicle_cost": 2700.0,
    "waiting_E": 731.5700000000002,
    "horizon_excess_E": 0.0,
    "makespan_E": 587.74,
    "sum_route_time_E": 1546.8600000000001,
    "avg_route_time_E": 515.62
  },
  "metrics_delta": {
    "vehicles_used": 0,
    "total_distance_km": -394.6700000000002,
    "cost_distance": -394.6700000000002,
    "cost_time": -184.1400000000001,
    "vehicle_cost": 0.0,
    "waiting_E": 152.9000000000001,
    "horizon_excess_E": 0.0,
    "makespan_E": -8.400000000000091,
    "sum_route_time_E": -184.1400000000001,
    "avg_route_time_E": -61.38000000000011
  },
  "process": {
    "runtime_seconds": 0.6032841205596924,
    "epochs": 10,
    "accepted_moves": 1038,
    "improving_moves": 138,
    "rejected_window_E_moves": 3804,
    "rejected_window_P_moves": 3856,
    "rejected_window_both_moves": 3784
  },
  "trace_improvements": [
    [
      0,
      5341.360000000001
    ],
    [
      3,
      5278.07
    ],
    [
      4,
      5224.36
    ],
    [
      5,
      5192.7
    ],
    [
      6,
      5168.54
    ],
    [
      8,
      5162.59
    ],
    [
      9,
      5143.4400000000005
    ]
  ]
}