{
  "parameters": {
    "dataset": "app_final_40_medium",
    "t_max": 1000.0,
    "t_min": 10.0,
    "alpha": 0.6,
    "iters_per_T": 500,
    "neighborhood": "mixed",
    "day_horizon": 600,
    "time_weight": 1.0
  },
  "initial_cost": 6085.45,
  "best_cost": 5840.99,
  "improvement_pct": 0.040171228093238795,
  "best_routes": [
    [
      0,
      11,
      5,
      17,
      37,
      32,
      23,
      29,
      31,
      14,
      26,
      22,
      10,
      0
    ],
    [
      0,
      30,
      33,
      27,
      18,
      20,
      13,
      40,
      24,
      6,
      4,
      34,
      2,
      15,
      19,
      0
    ],
    [
      0,
      39,
      35,
      7,
      12,
      16,
      36,
      28,
      1,
      3,
      25,
      38,
      8,
      9,
      21,
      0
    ]
  ],
  "metrics_initial": {
    "vehicles_used": 3,
    "total_distance_km": 1722.8400000000004,
    "cost_distance": 1722.8400000000004,
    "cost_time": 1662.61,
    "vehicle_cost": 2700.0,
    "waiting_E": 126.65,
    "horizon_excess_E": 0.0,
    "makespan_E": 589.23,
    "sum_route_time_E": 1662.61,
    "avg_route_time_E": 554.2033333333333
  },
  "metrics_best": {
    "vehicles_used": 3,
    "total_distance_km": 1600.2600000000002,
    "cost_distance": 1600.2600000000002,
    "cost_time": 1540.73,
    "vehicle_cost": 2700.0,
    "waiting_E": 31.770000000000095,
    "horizon_excess_E": 0.0,
    "makespan_E": 544.36,
    "sum_route_time_E": 1540.73,
    "avg_route_time_E": 513.5766666666667
  },
  "metrics_delta": {
    "vehicles_used": 0,
    "total_distance_km": -122.58000000000015,
    "cost_distance": -122.58000000000015,
    "cost_time": -121.87999999999988,
    "vehicle_cost": 0.0,
    "waiting_E": -94.87999999999991,
    "horizon_excess_E": 0.0,
    "makespan_E": -44.870000000000005,
    "sum_route_time_E": -121.87999999999988,
    "avg_route_time_E": -40.62666666666655
  },
  "process": {
    "runtime_seconds": 0.9552781581878662,
    "epochs": 10,
    "accepted_moves": 731,
    "improving_moves": 129,
    "rejected_window_E_moves": 4095,
    "rejected_window_P_moves": 4091,
    "rejected_window_both_moves": 4017
  },
  "trace_improvements": [
    [
      0,
      5958.61
    ],
    [
      2,
      5884.33
    ],
    [
      9,
      5840.99
    ]
  ]
}