{
  "parameters": {
    "dataset": "app_final_40_tight",
    "t_max": 1000.0,
    "t_min": 10.0,
    "alpha": 0.7,
    "iters_per_T": 500,
    "neighborhood": "mixed",
    "day_horizon": 600,
    "time_weight": 1.0
  },
  "initial_cost": 9186.7,
  "best_cost": 8925.65,
  "improvement_pct": 0.028416079767490075,
  "best_routes": [
    [
      0,
      21,
      9,
      2,
      33,
      29,
      31,
      17,
      40,
      28,
      19,
      0
    ],
    [
      0,
      20,
      18,
      24,
      39,
      14,
      25,
      7,
      27,
      38,
      8,
      0
    ],
    [
      0,
      22,
      30,
      36,
      16,
      10,
      37,
      23,
      4,
      34,
      0
    ],
    [
      0,
      6,
      1,
      32,
      11,
      15,
      0
    ],
    [
      0,
      35,
      12,
      3,
      26,
      5,
      13,
      0
    ]
  ],
  "metrics_initial": {
    "vehicles_used": 5,
    "total_distance_km": 1991.9199999999998,
    "cost_distance": 1991.9199999999998,
    "cost_time": 2694.78,
    "vehicle_cost": 4500.0,
    "waiting_E": 869.1899999999998,
    "horizon_excess_E": 0.0,
    "makespan_E": 582.24,
    "sum_route_time_E": 2694.78,
    "avg_route_time_E": 538.956
  },
  "metrics_best": {
    "vehicles_used": 5,
    "total_distance_km": 1792.4599999999998,
    "cost_distance": 1792.4599999999998,
    "cost_time": 2633.19,
    "vehicle_cost": 4500.0,
    "waiting_E": 987.5,
    "horizon_excess_E": 0.0,
    "makespan_E": 593.1800000000001,
    "sum_route_time_E": 2633.19,
    "avg_route_time_E": 526.638
  },
  "metrics_delta": {
    "vehicles_used": 0,
    "total_distance_km": -199.46000000000004,
    "cost_distance": -199.46000000000004,
    "cost_time": -61.590000000000146,
    "vehicle_cost": 0.0,
    "waiting_E": 118.31000000000017,
    "horizon_excess_E": 0.0,
    "makespan_E": 10.940000000000055,
    "sum_route_time_E": -61.590000000000146,
    "avg_route_time_E": -12.317999999999984
  },
  "process": {
    "runtime_seconds": 1.2924048900604248,
    "epochs": 13,
    "accepted_moves": 1280,
    "improving_moves": 174,
    "rejected_window_E_moves": 5062,
    "rejected_window_P_moves": 5114,
    "rejected_window_both_moves": 5031
  },
  "trace_improvements": [
    [
      0,
      9186.7
    ],
    [
      6,
      9160.68
    ],
    [
      7,
      8925.65
    ]
  ]
}