{
  "parameters": {
    "dataset": "app_final_80_very_loose",
    "t_max": 1000.0,
    "t_min": 10.0,
    "alpha": 0.95,
    "iters_per_T": 500,
    "neighborhood": "mixed",
    "day_horizon": 600,
    "time_weight": 1.0
  },
  "initial_cost": 6154.709999999999,
  "best_cost": 5802.55,
  "improvement_pct": 0.057217968027737945,
  "best_routes": [
    [
      0,
      40,
      3,
      50,
      7,
      22,
      42,
      60,
      14,
      20,
      16,
      59,
      45,
      2,
      34,
      21,
      57,
      79,
      69,
      77,
      0
    ],
    [
      0,
      5,
      63,
      70,
      31,
      17,
      37,
      1,
      46,
      29,
      33,
      54,
      66,
      61,
      41,
      49,
      15,
      75,
      62,
      74,
      43,
      4,
      44,
      32,
      76,
      8,
      73,
      53,
      64,
      80,
      38,
      72,
      9,
      10,
      0
    ],
    [
      0,
      11,
      47,
      25,
      35,
      36,
      52,
      68,
      48,
      23,
      78,
      28,
      55,
      18,
      56,
      51,
      39,
      19,
      27,
      30,
      12,
      13,
      71,
      58,
      26,
      24,
      67,
      65,
      6,
      0
    ]
  ],
  "metrics_initial": {
    "vehicles_used": 3,
    "total_distance_km": 1864.99,
    "cost_distance": 1864.99,
    "cost_time": 1589.7199999999998,
    "vehicle_cost": 2700.0,
    "waiting_E": 20.30000000000001,
    "horizon_excess_E": 0.0,
    "makespan_E": 596.4899999999999,
    "sum_route_time_E": 1589.7199999999998,
    "avg_route_time_E": 529.9066666666666
  },
  "metrics_best": {
    "vehicles_used": 3,
    "total_distance_km": 1557.89,
    "cost_distance": 1557.89,
    "cost_time": 1544.6599999999999,
    "vehicle_cost": 2700.0,
    "waiting_E": 185.99,
    "horizon_excess_E": 0.0,
    "makespan_E": 537.9499999999999,
    "sum_route_time_E": 1544.6599999999999,
    "avg_route_time_E": 514.8866666666667
  },
  "metrics_delta": {
    "vehicles_used": 0,
    "total_distance_km": -307.0999999999999,
    "cost_distance": -307.0999999999999,
    "cost_time": -45.059999999999945,
    "vehicle_cost": 0.0,
    "waiting_E": 165.69,
    "horizon_excess_E": 0.0,
    "makespan_E": -58.539999999999964,
    "sum_route_time_E": -45.059999999999945,
    "avg_route_time_E": -15.019999999999982
  },
  "process": {
    "runtime_seconds": 11.078237056732178,
    "epochs": 90,
    "accepted_moves": 4304,
    "improving_moves": 951,
    "rejected_window_E_moves": 39368,
    "rejected_window_P_moves": 38790,
    "rejected_window_both_moves": 38197
  },
  "trace_improvements": [
    [
      0,
      6154.709999999999
    ],
    [
      79,
      6113.2
    ],
    [
      80,
      6110.68
    ],
    [
      81,
      6042.280000000001
    ],
    [
      82,
      6026.04
    ],
    [
      83,
      5881.4400000000005
    ],
    [
      86,
      5846.620000000001
    ],
    [
      88,
      5838.970000000001
    ],
    [
      89,
      5802.55
    ]
  ]
}