{
  "parameters": {
    "dataset": "app_final_80_loose",
    "t_max": 1000.0,
    "t_min": 10.0,
    "alpha": 0.95,
    "iters_per_T": 500,
    "neighborhood": "mixed",
    "day_horizon": 600,
    "time_weight": 1.0
  },
  "initial_cost": 6387.089999999999,
  "best_cost": 6114.530000000001,
  "improvement_pct": 0.04267358061339336,
  "best_routes": [
    [
      0,
      76,
      27,
      10,
      37,
      54,
      56,
      7,
      6,
      19,
      63,
      14,
      24,
      45,
      41,
      12,
      21,
      36,
      46,
      77,
      68,
      13,
      47,
      57,
      50,
      39,
      0
    ],
    [
      0,
      34,
      58,
      70,
      59,
      53,
      52,
      33,
      38,
      65,
      48,
      69,
      66,
      74,
      29,
      2,
      11,
      17,
      75,
      35,
      67,
      32,
      73,
      51,
      72,
      16,
      61,
      0
    ],
    [
      0,
      15,
      78,
      20,
      25,
      55,
      42,
      8,
      23,
      80,
      9,
      49,
      3,
      30,
      62,
      64,
      5,
      4,
      71,
      26,
      28,
      43,
      60,
      44,
      40,
      1,
      31,
      18,
      79,
      22,
      0
    ]
  ],
  "metrics_initial": {
    "vehicles_used": 3,
    "total_distance_km": 1987.2299999999998,
    "cost_distance": 1987.2299999999998,
    "cost_time": 1699.8599999999997,
    "vehicle_cost": 2700.0,
    "waiting_E": 61.810000000000045,
    "horizon_excess_E": 0.0,
    "makespan_E": 580.3,
    "sum_route_time_E": 1699.8599999999997,
    "avg_route_time_E": 566.6199999999999
  },
  "metrics_best": {
    "vehicles_used": 3,
    "total_distance_km": 1785.7900000000004,
    "cost_distance": 1785.7900000000004,
    "cost_time": 1628.74,
    "vehicle_cost": 2700.0,
    "waiting_E": 137.7899999999999,
    "horizon_excess_E": 0.0,
    "makespan_E": 562.9200000000001,
    "sum_route_time_E": 1628.74,
    "avg_route_time_E": 542.9133333333333
  },
  "metrics_delta": {
    "vehicles_used": 0,
    "total_distance_km": -201.43999999999937,
    "cost_distance": -201.43999999999937,
    "cost_time": -71.11999999999966,
    "vehicle_cost": 0.0,
    "waiting_E": 75.97999999999986,
    "horizon_excess_E": 0.0,
    "makespan_E": -17.37999999999988,
    "sum_route_time_E": -71.11999999999966,
    "avg_route_time_E": -23.706666666666592
  },
  "process": {
    "runtime_seconds": 11.312133312225342,
    "epochs": 90,
    "accepted_moves": 3665,
    "improving_moves": 620,
    "rejected_window_E_moves": 40618,
    "rejected_window_P_moves": 40228,
    "rejected_window_both_moves": 39847
  },
  "trace_improvements": [
    [
      0,
      6385.69
    ],
    [
      7,
      6349.780000000001
    ],
    [
      8,
      6324.869999999999
    ],
    [
      69,
      6298.139999999999
    ],
    [
      70,
      6273.11
    ],
    [
      77,
      6222.87
    ],
    [
      79,
      6218.529999999999
    ],
    [
      80,
      6176.94
    ],
    [
      82,
      6154.48
    ],
    [
      85,
      6122.86
    ],
    [
      87,
      6114.530000000001
    ]
  ]
}