{
  "parameters": {
    "dataset": "app_final_20_tight",
    "t_max": 1000.0,
    "t_min": 10.0,
    "alpha": 0.9,
    "iters_per_T": 500,
    "neighborhood": "mixed",
    "day_horizon": 600,
    "time_weight": 1.0
  },
  "initial_cost": 5722.25,
  "best_cost": 5160.8,
  "improvement_pct": 0.09811699943204157,
  "best_routes": [
    [
      0,
      1,
      13,
      7,
      0
    ],
    [
      0,
      15,
      8,
      17,
      20,
      11,
      16,
      3,
      14,
      6,
      0
    ],
    [
      0,
      2,
      5,
      19,
      10,
      12,
      4,
      18,
      9,
      0
    ]
  ],
  "metrics_initial": {
    "vehicles_used": 3,
    "total_distance_km": 1291.25,
    "cost_distance": 1291.25,
    "cost_time": 1731.0000000000002,
    "vehicle_cost": 2700.0,
    "waiting_E": 578.6700000000001,
    "horizon_excess_E": 0.0,
    "makespan_E": 596.1400000000001,
    "sum_route_time_E": 1731.0000000000002,
    "avg_route_time_E": 577.0000000000001
  },
  "metrics_best": {
    "vehicles_used": 3,
    "total_distance_km": 950.3099999999998,
    "cost_distance": 950.3099999999998,
    "cost_time": 1510.49,
    "vehicle_cost": 2700.0,
    "waiting_E": 657.21,
    "horizon_excess_E": 0.0,
    "makespan_E": 589.46,
    "sum_route_time_E": 1510.49,
    "avg_route_time_E": 503.49666666666667
  },
  "metrics_delta": {
    "vehicles_used": 0,
    "total_distance_km": -340.94000000000017,
    "cost_distance": -340.94000000000017,
    "cost_time": -220.51000000000022,
    "vehicle_cost": 0.0,
    "waiting_E": 78.53999999999996,
    "horizon_excess_E": 0.0,
    "makespan_E": -6.680000000000064,
    "sum_route_time_E": -220.51000000000022,
    "avg_route_time_E": -73.50333333333344
  },
  "process": {
    "runtime_seconds": 2.3713831901550293,
    "epochs": 44,
    "accepted_moves": 4655,
    "improving_moves": 531,
    "rejected_window_E_moves": 16644,
    "rejected_window_P_moves": 16958,
    "rejected_window_both_moves": 16564
  },
  "trace_improvements": [
    [
      0,
      5266.13
    ],
    [
      5,
      5254.110000000001
    ],
    [
      17,
      5230.48
    ],
    [
      29,
      5211.24
    ],
    [
      30,
      5170.36
    ],
    [
      32,
      5169.55
    ],
    [
      42,
      5163.2699999999995
    ],
    [
      43,
      5160.8
    ]
  ]
}