{
  "parameters": {
    "dataset": "app_final_20_very_loose",
    "t_max": 1000.0,
    "t_min": 10.0,
    "alpha": 0.95,
    "iters_per_T": 500,
    "neighborhood": "mixed",
    "day_horizon": 600,
    "time_weight": 1.0
  },
  "initial_cost": 3222.19,
  "best_cost": 3097.0800000000004,
  "improvement_pct": 0.0388276296556068,
  "best_routes": [
    [
      0,
      20,
      9,
      2,
      4,
      3,
      18,
      5,
      1,
      8,
      14,
      16,
      0
    ],
    [
      0,
      15,
      10,
      19,
      17,
      7,
      13,
      11,
      12,
      6,
      0
    ]
  ],
  "metrics_initial": {
    "vehicles_used": 2,
    "total_distance_km": 649.4700000000001,
    "cost_distance": 649.4700000000001,
    "cost_time": 772.7199999999999,
    "vehicle_cost": 1800.0,
    "waiting_E": 192.59,
    "horizon_excess_E": 0.0,
    "makespan_E": 413.61999999999995,
    "sum_route_time_E": 772.7199999999999,
    "avg_route_time_E": 386.35999999999996
  },
  "metrics_best": {
    "vehicles_used": 2,
    "total_distance_km": 619.9300000000001,
    "cost_distance": 619.9300000000001,
    "cost_time": 677.15,
    "vehicle_cost": 1800.0,
    "waiting_E": 110.14000000000006,
    "horizon_excess_E": 0.0,
    "makespan_E": 342.01,
    "sum_route_time_E": 677.15,
    "avg_route_time_E": 338.575
  },
  "metrics_delta": {
    "vehicles_used": 0,
    "total_distance_km": -29.540000000000077,
    "cost_distance": -29.540000000000077,
    "cost_time": -95.56999999999994,
    "vehicle_cost": 0.0,
    "waiting_E": -82.44999999999995,
    "horizon_excess_E": 0.0,
    "makespan_E": -71.60999999999996,
    "sum_route_time_E": -95.56999999999994,
    "avg_route_time_E": -47.78499999999997
  },
  "process": {
    "runtime_seconds": 5.19555139541626,
    "epochs": 90,
    "accepted_moves": 13034,
    "improving_moves": 3755,
    "rejected_window_E_moves": 25253,
    "rejected_window_P_moves": 26182,
    "rejected_window_both_moves": 24678
  },
  "trace_improvements": [
    [
      0,
      3222.19
    ],
    [
      58,
      3187.42
    ],
    [
      71,
      3162.62
    ],
    [
      72,
      3145.1600000000003
    ],
    [
      73,
      3109.54
    ],
    [
      78,
      3108.58
    ],
    [
      83,
      3097.0800000000004
    ]
  ]
}