{
  "parameters": {
    "dataset": "app_final_80_very_loose",
    "t_max": 1000.0,
    "t_min": 10.0,
    "alpha": 0.7,
    "iters_per_T": 500,
    "neighborhood": "mixed",
    "day_horizon": 600,
    "time_weight": 1.0
  },
  "initial_cost": 6154.709999999999,
  "best_cost": 6125.700000000001,
  "improvement_pct": 0.004713463347582323,
  "best_routes": [
    [
      0,
      11,
      47,
      25,
      43,
      68,
      33,
      54,
      20,
      16,
      55,
      42,
      34,
      49,
      7,
      24,
      50,
      46,
      1,
      5,
      69,
      45,
      14,
      56,
      13,
      64,
      79,
      80,
      38,
      72,
      10,
      9,
      0
    ],
    [
      0,
      40,
      63,
      70,
      17,
      27,
      19,
      39,
      28,
      59,
      41,
      78,
      51,
      18,
      58,
      26,
      22,
      2,
      62,
      75,
      15,
      74,
      67,
      57,
      21,
      8,
      32,
      76,
      0
    ],
    [
      0,
      3,
      35,
      36,
      52,
      44,
      4,
      48,
      61,
      60,
      66,
      23,
      71,
      29,
      37,
      77,
      31,
      30,
      12,
      53,
      73,
      65,
      6,
      0
    ]
  ],
  "metrics_initial": {
    "vehicles_used": 3,
    "total_distance_km": 1864.99,
    "cost_distance": 1864.99,
    "cost_time": 1589.7199999999998,
    "vehicle_cost": 2700.0,
    "waiting_E": 20.30000000000001,
    "horizon_excess_E": 0.0,
    "makespan_E": 596.4899999999999,
    "sum_route_time_E": 1589.7199999999998,
    "avg_route_time_E": 529.9066666666666
  },
  "metrics_best": {
    "vehicles_used": 3,
    "total_distance_km": 1842.35,
    "cost_distance": 1842.35,
    "cost_time": 1583.35,
    "vehicle_cost": 2700.0,
    "waiting_E": 32.81000000000002,
    "horizon_excess_E": 0.0,
    "makespan_E": 595.5400000000001,
    "sum_route_time_E": 1583.35,
    "avg_route_time_E": 527.7833333333333
  },
  "metrics_delta": {
    "vehicles_used": 0,
    "total_distance_km": -22.6400000000001,
    "cost_distance": -22.6400000000001,
    "cost_time": -6.369999999999891,
    "vehicle_cost": 0.0,
    "waiting_E": 12.510000000000005,
    "horizon_excess_E": 0.0,
    "makespan_E": -0.9499999999998181,
    "sum_route_time_E": -6.369999999999891,
    "avg_route_time_E": -2.123333333333335
  },
  "process": {
    "runtime_seconds": 1.5866870880126953,
    "epochs": 13,
    "accepted_moves": 516,
    "improving_moves": 88,
    "rejected_window_E_moves": 5907,
    "rejected_window_P_moves": 5910,
    "rejected_window_both_moves": 5855
  },
  "trace_improvements": [
    [
      0,
      6134.280000000001
    ],
    [
      1,
      6125.700000000001
    ]
  ]
}