{
  "parameters": {
    "dataset": "app_final_120_tight",
    "t_max": 1000.0,
    "t_min": 10.0,
    "alpha": 0.95,
    "iters_per_T": 500,
    "neighborhood": "mixed",
    "day_horizon": 600,
    "time_weight": 1.0
  },
  "initial_cost": 15820.490000000003,
  "best_cost": 14884.3,
  "improvement_pct": 0.05917579038323111,
  "best_routes": [
    [
      0,
      38,
      92,
      29,
      14,
      51,
      71,
      80,
      28,
      66,
      34,
      17,
      106,
      120,
      5,
      0
    ],
    [
      0,
      32,
      59,
      45,
      18,
      56,
      86,
      48,
      33,
      1,
      99,
      101,
      6,
      0
    ],
    [
      0,
      53,
      67,
      91,
      21,
      78,
      116,
      27,
      72,
      4,
      105,
      55,
      95,
      50,
      58,
      31,
      0
    ],
    [
      0,
      74,
      69,
      43,
      3,
      100,
      30,
      112,
      37,
      8,
      2,
      103,
      23,
      9,
      83,
      24,
      39,
      89,
      84,
      90,
      0
    ],
    [
      0,
      41,
      79,
      93,
      70,
      109,
      36,
      25,
      75,
      104,
      19,
      115,
      96,
      111,
      57,
      110,
      44,
      7,
      15,
      0
    ],
    [
      0,
      85,
      118,
      76,
      61,
      88,
      60,
      108,
      113,
      97,
      77,
      22,
      117,
      42,
      94,
      0
    ],
    [
      0,
      11,
      26,
      64,
      62,
      102,
      54,
      68,
      40,
      107,
      114,
      65,
      98,
      119,
      46,
      0
    ],
    [
      0,
      82,
      20,
      13,
      49,
      73,
      10,
      47,
      87,
      52,
      16,
      81,
      63,
      12,
      35,
      0
    ]
  ],
  "metrics_initial": {
    "vehicles_used": 8,
    "total_distance_km": 4535.980000000002,
    "cost_distance": 4535.980000000002,
    "cost_time": 4084.5100000000007,
    "vehicle_cost": 7200.0,
    "waiting_E": 389.52,
    "horizon_excess_E": 0.0,
    "makespan_E": 599.3900000000001,
    "sum_route_time_E": 4084.5100000000007,
    "avg_route_time_E": 510.5637500000001
  },
  "metrics_best": {
    "vehicles_used": 8,
    "total_distance_km": 3547.18,
    "cost_distance": 3547.18,
    "cost_time": 4137.12,
    "vehicle_cost": 7200.0,
    "waiting_E": 1177.0200000000002,
    "horizon_excess_E": 0.0,
    "makespan_E": 595.4,
    "sum_route_time_E": 4137.12,
    "avg_route_time_E": 517.14
  },
  "metrics_delta": {
    "vehicles_used": 0,
    "total_distance_km": -988.8000000000025,
    "cost_distance": -988.8000000000025,
    "cost_time": 52.60999999999922,
    "vehicle_cost": 0.0,
    "waiting_E": 787.5000000000002,
    "horizon_excess_E": 0.0,
    "makespan_E": -3.990000000000123,
    "sum_route_time_E": 52.60999999999922,
    "avg_route_time_E": 6.576249999999902
  },
  "process": {
    "runtime_seconds": 18.584242582321167,
    "epochs": 90,
    "accepted_moves": 5149,
    "improving_moves": 749,
    "rejected_window_E_moves": 39070,
    "rejected_window_P_moves": 39359,
    "rejected_window_both_moves": 38917
  },
  "trace_improvements": [
    [
      0,
      15820.490000000003
    ],
    [
      5,
      15705.49
    ],
    [
      49,
      15687.220000000001
    ],
    [
      53,
      15684.110000000004
    ],
    [
      54,
      15531.940000000002
    ],
    [
      56,
      15502.23
    ],
    [
      64,
      15418.45
    ],
    [
      65,
      15276.510000000002
    ],
    [
      80,
      15275.309999999998
    ],
    [
      81,
      15229.269999999997
    ],
    [
      82,
      15180.559999999998
    ],
    [
      83,
      15110.56
    ],
    [
      84,
      15059.449999999997
    ],
    [
      86,
      14976.07
    ],
    [
      87,
      14958.61
    ],
    [
      88,
      14895.46
    ],
    [
      89,
      14884.3
    ]
  ]
}