{
  "parameters": {
    "dataset": "app_final_200_medium",
    "t_max": 1000.0,
    "t_min": 10.0,
    "alpha": 0.95,
    "iters_per_T": 500,
    "neighborhood": "mixed",
    "day_horizon": 600,
    "time_weight": 1.0
  },
  "initial_cost": 16855.43,
  "best_cost": 16633.719999999998,
  "improvement_pct": 0.013153624677626305,
  "best_routes": [
    [
      0,
      184,
      4,
      94,
      182,
      26,
      100,
      139,
      145,
      142,
      146,
      104,
      183,
      137,
      81,
      12,
      136,
      126,
      72,
      93,
      56,
      31,
      96,
      113,
      9,
      84,
      55,
      39,
      132,
      35,
      47,
      154,
      156,
      97,
      193,
      151,
      147,
      20,
      0
    ],
    [
      0,
      111,
      86,
      10,
      138,
      196,
      179,
      52,
      54,
      115,
      43,
      159,
      24,
      48,
      16,
      38,
      198,
      168,
      98,
      128,
      153,
      29,
      21,
      131,
      181,
      0
    ],
    [
      0,
      28,
      171,
      36,
      73,
      177,
      34,
      15,
      122,
      140,
      125,
      23,
      74,
      189,
      172,
      68,
      107,
      169,
      66,
      167,
      53,
      149,
      46,
      112,
      160,
      0
    ],
    [
      0,
      180,
      83,
      76,
      197,
      71,
      148,
      70,
      155,
      158,
      129,
      143,
      49,
      57,
      18,
      60,
      40,
      50,
      69,
      164,
      85,
      124,
      0
    ],
    [
      0,
      130,
      102,
      30,
      114,
      64,
      33,
      173,
      190,
      6,
      116,
      187,
      58,
      150,
      186,
      22,
      200,
      32,
      45,
      13,
      42,
      0
    ],
    [
      0,
      192,
      65,
      133,
      61,
      8,
      135,
      118,
      67,
      82,
      188,
      123,
      41,
      165,
      161,
      27,
      44,
      80,
      37,
      178,
      78,
      106,
      17,
      89,
      144,
      62,
      0
    ],
    [
      0,
      174,
      195,
      166,
      88,
      176,
      134,
      77,
      2,
      127,
      141,
      117,
      99,
      163,
      194,
      11,
      63,
      87,
      95,
      105,
      91,
      92,
      75,
      0
    ],
    [
      0,
      185,
      162,
      3,
      121,
      170,
      79,
      152,
      14,
      175,
      157,
      101,
      120,
      19,
      7,
      1,
      5,
      119,
      51,
      108,
      109,
      25,
      199,
      59,
      103,
      110,
      90,
      191,
      0
    ]
  ],
  "metrics_initial": {
    "vehicles_used": 8,
    "total_distance_km": 5197.43,
    "cost_distance": 5197.43,
    "cost_time": 4458.0,
    "vehicle_cost": 7200.0,
    "waiting_E": 506.91999999999996,
    "horizon_excess_E": 0.0,
    "makespan_E": 597.09,
    "sum_route_time_E": 4458.0,
    "avg_route_time_E": 557.25
  },
  "metrics_best": {
    "vehicles_used": 8,
    "total_distance_km": 5009.699999999998,
    "cost_distance": 5009.699999999998,
    "cost_time": 4424.0199999999995,
    "vehicle_cost": 7200.0,
    "waiting_E": 490.45000000000005,
    "horizon_excess_E": 0.0,
    "makespan_E": 587.49,
    "sum_route_time_E": 4424.0199999999995,
    "avg_route_time_E": 553.0024999999999
  },
  "metrics_delta": {
    "vehicles_used": 0,
    "total_distance_km": -187.7300000000023,
    "cost_distance": -187.7300000000023,
    "cost_time": -33.98000000000047,
    "vehicle_cost": 0.0,
    "waiting_E": -16.469999999999914,
    "horizon_excess_E": 0.0,
    "makespan_E": -9.600000000000023,
    "sum_route_time_E": -33.98000000000047,
    "avg_route_time_E": -4.247500000000059
  },
  "process": {
    "runtime_seconds": 26.571058988571167,
    "epochs": 90,
    "accepted_moves": 3962,
    "improving_moves": 738,
    "rejected_window_E_moves": 40472,
    "rejected_window_P_moves": 40100,
    "rejected_window_both_moves": 39691
  },
  "trace_improvements": [
    [
      0,
      16855.43
    ],
    [
      84,
      16674.5
    ],
    [
      85,
      16669.199999999997
    ],
    [
      88,
      16633.719999999998
    ]
  ]
}