{
  "parameters": {
    "dataset": "app_final_40_loose",
    "t_max": 1000.0,
    "t_min": 10.0,
    "alpha": 0.9,
    "iters_per_T": 500,
    "neighborhood": "mixed",
    "day_horizon": 600,
    "time_weight": 1.0
  },
  "initial_cost": 3810.17,
  "best_cost": 3763.87,
  "improvement_pct": 0.012151688769792472,
  "best_routes": [
    [
      0,
      31,
      24,
      2,
      35,
      32,
      17,
      8,
      39,
      7,
      5,
      30,
      19,
      21,
      13,
      22,
      14,
      10,
      36,
      38,
      16,
      37,
      29,
      3,
      1,
      0
    ],
    [
      0,
      6,
      25,
      34,
      23,
      4,
      40,
      12,
      9,
      26,
      15,
      33,
      18,
      11,
      28,
      20,
      27,
      0
    ]
  ],
  "metrics_initial": {
    "vehicles_used": 2,
    "total_distance_km": 1018.9900000000001,
    "cost_distance": 1018.9900000000001,
    "cost_time": 991.1800000000001,
    "vehicle_cost": 1800.0,
    "waiting_E": 77.27999999999992,
    "horizon_excess_E": 0.0,
    "makespan_E": 504.1400000000001,
    "sum_route_time_E": 991.1800000000001,
    "avg_route_time_E": 495.59000000000003
  },
  "metrics_best": {
    "vehicles_used": 2,
    "total_distance_km": 1005.35,
    "cost_distance": 1005.35,
    "cost_time": 958.52,
    "vehicle_cost": 1800.0,
    "waiting_E": 30.869999999999965,
    "horizon_excess_E": 0.0,
    "makespan_E": 487.30999999999995,
    "sum_route_time_E": 958.52,
    "avg_route_time_E": 479.26
  },
  "metrics_delta": {
    "vehicles_used": 0,
    "total_distance_km": -13.6400000000001,
    "cost_distance": -13.6400000000001,
    "cost_time": -32.66000000000008,
    "vehicle_cost": 0.0,
    "waiting_E": -46.409999999999954,
    "horizon_excess_E": 0.0,
    "makespan_E": -16.830000000000155,
    "sum_route_time_E": -32.66000000000008,
    "avg_route_time_E": -16.33000000000004
  },
  "process": {
    "runtime_seconds": 3.3683536052703857,
    "epochs": 44,
    "accepted_moves": 2660,
    "improving_moves": 538,
    "rejected_window_E_moves": 18743,
    "rejected_window_P_moves": 18805,
    "rejected_window_both_moves": 18538
  },
  "trace_improvements": [
    [
      0,
      3797.7300000000005
    ],
    [
      40,
      3763.87
    ]
  ]
}