{
  "parameters": {
    "dataset": "app_final_80_loose",
    "t_max": 1000.0,
    "t_min": 10.0,
    "alpha": 0.9,
    "iters_per_T": 500,
    "neighborhood": "mixed",
    "day_horizon": 600,
    "time_weight": 1.0
  },
  "initial_cost": 6387.089999999999,
  "best_cost": 6319.639999999999,
  "improvement_pct": 0.01056036473574035,
  "best_routes": [
    [
      0,
      15,
      78,
      66,
      65,
      20,
      27,
      58,
      21,
      8,
      6,
      55,
      24,
      14,
      41,
      45,
      12,
      36,
      46,
      77,
      47,
      13,
      71,
      57,
      68,
      18,
      31,
      50,
      39,
      0
    ],
    [
      0,
      34,
      25,
      76,
      56,
      10,
      37,
      28,
      59,
      70,
      52,
      53,
      43,
      51,
      33,
      38,
      69,
      74,
      29,
      22,
      11,
      2,
      17,
      35,
      67,
      32,
      73,
      72,
      16,
      0
    ],
    [
      0,
      63,
      19,
      42,
      23,
      80,
      54,
      62,
      3,
      30,
      49,
      9,
      64,
      4,
      5,
      26,
      60,
      44,
      40,
      1,
      7,
      79,
      75,
      61,
      48,
      0
    ]
  ],
  "metrics_initial": {
    "vehicles_used": 3,
    "total_distance_km": 1987.2299999999998,
    "cost_distance": 1987.2299999999998,
    "cost_time": 1699.8599999999997,
    "vehicle_cost": 2700.0,
    "waiting_E": 61.810000000000045,
    "horizon_excess_E": 0.0,
    "makespan_E": 580.3,
    "sum_route_time_E": 1699.8599999999997,
    "avg_route_time_E": 566.6199999999999
  },
  "metrics_best": {
    "vehicles_used": 3,
    "total_distance_km": 1931.63,
    "cost_distance": 1931.63,
    "cost_time": 1688.0099999999998,
    "vehicle_cost": 2700.0,
    "waiting_E": 111.04999999999983,
    "horizon_excess_E": 0.0,
    "makespan_E": 572.33,
    "sum_route_time_E": 1688.0099999999998,
    "avg_route_time_E": 562.67
  },
  "metrics_delta": {
    "vehicles_used": 0,
    "total_distance_km": -55.59999999999968,
    "cost_distance": -55.59999999999968,
    "cost_time": -11.849999999999909,
    "vehicle_cost": 0.0,
    "waiting_E": 49.23999999999978,
    "horizon_excess_E": 0.0,
    "makespan_E": -7.969999999999914,
    "sum_route_time_E": -11.849999999999909,
    "avg_route_time_E": -3.949999999999932
  },
  "process": {
    "runtime_seconds": 5.39536452293396,
    "epochs": 44,
    "accepted_moves": 1842,
    "improving_moves": 297,
    "rejected_window_E_moves": 19901,
    "rejected_window_P_moves": 19645,
    "rejected_window_both_moves": 19434
  },
  "trace_improvements": [
    [
      0,
      6387.089999999999
    ],
    [
      8,
      6378.85
    ],
    [
      34,
      6359.6900000000005
    ],
    [
      35,
      6339.99
    ],
    [
      36,
      6319.639999999999
    ]
  ]
}