{
  "parameters": {
    "dataset": "app_final_40_medium",
    "t_max": 1000.0,
    "t_min": 10.0,
    "alpha": 0.5,
    "iters_per_T": 500,
    "neighborhood": "mixed",
    "day_horizon": 600,
    "time_weight": 1.0
  },
  "initial_cost": 6085.45,
  "best_cost": 5881.420000000001,
  "improvement_pct": 0.03352751234501949,
  "best_routes": [
    [
      0,
      11,
      5,
      17,
      39,
      12,
      7,
      23,
      35,
      24,
      40,
      18,
      10,
      14,
      22,
      15,
      19,
      0
    ],
    [
      0,
      37,
      3,
      13,
      33,
      20,
      31,
      34,
      4,
      2,
      25,
      21,
      0
    ],
    [
      0,
      30,
      32,
      29,
      6,
      16,
      36,
      27,
      28,
      1,
      38,
      8,
      26,
      9,
      0
    ]
  ],
  "metrics_initial": {
    "vehicles_used": 3,
    "total_distance_km": 1722.8400000000004,
    "cost_distance": 1722.8400000000004,
    "cost_time": 1662.61,
    "vehicle_cost": 2700.0,
    "waiting_E": 126.65,
    "horizon_excess_E": 0.0,
    "makespan_E": 589.23,
    "sum_route_time_E": 1662.61,
    "avg_route_time_E": 554.2033333333333
  },
  "metrics_best": {
    "vehicles_used": 3,
    "total_distance_km": 1583.5500000000006,
    "cost_distance": 1583.5500000000006,
    "cost_time": 1597.87,
    "vehicle_cost": 2700.0,
    "waiting_E": 154.77999999999997,
    "horizon_excess_E": 0.0,
    "makespan_E": 542.52,
    "sum_route_time_E": 1597.87,
    "avg_route_time_E": 532.6233333333333
  },
  "metrics_delta": {
    "vehicles_used": 0,
    "total_distance_km": -139.28999999999974,
    "cost_distance": -139.28999999999974,
    "cost_time": -64.74000000000001,
    "vehicle_cost": 0.0,
    "waiting_E": 28.129999999999967,
    "horizon_excess_E": 0.0,
    "makespan_E": -46.710000000000036,
    "sum_route_time_E": -64.74000000000001,
    "avg_route_time_E": -21.579999999999927
  },
  "process": {
    "runtime_seconds": 0.5989334583282471,
    "epochs": 7,
    "accepted_moves": 533,
    "improving_moves": 96,
    "rejected_window_E_moves": 2885,
    "rejected_window_P_moves": 2886,
    "rejected_window_both_moves": 2831
  },
  "trace_improvements": [
    [
      0,
      6085.45
    ],
    [
      1,
      6051.349999999999
    ],
    [
      2,
      5916.700000000001
    ],
    [
      3,
      5914.170000000001
    ],
    [
      4,
      5892.89
    ],
    [
      6,
      5881.420000000001
    ]
  ]
}