{
  "parameters": {
    "dataset": "app_final_20_medium",
    "t_max": 1000.0,
    "t_min": 10.0,
    "alpha": 0.5,
    "iters_per_T": 500,
    "neighborhood": "mixed",
    "day_horizon": 600,
    "time_weight": 1.0
  },
  "initial_cost": 3758.7000000000003,
  "best_cost": 3673.86,
  "improvement_pct": 0.022571633809561852,
  "best_routes": [
    [
      0,
      17,
      15,
      3,
      10,
      16,
      8,
      6,
      19,
      18,
      12,
      14,
      7,
      0
    ],
    [
      0,
      5,
      13,
      1,
      11,
      20,
      9,
      2,
      4,
      0
    ]
  ],
  "metrics_initial": {
    "vehicles_used": 2,
    "total_distance_km": 917.1800000000001,
    "cost_distance": 917.1800000000001,
    "cost_time": 1041.52,
    "vehicle_cost": 1800.0,
    "waiting_E": 211.95,
    "horizon_excess_E": 0.0,
    "makespan_E": 585.08,
    "sum_route_time_E": 1041.52,
    "avg_route_time_E": 520.76
  },
  "metrics_best": {
    "vehicles_used": 2,
    "total_distance_km": 795.9000000000001,
    "cost_distance": 795.9000000000001,
    "cost_time": 1077.96,
    "vehicle_cost": 1800.0,
    "waiting_E": 373.38,
    "horizon_excess_E": 0.0,
    "makespan_E": 581.6700000000001,
    "sum_route_time_E": 1077.96,
    "avg_route_time_E": 538.98
  },
  "metrics_delta": {
    "vehicles_used": 0,
    "total_distance_km": -121.27999999999997,
    "cost_distance": -121.27999999999997,
    "cost_time": 36.440000000000055,
    "vehicle_cost": 0.0,
    "waiting_E": 161.43,
    "horizon_excess_E": 0.0,
    "makespan_E": -3.409999999999968,
    "sum_route_time_E": 36.440000000000055,
    "avg_route_time_E": 18.220000000000027
  },
  "process": {
    "runtime_seconds": 0.317690372467041,
    "epochs": 7,
    "accepted_moves": 716,
    "improving_moves": 141,
    "rejected_window_E_moves": 2669,
    "rejected_window_P_moves": 2659,
    "rejected_window_both_moves": 2596
  },
  "trace_improvements": [
    [
      0,
      3758.7000000000003
    ],
    [
      5,
      3676.13
    ],
    [
      6,
      3673.86
    ]
  ]
}