{
  "parameters": {
    "dataset": "app_final_80_loose",
    "t_max": 1000.0,
    "t_min": 10.0,
    "alpha": 0.7,
    "iters_per_T": 500,
    "neighborhood": "mixed",
    "day_horizon": 600,
    "time_weight": 1.0
  },
  "initial_cost": 6387.089999999999,
  "best_cost": 6230.639999999999,
  "improvement_pct": 0.024494722948948555,
  "best_routes": [
    [
      0,
      34,
      25,
      20,
      52,
      70,
      28,
      35,
      2,
      24,
      14,
      55,
      6,
      42,
      45,
      41,
      12,
      21,
      36,
      46,
      18,
      77,
      57,
      13,
      68,
      71,
      67,
      50,
      16,
      39,
      0
    ],
    [
      0,
      27,
      56,
      76,
      10,
      37,
      58,
      59,
      53,
      65,
      38,
      48,
      66,
      69,
      74,
      29,
      22,
      11,
      17,
      7,
      33,
      51,
      73,
      32,
      40,
      72,
      0
    ],
    [
      0,
      78,
      15,
      63,
      19,
      8,
      23,
      80,
      49,
      9,
      30,
      3,
      62,
      64,
      4,
      5,
      26,
      43,
      44,
      60,
      1,
      47,
      54,
      31,
      79,
      75,
      61,
      0
    ]
  ],
  "metrics_initial": {
    "vehicles_used": 3,
    "total_distance_km": 1987.2299999999998,
    "cost_distance": 1987.2299999999998,
    "cost_time": 1699.8599999999997,
    "vehicle_cost": 2700.0,
    "waiting_E": 61.810000000000045,
    "horizon_excess_E": 0.0,
    "makespan_E": 580.3,
    "sum_route_time_E": 1699.8599999999997,
    "avg_route_time_E": 566.6199999999999
  },
  "metrics_best": {
    "vehicles_used": 3,
    "total_distance_km": 1881.2199999999996,
    "cost_distance": 1881.2199999999996,
    "cost_time": 1649.4200000000005,
    "vehicle_cost": 2700.0,
    "waiting_E": 90.35000000000014,
    "horizon_excess_E": 0.0,
    "makespan_E": 570.84,
    "sum_route_time_E": 1649.4200000000005,
    "avg_route_time_E": 549.8066666666668
  },
  "metrics_delta": {
    "vehicles_used": 0,
    "total_distance_km": -106.01000000000022,
    "cost_distance": -106.01000000000022,
    "cost_time": -50.439999999999145,
    "vehicle_cost": 0.0,
    "waiting_E": 28.54000000000009,
    "horizon_excess_E": 0.0,
    "makespan_E": -9.459999999999923,
    "sum_route_time_E": -50.439999999999145,
    "avg_route_time_E": -16.81333333333305
  },
  "process": {
    "runtime_seconds": 1.7008204460144043,
    "epochs": 13,
    "accepted_moves": 464,
    "improving_moves": 62,
    "rejected_window_E_moves": 5988,
    "rejected_window_P_moves": 5963,
    "rejected_window_both_moves": 5932
  },
  "trace_improvements": [
    [
      0,
      6374.339999999999
    ],
    [
      8,
      6373.33
    ],
    [
      11,
      6300.76
    ],
    [
      12,
      6230.639999999999
    ]
  ]
}