{
  "parameters": {
    "dataset": "app_final_120_tight",
    "t_max": 1000.0,
    "t_min": 10.0,
    "alpha": 0.9,
    "iters_per_T": 500,
    "neighborhood": "mixed",
    "day_horizon": 600,
    "time_weight": 1.0
  },
  "initial_cost": 15820.490000000003,
  "best_cost": 15099.28,
  "improvement_pct": 0.045587083585906796,
  "best_routes": [
    [
      0,
      38,
      102,
      11,
      29,
      60,
      43,
      49,
      51,
      115,
      106,
      44,
      7,
      15,
      31,
      35,
      0
    ],
    [
      0,
      85,
      14,
      25,
      56,
      48,
      104,
      54,
      19,
      52,
      81,
      42,
      94,
      0
    ],
    [
      0,
      53,
      67,
      91,
      21,
      71,
      111,
      72,
      105,
      16,
      63,
      22,
      55,
      95,
      6,
      0
    ],
    [
      0,
      69,
      74,
      116,
      8,
      57,
      97,
      24,
      9,
      120,
      83,
      5,
      98,
      46,
      0
    ],
    [
      0,
      41,
      93,
      79,
      70,
      45,
      18,
      78,
      40,
      75,
      1,
      33,
      107,
      86,
      65,
      114,
      103,
      23,
      117,
      90,
      84,
      0
    ],
    [
      0,
      118,
      61,
      68,
      76,
      109,
      36,
      82,
      80,
      113,
      108,
      28,
      17,
      34,
      2,
      66,
      110,
      50,
      0
    ],
    [
      0,
      32,
      59,
      3,
      20,
      88,
      112,
      37,
      30,
      13,
      27,
      10,
      96,
      99,
      12,
      101,
      77,
      89,
      39,
      0
    ],
    [
      0,
      64,
      92,
      26,
      62,
      73,
      100,
      47,
      87,
      4,
      58,
      119,
      0
    ]
  ],
  "metrics_initial": {
    "vehicles_used": 8,
    "total_distance_km": 4535.980000000002,
    "cost_distance": 4535.980000000002,
    "cost_time": 4084.5100000000007,
    "vehicle_cost": 7200.0,
    "waiting_E": 389.52,
    "horizon_excess_E": 0.0,
    "makespan_E": 599.3900000000001,
    "sum_route_time_E": 4084.5100000000007,
    "avg_route_time_E": 510.5637500000001
  },
  "metrics_best": {
    "vehicles_used": 8,
    "total_distance_km": 3699.95,
    "cost_distance": 3699.95,
    "cost_time": 4199.33,
    "vehicle_cost": 7200.0,
    "waiting_E": 1111.0900000000001,
    "horizon_excess_E": 0.0,
    "makespan_E": 579.4,
    "sum_route_time_E": 4199.33,
    "avg_route_time_E": 524.91625
  },
  "metrics_delta": {
    "vehicles_used": 0,
    "total_distance_km": -836.0300000000025,
    "cost_distance": -836.0300000000025,
    "cost_time": 114.81999999999925,
    "vehicle_cost": 0.0,
    "waiting_E": 721.5700000000002,
    "horizon_excess_E": 0.0,
    "makespan_E": -19.990000000000123,
    "sum_route_time_E": 114.81999999999925,
    "avg_route_time_E": 14.352499999999907
  },
  "process": {
    "runtime_seconds": 9.399441719055176,
    "epochs": 44,
    "accepted_moves": 2665,
    "improving_moves": 426,
    "rejected_window_E_moves": 18999,
    "rejected_window_P_moves": 19122,
    "rejected_window_both_moves": 18929
  },
  "trace_improvements": [
    [
      0,
      15788.100000000002
    ],
    [
      26,
      15751.900000000001
    ],
    [
      27,
      15698.27
    ],
    [
      28,
      15681.779999999999
    ],
    [
      33,
      15641.03
    ],
    [
      35,
      15607.470000000001
    ],
    [
      36,
      15440.77
    ],
    [
      37,
      15368.960000000001
    ],
    [
      38,
      15220.980000000003
    ],
    [
      39,
      15146.470000000001
    ],
    [
      42,
      15113.77
    ],
    [
      43,
      15099.28
    ]
  ]
}