{
  "parameters": {
    "dataset": "app_final_120_loose",
    "t_max": 1000.0,
    "t_min": 10.0,
    "alpha": 0.95,
    "iters_per_T": 500,
    "neighborhood": "mixed",
    "day_horizon": 600,
    "time_weight": 1.0
  },
  "initial_cost": 7944.5599999999995,
  "best_cost": 7890.790000000001,
  "improvement_pct": 0.006768153302385358,
  "best_routes": [
    [
      0,
      110,
      91,
      112,
      82,
      109,
      43,
      95,
      70,
      117,
      97,
      11,
      27,
      38,
      8,
      87,
      76,
      118,
      114,
      65,
      7,
      81,
      6,
      83,
      26,
      72,
      34,
      14,
      86,
      24,
      73,
      100,
      17,
      19,
      0
    ],
    [
      0,
      20,
      89,
      115,
      85,
      16,
      66,
      116,
      69,
      102,
      64,
      47,
      84,
      40,
      55,
      62,
      44,
      2,
      61,
      1,
      31,
      90,
      77,
      99,
      57,
      46,
      56,
      60,
      3,
      45,
      33,
      0
    ],
    [
      0,
      18,
      51,
      13,
      29,
      79,
      21,
      101,
      113,
      58,
      71,
      39,
      103,
      10,
      106,
      78,
      30,
      48,
      50,
      25,
      4,
      119,
      75,
      53,
      107,
      12,
      52,
      93,
      36,
      42,
      0
    ],
    [
      0,
      88,
      22,
      9,
      41,
      35,
      108,
      63,
      67,
      120,
      32,
      68,
      80,
      111,
      92,
      105,
      59,
      28,
      23,
      94,
      15,
      74,
      37,
      49,
      96,
      54,
      104,
      98,
      5,
      0
    ]
  ],
  "metrics_initial": {
    "vehicles_used": 4,
    "total_distance_km": 2222.48,
    "cost_distance": 2222.48,
    "cost_time": 2122.08,
    "vehicle_cost": 3600.0,
    "waiting_E": 105.83999999999997,
    "horizon_excess_E": 0.0,
    "makespan_E": 599.2300000000001,
    "sum_route_time_E": 2122.08,
    "avg_route_time_E": 530.52
  },
  "metrics_best": {
    "vehicles_used": 4,
    "total_distance_km": 2206.69,
    "cost_distance": 2206.69,
    "cost_time": 2084.1000000000004,
    "vehicle_cost": 3600.0,
    "waiting_E": 64.07999999999998,
    "horizon_excess_E": 0.0,
    "makespan_E": 559.36,
    "sum_route_time_E": 2084.1000000000004,
    "avg_route_time_E": 521.0250000000001
  },
  "metrics_delta": {
    "vehicles_used": 0,
    "total_distance_km": -15.789999999999964,
    "cost_distance": -15.789999999999964,
    "cost_time": -37.97999999999956,
    "vehicle_cost": 0.0,
    "waiting_E": -41.75999999999999,
    "horizon_excess_E": 0.0,
    "makespan_E": -39.87000000000012,
    "sum_route_time_E": -37.97999999999956,
    "avg_route_time_E": -9.49499999999989
  },
  "process": {
    "runtime_seconds": 16.014601945877075,
    "epochs": 90,
    "accepted_moves": 3440,
    "improving_moves": 617,
    "rejected_window_E_moves": 40814,
    "rejected_window_P_moves": 40701,
    "rejected_window_both_moves": 40297
  },
  "trace_improvements": [
    [
      0,
      7944.5599999999995
    ],
    [
      84,
      7935.340000000002
    ],
    [
      86,
      7890.790000000001
    ]
  ]
}