{
  "parameters": {
    "dataset": "app_final_80_loose",
    "t_max": 1000.0,
    "t_min": 10.0,
    "alpha": 0.5,
    "iters_per_T": 500,
    "neighborhood": "mixed",
    "day_horizon": 600,
    "time_weight": 1.0
  },
  "initial_cost": 6387.089999999999,
  "best_cost": 6325.16,
  "improvement_pct": 0.009696121394876132,
  "best_routes": [
    [
      0,
      15,
      34,
      25,
      20,
      52,
      70,
      26,
      28,
      35,
      2,
      24,
      14,
      55,
      6,
      42,
      45,
      41,
      12,
      21,
      36,
      46,
      18,
      77,
      68,
      57,
      13,
      71,
      67,
      50,
      16,
      39,
      61,
      0
    ],
    [
      0,
      27,
      76,
      56,
      10,
      37,
      58,
      59,
      43,
      53,
      65,
      38,
      66,
      69,
      74,
      29,
      22,
      7,
      33,
      51,
      73,
      32,
      72,
      0
    ],
    [
      0,
      78,
      8,
      63,
      19,
      23,
      80,
      49,
      30,
      3,
      9,
      62,
      5,
      31,
      54,
      47,
      64,
      4,
      60,
      44,
      40,
      1,
      75,
      79,
      17,
      11,
      48,
      0
    ]
  ],
  "metrics_initial": {
    "vehicles_used": 3,
    "total_distance_km": 1987.2299999999998,
    "cost_distance": 1987.2299999999998,
    "cost_time": 1699.8599999999997,
    "vehicle_cost": 2700.0,
    "waiting_E": 61.810000000000045,
    "horizon_excess_E": 0.0,
    "makespan_E": 580.3,
    "sum_route_time_E": 1699.8599999999997,
    "avg_route_time_E": 566.6199999999999
  },
  "metrics_best": {
    "vehicles_used": 3,
    "total_distance_km": 1944.0099999999998,
    "cost_distance": 1944.0099999999998,
    "cost_time": 1681.1499999999999,
    "vehicle_cost": 2700.0,
    "waiting_E": 62.73000000000006,
    "horizon_excess_E": 0.0,
    "makespan_E": 564.4399999999999,
    "sum_route_time_E": 1681.1499999999999,
    "avg_route_time_E": 560.3833333333333
  },
  "metrics_delta": {
    "vehicles_used": 0,
    "total_distance_km": -43.22000000000003,
    "cost_distance": -43.22000000000003,
    "cost_time": -18.70999999999981,
    "vehicle_cost": 0.0,
    "waiting_E": 0.9200000000000159,
    "horizon_excess_E": 0.0,
    "makespan_E": -15.860000000000014,
    "sum_route_time_E": -18.70999999999981,
    "avg_route_time_E": -6.236666666666565
  },
  "process": {
    "runtime_seconds": 0.946068525314331,
    "epochs": 7,
    "accepted_moves": 265,
    "improving_moves": 37,
    "rejected_window_E_moves": 3208,
    "rejected_window_P_moves": 3178,
    "rejected_window_both_moves": 3151
  },
  "trace_improvements": [
    [
      0,
      6325.16
    ]
  ]
}