{
  "parameters": {
    "dataset": "app_final_80_very_loose",
    "t_max": 1000.0,
    "t_min": 10.0,
    "alpha": 0.5,
    "iters_per_T": 500,
    "neighborhood": "mixed",
    "day_horizon": 600,
    "time_weight": 1.0
  },
  "initial_cost": 6154.709999999999,
  "best_cost": 6151.56,
  "improvement_pct": 0.0005118031556318214,
  "best_routes": [
    [
      0,
      11,
      47,
      44,
      43,
      68,
      33,
      54,
      20,
      16,
      55,
      42,
      34,
      49,
      7,
      24,
      50,
      37,
      1,
      5,
      69,
      45,
      14,
      56,
      13,
      64,
      79,
      80,
      38,
      10,
      72,
      9,
      0
    ],
    [
      0,
      40,
      63,
      70,
      17,
      27,
      19,
      39,
      28,
      59,
      41,
      23,
      51,
      18,
      58,
      26,
      22,
      2,
      62,
      75,
      15,
      74,
      57,
      21,
      53,
      73,
      67,
      8,
      32,
      76,
      0
    ],
    [
      0,
      3,
      35,
      25,
      36,
      52,
      4,
      48,
      61,
      66,
      78,
      60,
      71,
      29,
      46,
      77,
      31,
      30,
      12,
      65,
      6,
      0
    ]
  ],
  "metrics_initial": {
    "vehicles_used": 3,
    "total_distance_km": 1864.99,
    "cost_distance": 1864.99,
    "cost_time": 1589.7199999999998,
    "vehicle_cost": 2700.0,
    "waiting_E": 20.30000000000001,
    "horizon_excess_E": 0.0,
    "makespan_E": 596.4899999999999,
    "sum_route_time_E": 1589.7199999999998,
    "avg_route_time_E": 529.9066666666666
  },
  "metrics_best": {
    "vehicles_used": 3,
    "total_distance_km": 1861.8800000000003,
    "cost_distance": 1861.8800000000003,
    "cost_time": 1589.68,
    "vehicle_cost": 2700.0,
    "waiting_E": 22.600000000000023,
    "horizon_excess_E": 0.0,
    "makespan_E": 596.4899999999999,
    "sum_route_time_E": 1589.68,
    "avg_route_time_E": 529.8933333333333
  },
  "metrics_delta": {
    "vehicles_used": 0,
    "total_distance_km": -3.1099999999996726,
    "cost_distance": -3.1099999999996726,
    "cost_time": -0.03999999999973625,
    "vehicle_cost": 0.0,
    "waiting_E": 2.3000000000000114,
    "horizon_excess_E": 0.0,
    "makespan_E": 0.0,
    "sum_route_time_E": -0.03999999999973625,
    "avg_route_time_E": -0.013333333333321207
  },
  "process": {
    "runtime_seconds": 0.8729431629180908,
    "epochs": 7,
    "accepted_moves": 269,
    "improving_moves": 43,
    "rejected_window_E_moves": 3190,
    "rejected_window_P_moves": 3187,
    "rejected_window_both_moves": 3150
  },
  "trace_improvements": [
    [
      0,
      6151.56
    ]
  ]
}