{
  "parameters": {
    "dataset": "app_final_200_medium",
    "t_max": 1000.0,
    "t_min": 10.0,
    "alpha": 0.6,
    "iters_per_T": 500,
    "neighborhood": "mixed",
    "day_horizon": 600,
    "time_weight": 1.0
  },
  "initial_cost": 16855.43,
  "best_cost": 16760.000000000004,
  "improvement_pct": 0.005661676978872485,
  "best_routes": [
    [
      0,
      184,
      73,
      130,
      4,
      94,
      182,
      26,
      61,
      64,
      100,
      76,
      145,
      142,
      117,
      104,
      81,
      137,
      12,
      136,
      66,
      126,
      72,
      31,
      63,
      56,
      96,
      113,
      84,
      9,
      39,
      55,
      132,
      120,
      193,
      20,
      47,
      151,
      147,
      38,
      124,
      156,
      164,
      154,
      0
    ],
    [
      0,
      86,
      166,
      179,
      162,
      16,
      15,
      79,
      148,
      158,
      7,
      186,
      109,
      163,
      24,
      153,
      29,
      128,
      112,
      160,
      149,
      0
    ],
    [
      0,
      111,
      177,
      171,
      28,
      125,
      189,
      140,
      49,
      11,
      107,
      68,
      5,
      85,
      119,
      168,
      181,
      131,
      199,
      92,
      0
    ],
    [
      0,
      185,
      180,
      83,
      88,
      170,
      121,
      183,
      157,
      198,
      122,
      71,
      70,
      127,
      87,
      105,
      129,
      89,
      60,
      50,
      40,
      57,
      19,
      97,
      13,
      42,
      0
    ],
    [
      0,
      102,
      174,
      114,
      143,
      175,
      135,
      58,
      152,
      187,
      14,
      33,
      116,
      74,
      6,
      23,
      190,
      35,
      101,
      22,
      194,
      200,
      32,
      0
    ],
    [
      0,
      192,
      34,
      36,
      173,
      65,
      133,
      8,
      165,
      67,
      2,
      188,
      41,
      138,
      123,
      159,
      82,
      118,
      27,
      161,
      44,
      80,
      18,
      78,
      106,
      93,
      46,
      59,
      53,
      62,
      95,
      110,
      144,
      90,
      69,
      75,
      191,
      0
    ],
    [
      0,
      10,
      115,
      43,
      30,
      54,
      52,
      196,
      146,
      134,
      176,
      51,
      1,
      108,
      48,
      172,
      155,
      167,
      169,
      178,
      17,
      91,
      0
    ],
    [
      0,
      197,
      195,
      141,
      77,
      3,
      139,
      150,
      99,
      98,
      21,
      103,
      25,
      37,
      45,
      0
    ]
  ],
  "metrics_initial": {
    "vehicles_used": 8,
    "total_distance_km": 5197.43,
    "cost_distance": 5197.43,
    "cost_time": 4458.0,
    "vehicle_cost": 7200.0,
    "waiting_E": 506.91999999999996,
    "horizon_excess_E": 0.0,
    "makespan_E": 597.09,
    "sum_route_time_E": 4458.0,
    "avg_route_time_E": 557.25
  },
  "metrics_best": {
    "vehicles_used": 8,
    "total_distance_km": 5075.860000000004,
    "cost_distance": 5075.860000000004,
    "cost_time": 4484.14,
    "vehicle_cost": 7200.0,
    "waiting_E": 547.71,
    "horizon_excess_E": 0.0,
    "makespan_E": 599.76,
    "sum_route_time_E": 4484.14,
    "avg_route_time_E": 560.5175
  },
  "metrics_delta": {
    "vehicles_used": 0,
    "total_distance_km": -121.56999999999607,
    "cost_distance": -121.56999999999607,
    "cost_time": 26.140000000000327,
    "vehicle_cost": 0.0,
    "waiting_E": 40.79000000000008,
    "horizon_excess_E": 0.0,
    "makespan_E": 2.669999999999959,
    "sum_route_time_E": 26.140000000000327,
    "avg_route_time_E": 3.267500000000041
  },
  "process": {
    "runtime_seconds": 3.119621515274048,
    "epochs": 10,
    "accepted_moves": 450,
    "improving_moves": 71,
    "rejected_window_E_moves": 4481,
    "rejected_window_P_moves": 4447,
    "rejected_window_both_moves": 4401
  },
  "trace_improvements": [
    [
      0,
      16855.43
    ],
    [
      8,
      16828.180000000004
    ],
    [
      9,
      16760.000000000004
    ]
  ]
}