{
  "parameters": {
    "dataset": "app_final_20_very_loose",
    "t_max": 1000.0,
    "t_min": 10.0,
    "alpha": 0.9,
    "iters_per_T": 500,
    "neighborhood": "mixed",
    "day_horizon": 600,
    "time_weight": 1.0
  },
  "initial_cost": 3222.19,
  "best_cost": 3170.45,
  "improvement_pct": 0.016057401953329952,
  "best_routes": [
    [
      0,
      20,
      11,
      17,
      18,
      3,
      4,
      1,
      5,
      7,
      13,
      19,
      12,
      6,
      15,
      0
    ],
    [
      0,
      9,
      2,
      10,
      8,
      14,
      16,
      0
    ]
  ],
  "metrics_initial": {
    "vehicles_used": 2,
    "total_distance_km": 649.4700000000001,
    "cost_distance": 649.4700000000001,
    "cost_time": 772.7199999999999,
    "vehicle_cost": 1800.0,
    "waiting_E": 192.59,
    "horizon_excess_E": 0.0,
    "makespan_E": 413.61999999999995,
    "sum_route_time_E": 772.7199999999999,
    "avg_route_time_E": 386.35999999999996
  },
  "metrics_best": {
    "vehicles_used": 2,
    "total_distance_km": 641.17,
    "cost_distance": 641.17,
    "cost_time": 729.28,
    "vehicle_cost": 1800.0,
    "waiting_E": 146.61,
    "horizon_excess_E": 0.0,
    "makespan_E": 394.13999999999993,
    "sum_route_time_E": 729.28,
    "avg_route_time_E": 364.64
  },
  "metrics_delta": {
    "vehicles_used": 0,
    "total_distance_km": -8.300000000000182,
    "cost_distance": -8.300000000000182,
    "cost_time": -43.43999999999994,
    "vehicle_cost": 0.0,
    "waiting_E": -45.97999999999999,
    "horizon_excess_E": 0.0,
    "makespan_E": -19.480000000000018,
    "sum_route_time_E": -43.43999999999994,
    "avg_route_time_E": -21.71999999999997
  },
  "process": {
    "runtime_seconds": 2.566706418991089,
    "epochs": 44,
    "accepted_moves": 6520,
    "improving_moves": 1841,
    "rejected_window_E_moves": 12239,
    "rejected_window_P_moves": 12655,
    "rejected_window_both_moves": 11965
  },
  "trace_improvements": [
    [
      0,
      3222.19
    ],
    [
      38,
      3170.45
    ]
  ]
}