{
  "parameters": {
    "dataset": "app_final_40_very_loose",
    "t_max": 1000.0,
    "t_min": 10.0,
    "alpha": 0.6,
    "iters_per_T": 500,
    "neighborhood": "mixed",
    "day_horizon": 600,
    "time_weight": 1.0
  },
  "initial_cost": 4057.98,
  "best_cost": 3886.51,
  "improvement_pct": 0.04225501357818417,
  "best_routes": [
    [
      0,
      21,
      5,
      8,
      14,
      12,
      13,
      11,
      1,
      18,
      38,
      35,
      33,
      25,
      6,
      24,
      31,
      20,
      3,
      23,
      36,
      2,
      17,
      10,
      7,
      0
    ],
    [
      0,
      32,
      39,
      22,
      26,
      34,
      15,
      30,
      9,
      4,
      19,
      29,
      16,
      28,
      27,
      37,
      40,
      0
    ]
  ],
  "metrics_initial": {
    "vehicles_used": 2,
    "total_distance_km": 1132.81,
    "cost_distance": 1132.81,
    "cost_time": 1125.17,
    "vehicle_cost": 1800.0,
    "waiting_E": 120.92999999999999,
    "horizon_excess_E": 0.0,
    "makespan_E": 578.77,
    "sum_route_time_E": 1125.17,
    "avg_route_time_E": 562.585
  },
  "metrics_best": {
    "vehicles_used": 2,
    "total_distance_km": 1041.39,
    "cost_distance": 1041.39,
    "cost_time": 1045.12,
    "vehicle_cost": 1800.0,
    "waiting_E": 82.33000000000003,
    "horizon_excess_E": 0.0,
    "makespan_E": 532.67,
    "sum_route_time_E": 1045.12,
    "avg_route_time_E": 522.56
  },
  "metrics_delta": {
    "vehicles_used": 0,
    "total_distance_km": -91.41999999999985,
    "cost_distance": -91.41999999999985,
    "cost_time": -80.05000000000018,
    "vehicle_cost": 0.0,
    "waiting_E": -38.599999999999966,
    "horizon_excess_E": 0.0,
    "makespan_E": -46.10000000000002,
    "sum_route_time_E": -80.05000000000018,
    "avg_route_time_E": -40.02500000000009
  },
  "process": {
    "runtime_seconds": 0.8359420299530029,
    "epochs": 10,
    "accepted_moves": 655,
    "improving_moves": 154,
    "rejected_window_E_moves": 4153,
    "rejected_window_P_moves": 3980,
    "rejected_window_both_moves": 3899
  },
  "trace_improvements": [
    [
      0,
      4057.98
    ],
    [
      5,
      4057.5800000000004
    ],
    [
      6,
      3950.86
    ],
    [
      9,
      3886.51
    ]
  ]
}