{
  "parameters": {
    "dataset": "app_final_40_medium",
    "t_max": 1000.0,
    "t_min": 10.0,
    "alpha": 0.95,
    "iters_per_T": 500,
    "neighborhood": "mixed",
    "day_horizon": 600,
    "time_weight": 1.0
  },
  "initial_cost": 6085.45,
  "best_cost": 5372.16,
  "improvement_pct": 0.11721236720374006,
  "best_routes": [
    [
      0,
      11,
      17,
      5,
      3,
      27,
      33,
      14,
      10,
      18,
      20,
      19,
      22,
      26,
      0
    ],
    [
      0,
      13,
      16,
      39,
      12,
      37,
      35,
      7,
      4,
      34,
      15,
      2,
      25,
      8,
      0
    ],
    [
      0,
      30,
      23,
      32,
      29,
      6,
      40,
      24,
      31,
      36,
      1,
      28,
      38,
      21,
      9,
      0
    ]
  ],
  "metrics_initial": {
    "vehicles_used": 3,
    "total_distance_km": 1722.8400000000004,
    "cost_distance": 1722.8400000000004,
    "cost_time": 1662.61,
    "vehicle_cost": 2700.0,
    "waiting_E": 126.65,
    "horizon_excess_E": 0.0,
    "makespan_E": 589.23,
    "sum_route_time_E": 1662.61,
    "avg_route_time_E": 554.2033333333333
  },
  "metrics_best": {
    "vehicles_used": 3,
    "total_distance_km": 1252.3000000000004,
    "cost_distance": 1252.3000000000004,
    "cost_time": 1419.8600000000001,
    "vehicle_cost": 2700.0,
    "waiting_E": 282.49999999999994,
    "horizon_excess_E": 0.0,
    "makespan_E": 531.59,
    "sum_route_time_E": 1419.8600000000001,
    "avg_route_time_E": 473.2866666666667
  },
  "metrics_delta": {
    "vehicles_used": 0,
    "total_distance_km": -470.53999999999996,
    "cost_distance": -470.53999999999996,
    "cost_time": -242.74999999999977,
    "vehicle_cost": 0.0,
    "waiting_E": 155.84999999999994,
    "horizon_excess_E": 0.0,
    "makespan_E": -57.639999999999986,
    "sum_route_time_E": -242.74999999999977,
    "avg_route_time_E": -80.91666666666657
  },
  "process": {
    "runtime_seconds": 7.173853158950806,
    "epochs": 90,
    "accepted_moves": 6891,
    "improving_moves": 1303,
    "rejected_window_E_moves": 36382,
    "rejected_window_P_moves": 36682,
    "rejected_window_both_moves": 36022
  },
  "trace_improvements": [
    [
      0,
      6027.15
    ],
    [
      7,
      5846.52
    ],
    [
      8,
      5845.8
    ],
    [
      10,
      5818.62
    ],
    [
      13,
      5788.9400000000005
    ],
    [
      61,
      5641.679999999999
    ],
    [
      64,
      5591.24
    ],
    [
      76,
      5542.89
    ],
    [
      77,
      5518.09
    ],
    [
      78,
      5476.9400000000005
    ],
    [
      81,
      5468.83
    ],
    [
      83,
      5444.84
    ],
    [
      84,
      5421.51
    ],
    [
      85,
      5394.17
    ],
    [
      86,
      5372.16
    ]
  ]
}