{
  "parameters": {
    "dataset": "app_final_120_very_loose",
    "t_max": 1000.0,
    "t_min": 10.0,
    "alpha": 0.95,
    "iters_per_T": 500,
    "neighborhood": "mixed",
    "day_horizon": 600,
    "time_weight": 1.0
  },
  "initial_cost": 9577.64,
  "best_cost": 9516.07,
  "improvement_pct": 0.006428514748936034,
  "best_routes": [
    [
      0,
      12,
      74,
      20,
      3,
      70,
      73,
      75,
      83,
      35,
      6,
      97,
      4,
      82,
      98,
      28,
      24,
      13,
      85,
      79,
      52,
      0
    ],
    [
      0,
      116,
      112,
      26,
      17,
      117,
      111,
      80,
      119,
      107,
      1,
      81,
      32,
      100,
      41,
      23,
      37,
      5,
      18,
      87,
      108,
      40,
      53,
      8,
      48,
      113,
      68,
      77,
      51,
      2,
      0
    ],
    [
      0,
      104,
      62,
      103,
      25,
      43,
      22,
      58,
      9,
      59,
      38,
      50,
      55,
      39,
      101,
      33,
      76,
      11,
      49,
      106,
      94,
      86,
      47,
      46,
      78,
      91,
      29,
      44,
      110,
      19,
      16,
      0
    ],
    [
      0,
      7,
      115,
      102,
      15,
      96,
      10,
      64,
      36,
      72,
      31,
      30,
      90,
      84,
      92,
      21,
      42,
      57,
      120,
      0
    ],
    [
      0,
      71,
      54,
      67,
      34,
      109,
      89,
      93,
      69,
      99,
      63,
      118,
      65,
      105,
      114,
      60,
      27,
      95,
      88,
      61,
      45,
      56,
      14,
      66,
      0
    ]
  ],
  "metrics_initial": {
    "vehicles_used": 5,
    "total_distance_km": 2635.55,
    "cost_distance": 2635.55,
    "cost_time": 2442.09,
    "vehicle_cost": 4500.0,
    "waiting_E": 92.49000000000004,
    "horizon_excess_E": 0.0,
    "makespan_E": 595.2700000000001,
    "sum_route_time_E": 2442.09,
    "avg_route_time_E": 488.418
  },
  "metrics_best": {
    "vehicles_used": 5,
    "total_distance_km": 2573.5999999999995,
    "cost_distance": 2573.5999999999995,
    "cost_time": 2442.4700000000003,
    "vehicle_cost": 4500.0,
    "waiting_E": 97.44,
    "horizon_excess_E": 0.0,
    "makespan_E": 580.2900000000001,
    "sum_route_time_E": 2442.4700000000003,
    "avg_route_time_E": 488.494
  },
  "metrics_delta": {
    "vehicles_used": 0,
    "total_distance_km": -61.95000000000073,
    "cost_distance": -61.95000000000073,
    "cost_time": 0.38000000000010914,
    "vehicle_cost": 0.0,
    "waiting_E": 4.94999999999996,
    "horizon_excess_E": 0.0,
    "makespan_E": -14.980000000000018,
    "sum_route_time_E": 0.38000000000010914,
    "avg_route_time_E": 0.07600000000002183
  },
  "process": {
    "runtime_seconds": 17.06651496887207,
    "epochs": 90,
    "accepted_moves": 5146,
    "improving_moves": 1262,
    "rejected_window_E_moves": 38242,
    "rejected_window_P_moves": 37071,
    "rejected_window_both_moves": 36458
  },
  "trace_improvements": [
    [
      0,
      9577.64
    ],
    [
      86,
      9540.7
    ],
    [
      88,
      9532.240000000002
    ],
    [
      89,
      9516.07
    ]
  ]
}