{
  "parameters": {
    "dataset": "app_final_40_tight",
    "t_max": 1000.0,
    "t_min": 10.0,
    "alpha": 0.5,
    "iters_per_T": 500,
    "neighborhood": "mixed",
    "day_horizon": 600,
    "time_weight": 1.0
  },
  "initial_cost": 9186.7,
  "best_cost": 9115.18,
  "improvement_pct": 0.007785167688070845,
  "best_routes": [
    [
      0,
      22,
      30,
      35,
      36,
      39,
      12,
      23,
      34,
      0
    ],
    [
      0,
      3,
      9,
      37,
      26,
      13,
      38,
      0
    ],
    [
      0,
      20,
      16,
      1,
      6,
      32,
      17,
      40,
      28,
      0
    ],
    [
      0,
      21,
      18,
      2,
      33,
      31,
      29,
      10,
      27,
      8,
      0
    ],
    [
      0,
      14,
      24,
      5,
      25,
      7,
      11,
      15,
      4,
      19,
      0
    ]
  ],
  "metrics_initial": {
    "vehicles_used": 5,
    "total_distance_km": 1991.9199999999998,
    "cost_distance": 1991.9199999999998,
    "cost_time": 2694.78,
    "vehicle_cost": 4500.0,
    "waiting_E": 869.1899999999998,
    "horizon_excess_E": 0.0,
    "makespan_E": 582.24,
    "sum_route_time_E": 2694.78,
    "avg_route_time_E": 538.956
  },
  "metrics_best": {
    "vehicles_used": 5,
    "total_distance_km": 1886.33,
    "cost_distance": 1886.33,
    "cost_time": 2728.85,
    "vehicle_cost": 4500.0,
    "waiting_E": 1001.9400000000003,
    "horizon_excess_E": 0.0,
    "makespan_E": 567.1,
    "sum_route_time_E": 2728.85,
    "avg_route_time_E": 545.77
  },
  "metrics_delta": {
    "vehicles_used": 0,
    "total_distance_km": -105.58999999999992,
    "cost_distance": -105.58999999999992,
    "cost_time": 34.06999999999971,
    "vehicle_cost": 0.0,
    "waiting_E": 132.75000000000045,
    "horizon_excess_E": 0.0,
    "makespan_E": -15.139999999999986,
    "sum_route_time_E": 34.06999999999971,
    "avg_route_time_E": 6.8139999999999645
  },
  "process": {
    "runtime_seconds": 0.6955304145812988,
    "epochs": 7,
    "accepted_moves": 673,
    "improving_moves": 106,
    "rejected_window_E_moves": 2754,
    "rejected_window_P_moves": 2765,
    "rejected_window_both_moves": 2722
  },
  "trace_improvements": [
    [
      0,
      9186.7
    ],
    [
      3,
      9175.539999999999
    ],
    [
      6,
      9115.18
    ]
  ]
}