{
  "parameters": {
    "dataset": "app_final_40_tight",
    "t_max": 1000.0,
    "t_min": 10.0,
    "alpha": 0.6,
    "iters_per_T": 500,
    "neighborhood": "mixed",
    "day_horizon": 600,
    "time_weight": 1.0
  },
  "initial_cost": 9186.7,
  "best_cost": 8892.45,
  "improvement_pct": 0.03202999989114698,
  "best_routes": [
    [
      0,
      3,
      39,
      16,
      26,
      37,
      34,
      4,
      0
    ],
    [
      0,
      24,
      14,
      32,
      1,
      6,
      10,
      27,
      8,
      13,
      0
    ],
    [
      0,
      30,
      22,
      35,
      12,
      17,
      28,
      40,
      19,
      0
    ],
    [
      0,
      20,
      2,
      18,
      5,
      25,
      7,
      11,
      15,
      0
    ],
    [
      0,
      21,
      36,
      9,
      33,
      29,
      31,
      23,
      38,
      0
    ]
  ],
  "metrics_initial": {
    "vehicles_used": 5,
    "total_distance_km": 1991.9199999999998,
    "cost_distance": 1991.9199999999998,
    "cost_time": 2694.78,
    "vehicle_cost": 4500.0,
    "waiting_E": 869.1899999999998,
    "horizon_excess_E": 0.0,
    "makespan_E": 582.24,
    "sum_route_time_E": 2694.78,
    "avg_route_time_E": 538.956
  },
  "metrics_best": {
    "vehicles_used": 5,
    "total_distance_km": 1712.0099999999998,
    "cost_distance": 1712.0099999999998,
    "cost_time": 2680.4399999999996,
    "vehicle_cost": 4500.0,
    "waiting_E": 1054.92,
    "horizon_excess_E": 0.0,
    "makespan_E": 581.9499999999999,
    "sum_route_time_E": 2680.4399999999996,
    "avg_route_time_E": 536.088
  },
  "metrics_delta": {
    "vehicles_used": 0,
    "total_distance_km": -279.9100000000001,
    "cost_distance": -279.9100000000001,
    "cost_time": -14.3400000000006,
    "vehicle_cost": 0.0,
    "waiting_E": 185.73000000000025,
    "horizon_excess_E": 0.0,
    "makespan_E": -0.2900000000000773,
    "sum_route_time_E": -14.3400000000006,
    "avg_route_time_E": -2.868000000000052
  },
  "process": {
    "runtime_seconds": 1.0446803569793701,
    "epochs": 10,
    "accepted_moves": 934,
    "improving_moves": 124,
    "rejected_window_E_moves": 3932,
    "rejected_window_P_moves": 3945,
    "rejected_window_both_moves": 3876
  },
  "trace_improvements": [
    [
      0,
      9186.7
    ],
    [
      4,
      9186.56
    ],
    [
      5,
      9159.039999999999
    ],
    [
      6,
      9128.41
    ],
    [
      7,
      9113.75
    ],
    [
      8,
      8927.39
    ],
    [
      9,
      8892.45
    ]
  ]
}