{
  "parameters": {
    "dataset": "app_final_20_medium",
    "t_max": 1000.0,
    "t_min": 10.0,
    "alpha": 0.7,
    "iters_per_T": 500,
    "neighborhood": "mixed",
    "day_horizon": 600,
    "time_weight": 1.0
  },
  "initial_cost": 3758.7000000000003,
  "best_cost": 3695.7300000000005,
  "improvement_pct": 0.01675313273206156,
  "best_routes": [
    [
      0,
      17,
      15,
      8,
      16,
      2,
      4,
      12,
      14,
      0
    ],
    [
      0,
      5,
      3,
      13,
      1,
      11,
      20,
      9,
      10,
      18,
      19,
      6,
      7,
      0
    ]
  ],
  "metrics_initial": {
    "vehicles_used": 2,
    "total_distance_km": 917.1800000000001,
    "cost_distance": 917.1800000000001,
    "cost_time": 1041.52,
    "vehicle_cost": 1800.0,
    "waiting_E": 211.95,
    "horizon_excess_E": 0.0,
    "makespan_E": 585.08,
    "sum_route_time_E": 1041.52,
    "avg_route_time_E": 520.76
  },
  "metrics_best": {
    "vehicles_used": 2,
    "total_distance_km": 851.38,
    "cost_distance": 851.38,
    "cost_time": 1044.3500000000001,
    "vehicle_cost": 1800.0,
    "waiting_E": 280.57,
    "horizon_excess_E": 0.0,
    "makespan_E": 526.6600000000001,
    "sum_route_time_E": 1044.3500000000001,
    "avg_route_time_E": 522.1750000000001
  },
  "metrics_delta": {
    "vehicles_used": 0,
    "total_distance_km": -65.80000000000007,
    "cost_distance": -65.80000000000007,
    "cost_time": 2.8300000000001546,
    "vehicle_cost": 0.0,
    "waiting_E": 68.62,
    "horizon_excess_E": 0.0,
    "makespan_E": -58.41999999999996,
    "sum_route_time_E": 2.8300000000001546,
    "avg_route_time_E": 1.4150000000000773
  },
  "process": {
    "runtime_seconds": 0.6058886051177979,
    "epochs": 13,
    "accepted_moves": 1376,
    "improving_moves": 280,
    "rejected_window_E_moves": 4852,
    "rejected_window_P_moves": 4828,
    "rejected_window_both_moves": 4695
  },
  "trace_improvements": [
    [
      0,
      3754.29
    ],
    [
      9,
      3695.7300000000005
    ]
  ]
}