{
  "parameters": {
    "dataset": "app_final_120_medium",
    "t_max": 1000.0,
    "t_min": 10.0,
    "alpha": 0.9,
    "iters_per_T": 500,
    "neighborhood": "mixed",
    "day_horizon": 600,
    "time_weight": 1.0
  },
  "initial_cost": 13892.869999999999,
  "best_cost": 13684.599999999999,
  "improvement_pct": 0.014991142938788058,
  "best_routes": [
    [
      0,
      10,
      114,
      78,
      43,
      97,
      45,
      105,
      38,
      57,
      47,
      21,
      112,
      95,
      1,
      14,
      72,
      11,
      113,
      91,
      55,
      0
    ],
    [
      0,
      51,
      96,
      48,
      13,
      115,
      87,
      12,
      100,
      85,
      30,
      86,
      44,
      80,
      76,
      22,
      68,
      67,
      0
    ],
    [
      0,
      28,
      82,
      2,
      106,
      29,
      25,
      88,
      19,
      58,
      34,
      37,
      20,
      69,
      35,
      79,
      103,
      41,
      39,
      116,
      0
    ],
    [
      0,
      102,
      74,
      53,
      7,
      50,
      108,
      8,
      3,
      15,
      83,
      92,
      6,
      84,
      119,
      17,
      104,
      110,
      63,
      0
    ],
    [
      0,
      90,
      54,
      59,
      62,
      61,
      26,
      109,
      46,
      81,
      98,
      16,
      27,
      65,
      0
    ],
    [
      0,
      117,
      31,
      40,
      64,
      36,
      111,
      93,
      118,
      70,
      9,
      23,
      32,
      49,
      101,
      107,
      24,
      0
    ],
    [
      0,
      5,
      52,
      71,
      66,
      60,
      73,
      56,
      77,
      42,
      33,
      99,
      75,
      94,
      18,
      120,
      89,
      4,
      0
    ]
  ],
  "metrics_initial": {
    "vehicles_used": 7,
    "total_distance_km": 3814.1899999999996,
    "cost_distance": 3814.1899999999996,
    "cost_time": 3778.6800000000003,
    "vehicle_cost": 6300.0,
    "waiting_E": 367.19000000000005,
    "horizon_excess_E": 0.0,
    "makespan_E": 585.98,
    "sum_route_time_E": 3778.6800000000003,
    "avg_route_time_E": 539.8114285714286
  },
  "metrics_best": {
    "vehicles_used": 7,
    "total_distance_km": 3549.7300000000005,
    "cost_distance": 3549.7300000000005,
    "cost_time": 3834.87,
    "vehicle_cost": 6300.0,
    "waiting_E": 565.88,
    "horizon_excess_E": 0.0,
    "makespan_E": 575.7599999999999,
    "sum_route_time_E": 3834.87,
    "avg_route_time_E": 547.8385714285714
  },
  "metrics_delta": {
    "vehicles_used": 0,
    "total_distance_km": -264.4599999999991,
    "cost_distance": -264.4599999999991,
    "cost_time": 56.1899999999996,
    "vehicle_cost": 0.0,
    "waiting_E": 198.68999999999994,
    "horizon_excess_E": 0.0,
    "makespan_E": -10.220000000000141,
    "sum_route_time_E": 56.1899999999996,
    "avg_route_time_E": 8.027142857142849
  },
  "process": {
    "runtime_seconds": 8.67711329460144,
    "epochs": 44,
    "accepted_moves": 2646,
    "improving_moves": 526,
    "rejected_window_E_moves": 18774,
    "rejected_window_P_moves": 18745,
    "rejected_window_both_moves": 18442
  },
  "trace_improvements": [
    [
      0,
      13814.130000000001
    ],
    [
      43,
      13684.599999999999
    ]
  ]
}