{
  "parameters": {
    "dataset": "app_final_120_tight",
    "t_max": 1000.0,
    "t_min": 10.0,
    "alpha": 0.6,
    "iters_per_T": 500,
    "neighborhood": "mixed",
    "day_horizon": 600,
    "time_weight": 1.0
  },
  "initial_cost": 15820.490000000003,
  "best_cost": 15746.620000000003,
  "improvement_pct": 0.00466926119228929,
  "best_routes": [
    [
      0,
      85,
      38,
      102,
      11,
      29,
      14,
      51,
      73,
      13,
      116,
      8,
      65,
      103,
      2,
      7,
      110,
      63,
      12,
      101,
      117,
      42,
      22,
      94,
      0
    ],
    [
      0,
      74,
      45,
      109,
      36,
      48,
      86,
      1,
      33,
      75,
      40,
      30,
      10,
      47,
      16,
      105,
      72,
      106,
      77,
      39,
      5,
      44,
      0
    ],
    [
      0,
      18,
      67,
      53,
      91,
      21,
      80,
      4,
      27,
      28,
      81,
      97,
      35,
      0
    ],
    [
      0,
      32,
      69,
      3,
      62,
      100,
      49,
      20,
      112,
      114,
      17,
      83,
      120,
      24,
      9,
      98,
      46,
      119,
      0
    ],
    [
      0,
      76,
      70,
      93,
      79,
      41,
      43,
      115,
      19,
      107,
      111,
      57,
      15,
      23,
      90,
      84,
      89,
      0
    ],
    [
      0,
      118,
      68,
      88,
      61,
      56,
      113,
      108,
      34,
      66,
      52,
      55,
      95,
      6,
      50,
      58,
      31,
      0
    ],
    [
      0,
      25,
      82,
      59,
      104,
      54,
      37,
      96,
      99,
      0
    ],
    [
      0,
      64,
      26,
      92,
      60,
      71,
      78,
      87,
      0
    ]
  ],
  "metrics_initial": {
    "vehicles_used": 8,
    "total_distance_km": 4535.980000000002,
    "cost_distance": 4535.980000000002,
    "cost_time": 4084.5100000000007,
    "vehicle_cost": 7200.0,
    "waiting_E": 389.52,
    "horizon_excess_E": 0.0,
    "makespan_E": 599.3900000000001,
    "sum_route_time_E": 4084.5100000000007,
    "avg_route_time_E": 510.5637500000001
  },
  "metrics_best": {
    "vehicles_used": 8,
    "total_distance_km": 4505.140000000001,
    "cost_distance": 4505.140000000001,
    "cost_time": 4041.4800000000005,
    "vehicle_cost": 7200.0,
    "waiting_E": 377.63999999999993,
    "horizon_excess_E": 0.0,
    "makespan_E": 599.3900000000001,
    "sum_route_time_E": 4041.4800000000005,
    "avg_route_time_E": 505.18500000000006
  },
  "metrics_delta": {
    "vehicles_used": 0,
    "total_distance_km": -30.840000000001055,
    "cost_distance": -30.840000000001055,
    "cost_time": -43.0300000000002,
    "vehicle_cost": 0.0,
    "waiting_E": -11.880000000000052,
    "horizon_excess_E": 0.0,
    "makespan_E": 0.0,
    "sum_route_time_E": -43.0300000000002,
    "avg_route_time_E": -5.378750000000025
  },
  "process": {
    "runtime_seconds": 2.3494136333465576,
    "epochs": 10,
    "accepted_moves": 503,
    "improving_moves": 52,
    "rejected_window_E_moves": 4408,
    "rejected_window_P_moves": 4452,
    "rejected_window_both_moves": 4395
  },
  "trace_improvements": [
    [
      0,
      15776.380000000003
    ],
    [
      1,
      15746.620000000003
    ]
  ]
}