{
  "parameters": {
    "dataset": "app_final_20_medium",
    "t_max": 1000.0,
    "t_min": 10.0,
    "alpha": 0.95,
    "iters_per_T": 500,
    "neighborhood": "mixed",
    "day_horizon": 600,
    "time_weight": 1.0
  },
  "initial_cost": 3758.7000000000003,
  "best_cost": 3618.1000000000004,
  "improvement_pct": 0.03740655013701543,
  "best_routes": [
    [
      0,
      15,
      17,
      3,
      20,
      11,
      1,
      9,
      10,
      16,
      8,
      6,
      0
    ],
    [
      0,
      5,
      13,
      2,
      19,
      18,
      12,
      14,
      4,
      7,
      0
    ]
  ],
  "metrics_initial": {
    "vehicles_used": 2,
    "total_distance_km": 917.1800000000001,
    "cost_distance": 917.1800000000001,
    "cost_time": 1041.52,
    "vehicle_cost": 1800.0,
    "waiting_E": 211.95,
    "horizon_excess_E": 0.0,
    "makespan_E": 585.08,
    "sum_route_time_E": 1041.52,
    "avg_route_time_E": 520.76
  },
  "metrics_best": {
    "vehicles_used": 2,
    "total_distance_km": 825.84,
    "cost_distance": 825.84,
    "cost_time": 992.26,
    "vehicle_cost": 1800.0,
    "waiting_E": 234.96000000000006,
    "horizon_excess_E": 0.0,
    "makespan_E": 582.97,
    "sum_route_time_E": 992.26,
    "avg_route_time_E": 496.13
  },
  "metrics_delta": {
    "vehicles_used": 0,
    "total_distance_km": -91.34000000000003,
    "cost_distance": -91.34000000000003,
    "cost_time": -49.25999999999999,
    "vehicle_cost": 0.0,
    "waiting_E": 23.010000000000076,
    "horizon_excess_E": 0.0,
    "makespan_E": -2.1100000000000136,
    "sum_route_time_E": -49.25999999999999,
    "avg_route_time_E": -24.629999999999995
  },
  "process": {
    "runtime_seconds": 4.189935207366943,
    "epochs": 90,
    "accepted_moves": 9210,
    "improving_moves": 1847,
    "rejected_window_E_moves": 33798,
    "rejected_window_P_moves": 33245,
    "rejected_window_both_moves": 32594
  },
  "trace_improvements": [
    [
      0,
      3724.1900000000005
    ],
    [
      16,
      3708.67
    ],
    [
      18,
      3703.3099999999995
    ],
    [
      60,
      3618.1000000000004
    ]
  ]
}