{
  "parameters": {
    "dataset": "app_final_80_medium",
    "t_max": 1000.0,
    "t_min": 10.0,
    "alpha": 0.5,
    "iters_per_T": 500,
    "neighborhood": "mixed",
    "day_horizon": 600,
    "time_weight": 1.0
  },
  "initial_cost": 9712.71,
  "best_cost": 9712.71,
  "improvement_pct": 0.0,
  "best_routes": [
    [
      0,
      22,
      41,
      18,
      75,
      9,
      70,
      76,
      23,
      21,
      48,
      59,
      53,
      35,
      12,
      73,
      17,
      31,
      49,
      72,
      0
    ],
    [
      0,
      44,
      66,
      8,
      71,
      37,
      38,
      1,
      25,
      26,
      63,
      13,
      10,
      7,
      34,
      67,
      30,
      57,
      62,
      58,
      5,
      33,
      46,
      51,
      42,
      78,
      65,
      4,
      0
    ],
    [
      0,
      14,
      27,
      79,
      56,
      54,
      15,
      24,
      47,
      29,
      64,
      20,
      69,
      6,
      55,
      3,
      45,
      0
    ],
    [
      0,
      28,
      43,
      50,
      74,
      2,
      68,
      16,
      19,
      40,
      60,
      32,
      11,
      61,
      0
    ],
    [
      0,
      39,
      77,
      36,
      52,
      80,
      0
    ]
  ],
  "metrics_initial": {
    "vehicles_used": 5,
    "total_distance_km": 2720.8299999999995,
    "cost_distance": 2720.8299999999995,
    "cost_time": 2491.88,
    "vehicle_cost": 4500.0,
    "waiting_E": 97.90999999999991,
    "horizon_excess_E": 0.0,
    "makespan_E": 588.62,
    "sum_route_time_E": 2491.88,
    "avg_route_time_E": 498.37600000000003
  },
  "metrics_best": {
    "vehicles_used": 5,
    "total_distance_km": 2720.8299999999995,
    "cost_distance": 2720.8299999999995,
    "cost_time": 2491.88,
    "vehicle_cost": 4500.0,
    "waiting_E": 97.90999999999991,
    "horizon_excess_E": 0.0,
    "makespan_E": 588.62,
    "sum_route_time_E": 2491.88,
    "avg_route_time_E": 498.37600000000003
  },
  "metrics_delta": {
    "vehicles_used": 0,
    "total_distance_km": 0.0,
    "cost_distance": 0.0,
    "cost_time": 0.0,
    "vehicle_cost": 0.0,
    "waiting_E": 0.0,
    "horizon_excess_E": 0.0,
    "makespan_E": 0.0,
    "sum_route_time_E": 0.0,
    "avg_route_time_E": 0.0
  },
  "process": {
    "runtime_seconds": 1.0822679996490479,
    "epochs": 7,
    "accepted_moves": 470,
    "improving_moves": 79,
    "rejected_window_E_moves": 2975,
    "rejected_window_P_moves": 2970,
    "rejected_window_both_moves": 2930
  },
  "trace_improvements": [
    [
      0,
      9712.71
    ]
  ]
}