{
  "parameters": {
    "dataset": "app_final_40_tight",
    "t_max": 1000.0,
    "t_min": 10.0,
    "alpha": 0.95,
    "iters_per_T": 500,
    "neighborhood": "mixed",
    "day_horizon": 600,
    "time_weight": 1.0
  },
  "initial_cost": 9186.7,
  "best_cost": 8619.35,
  "improvement_pct": 0.061757758498699244,
  "best_routes": [
    [
      0,
      21,
      16,
      18,
      5,
      1,
      6,
      17,
      28,
      40,
      4,
      19,
      0
    ],
    [
      0,
      22,
      30,
      35,
      3,
      36,
      24,
      14,
      0
    ],
    [
      0,
      9,
      12,
      23,
      34,
      38,
      0
    ],
    [
      0,
      32,
      39,
      26,
      25,
      7,
      15,
      11,
      0
    ],
    [
      0,
      20,
      29,
      31,
      2,
      33,
      37,
      10,
      27,
      8,
      13,
      0
    ]
  ],
  "metrics_initial": {
    "vehicles_used": 5,
    "total_distance_km": 1991.9199999999998,
    "cost_distance": 1991.9199999999998,
    "cost_time": 2694.78,
    "vehicle_cost": 4500.0,
    "waiting_E": 869.1899999999998,
    "horizon_excess_E": 0.0,
    "makespan_E": 582.24,
    "sum_route_time_E": 2694.78,
    "avg_route_time_E": 538.956
  },
  "metrics_best": {
    "vehicles_used": 5,
    "total_distance_km": 1655.5299999999997,
    "cost_distance": 1655.5299999999997,
    "cost_time": 2463.82,
    "vehicle_cost": 4500.0,
    "waiting_E": 982.14,
    "horizon_excess_E": 0.0,
    "makespan_E": 596.89,
    "sum_route_time_E": 2463.82,
    "avg_route_time_E": 492.764
  },
  "metrics_delta": {
    "vehicles_used": 0,
    "total_distance_km": -336.3900000000001,
    "cost_distance": -336.3900000000001,
    "cost_time": -230.96000000000004,
    "vehicle_cost": 0.0,
    "waiting_E": 112.95000000000016,
    "horizon_excess_E": 0.0,
    "makespan_E": 14.649999999999977,
    "sum_route_time_E": -230.96000000000004,
    "avg_route_time_E": -46.19200000000001
  },
  "process": {
    "runtime_seconds": 8.336451768875122,
    "epochs": 90,
    "accepted_moves": 8202,
    "improving_moves": 1071,
    "rejected_window_E_moves": 35689,
    "rejected_window_P_moves": 35986,
    "rejected_window_both_moves": 35370
  },
  "trace_improvements": [
    [
      0,
      9182.439999999999
    ],
    [
      45,
      9014.349999999999
    ],
    [
      47,
      8989.01
    ],
    [
      59,
      8981.36
    ],
    [
      73,
      8870.11
    ],
    [
      75,
      8859.789999999999
    ],
    [
      79,
      8850.079999999998
    ],
    [
      81,
      8806.220000000001
    ],
    [
      82,
      8782.72
    ],
    [
      83,
      8778.189999999999
    ],
    [
      88,
      8641.189999999999
    ],
    [
      89,
      8619.35
    ]
  ]
}