{
  "parameters": {
    "dataset": "app_final_20_medium",
    "t_max": 1000.0,
    "t_min": 10.0,
    "alpha": 0.6,
    "iters_per_T": 500,
    "neighborhood": "mixed",
    "day_horizon": 600,
    "time_weight": 1.0
  },
  "initial_cost": 3758.7000000000003,
  "best_cost": 3684.5099999999998,
  "improvement_pct": 0.019738207358927423,
  "best_routes": [
    [
      0,
      17,
      15,
      5,
      3,
      20,
      9,
      10,
      16,
      8,
      19,
      18,
      12,
      14,
      6,
      0
    ],
    [
      0,
      13,
      1,
      11,
      2,
      4,
      7,
      0
    ]
  ],
  "metrics_initial": {
    "vehicles_used": 2,
    "total_distance_km": 917.1800000000001,
    "cost_distance": 917.1800000000001,
    "cost_time": 1041.52,
    "vehicle_cost": 1800.0,
    "waiting_E": 211.95,
    "horizon_excess_E": 0.0,
    "makespan_E": 585.08,
    "sum_route_time_E": 1041.52,
    "avg_route_time_E": 520.76
  },
  "metrics_best": {
    "vehicles_used": 2,
    "total_distance_km": 802.14,
    "cost_distance": 802.14,
    "cost_time": 1082.37,
    "vehicle_cost": 1800.0,
    "waiting_E": 347.83,
    "horizon_excess_E": 0.0,
    "makespan_E": 542.28,
    "sum_route_time_E": 1082.37,
    "avg_route_time_E": 541.185
  },
  "metrics_delta": {
    "vehicles_used": 0,
    "total_distance_km": -115.04000000000008,
    "cost_distance": -115.04000000000008,
    "cost_time": 40.84999999999991,
    "vehicle_cost": 0.0,
    "waiting_E": 135.88,
    "horizon_excess_E": 0.0,
    "makespan_E": -42.80000000000007,
    "sum_route_time_E": 40.84999999999991,
    "avg_route_time_E": 20.424999999999955
  },
  "process": {
    "runtime_seconds": 0.4708993434906006,
    "epochs": 10,
    "accepted_moves": 1023,
    "improving_moves": 203,
    "rejected_window_E_moves": 3772,
    "rejected_window_P_moves": 3776,
    "rejected_window_both_moves": 3676
  },
  "trace_improvements": [
    [
      0,
      3758.7000000000003
    ],
    [
      6,
      3684.5099999999998
    ]
  ]
}