{
  "parameters": {
    "dataset": "app_final_80_medium",
    "t_max": 1000.0,
    "t_min": 10.0,
    "alpha": 0.7,
    "iters_per_T": 500,
    "neighborhood": "mixed",
    "day_horizon": 600,
    "time_weight": 1.0
  },
  "initial_cost": 9712.71,
  "best_cost": 9648.77,
  "improvement_pct": 0.006583126645395435,
  "best_routes": [
    [
      0,
      39,
      66,
      75,
      76,
      2,
      70,
      57,
      23,
      48,
      5,
      58,
      59,
      46,
      11,
      12,
      49,
      31,
      0
    ],
    [
      0,
      50,
      74,
      8,
      71,
      37,
      38,
      1,
      25,
      26,
      63,
      54,
      15,
      47,
      24,
      53,
      17,
      51,
      33,
      42,
      65,
      4,
      0
    ],
    [
      0,
      14,
      22,
      27,
      79,
      56,
      62,
      13,
      21,
      10,
      7,
      45,
      61,
      29,
      35,
      72,
      64,
      73,
      69,
      0
    ],
    [
      0,
      43,
      44,
      16,
      28,
      36,
      20,
      68,
      19,
      32,
      40,
      60,
      6,
      55,
      3,
      0
    ],
    [
      0,
      41,
      77,
      18,
      9,
      52,
      34,
      67,
      30,
      80,
      78,
      0
    ]
  ],
  "metrics_initial": {
    "vehicles_used": 5,
    "total_distance_km": 2720.8299999999995,
    "cost_distance": 2720.8299999999995,
    "cost_time": 2491.88,
    "vehicle_cost": 4500.0,
    "waiting_E": 97.90999999999991,
    "horizon_excess_E": 0.0,
    "makespan_E": 588.62,
    "sum_route_time_E": 2491.88,
    "avg_route_time_E": 498.37600000000003
  },
  "metrics_best": {
    "vehicles_used": 5,
    "total_distance_km": 2546.56,
    "cost_distance": 2546.56,
    "cost_time": 2602.21,
    "vehicle_cost": 4500.0,
    "waiting_E": 270.78,
    "horizon_excess_E": 0.0,
    "makespan_E": 594.5,
    "sum_route_time_E": 2602.21,
    "avg_route_time_E": 520.442
  },
  "metrics_delta": {
    "vehicles_used": 0,
    "total_distance_km": -174.26999999999953,
    "cost_distance": -174.26999999999953,
    "cost_time": 110.32999999999993,
    "vehicle_cost": 0.0,
    "waiting_E": 172.87000000000006,
    "horizon_excess_E": 0.0,
    "makespan_E": 5.8799999999999955,
    "sum_route_time_E": 110.32999999999993,
    "avg_route_time_E": 22.065999999999974
  },
  "process": {
    "runtime_seconds": 1.9752767086029053,
    "epochs": 13,
    "accepted_moves": 951,
    "improving_moves": 201,
    "rejected_window_E_moves": 5382,
    "rejected_window_P_moves": 5410,
    "rejected_window_both_moves": 5340
  },
  "trace_improvements": [
    [
      0,
      9703.64
    ],
    [
      12,
      9648.77
    ]
  ]
}