{
  "parameters": {
    "dataset": "app_final_40_medium",
    "t_max": 1000.0,
    "t_min": 10.0,
    "alpha": 0.7,
    "iters_per_T": 500,
    "neighborhood": "mixed",
    "day_horizon": 600,
    "time_weight": 1.0
  },
  "initial_cost": 6085.45,
  "best_cost": 5484.76,
  "improvement_pct": 0.09870921624530636,
  "best_routes": [
    [
      0,
      11,
      17,
      5,
      27,
      33,
      13,
      40,
      20,
      18,
      10,
      19,
      22,
      26,
      14,
      0
    ],
    [
      0,
      16,
      37,
      12,
      7,
      6,
      35,
      4,
      34,
      31,
      2,
      15,
      25,
      8,
      9,
      0
    ],
    [
      0,
      39,
      32,
      23,
      30,
      29,
      24,
      3,
      36,
      1,
      28,
      38,
      21,
      0
    ]
  ],
  "metrics_initial": {
    "vehicles_used": 3,
    "total_distance_km": 1722.8400000000004,
    "cost_distance": 1722.8400000000004,
    "cost_time": 1662.61,
    "vehicle_cost": 2700.0,
    "waiting_E": 126.65,
    "horizon_excess_E": 0.0,
    "makespan_E": 589.23,
    "sum_route_time_E": 1662.61,
    "avg_route_time_E": 554.2033333333333
  },
  "metrics_best": {
    "vehicles_used": 3,
    "total_distance_km": 1317.6600000000005,
    "cost_distance": 1317.6600000000005,
    "cost_time": 1467.1,
    "vehicle_cost": 2700.0,
    "waiting_E": 253.33000000000004,
    "horizon_excess_E": 0.0,
    "makespan_E": 562.21,
    "sum_route_time_E": 1467.1,
    "avg_route_time_E": 489.0333333333333
  },
  "metrics_delta": {
    "vehicles_used": 0,
    "total_distance_km": -405.17999999999984,
    "cost_distance": -405.17999999999984,
    "cost_time": -195.51,
    "vehicle_cost": 0.0,
    "waiting_E": 126.68000000000004,
    "horizon_excess_E": 0.0,
    "makespan_E": -27.019999999999982,
    "sum_route_time_E": -195.51,
    "avg_route_time_E": -65.16999999999996
  },
  "process": {
    "runtime_seconds": 1.1263351440429688,
    "epochs": 13,
    "accepted_moves": 935,
    "improving_moves": 156,
    "rejected_window_E_moves": 5412,
    "rejected_window_P_moves": 5461,
    "rejected_window_both_moves": 5388
  },
  "trace_improvements": [
    [
      0,
      6065.55
    ],
    [
      3,
      6043.630000000001
    ],
    [
      4,
      5918.74
    ],
    [
      5,
      5862.030000000001
    ],
    [
      8,
      5826.530000000001
    ],
    [
      9,
      5636.900000000001
    ],
    [
      10,
      5616.000000000001
    ],
    [
      11,
      5484.76
    ]
  ]
}