{
  "parameters": {
    "dataset": "app_final_40_loose",
    "t_max": 1000.0,
    "t_min": 10.0,
    "alpha": 0.6,
    "iters_per_T": 500,
    "neighborhood": "mixed",
    "day_horizon": 600,
    "time_weight": 1.0
  },
  "initial_cost": 3810.17,
  "best_cost": 3810.17,
  "improvement_pct": 0.0,
  "best_routes": [
    [
      0,
      31,
      6,
      25,
      23,
      21,
      5,
      8,
      17,
      32,
      35,
      7,
      30,
      19,
      14,
      10,
      16,
      38,
      36,
      15,
      29,
      37,
      3,
      1,
      13,
      22,
      0
    ],
    [
      0,
      34,
      24,
      4,
      9,
      12,
      40,
      26,
      33,
      2,
      18,
      11,
      39,
      28,
      20,
      27,
      0
    ]
  ],
  "metrics_initial": {
    "vehicles_used": 2,
    "total_distance_km": 1018.9900000000001,
    "cost_distance": 1018.9900000000001,
    "cost_time": 991.1800000000001,
    "vehicle_cost": 1800.0,
    "waiting_E": 77.27999999999992,
    "horizon_excess_E": 0.0,
    "makespan_E": 504.1400000000001,
    "sum_route_time_E": 991.1800000000001,
    "avg_route_time_E": 495.59000000000003
  },
  "metrics_best": {
    "vehicles_used": 2,
    "total_distance_km": 1018.9900000000001,
    "cost_distance": 1018.9900000000001,
    "cost_time": 991.1800000000001,
    "vehicle_cost": 1800.0,
    "waiting_E": 77.27999999999992,
    "horizon_excess_E": 0.0,
    "makespan_E": 504.1400000000001,
    "sum_route_time_E": 991.1800000000001,
    "avg_route_time_E": 495.59000000000003
  },
  "metrics_delta": {
    "vehicles_used": 0,
    "total_distance_km": 0.0,
    "cost_distance": 0.0,
    "cost_time": 0.0,
    "vehicle_cost": 0.0,
    "waiting_E": 0.0,
    "horizon_excess_E": 0.0,
    "makespan_E": 0.0,
    "sum_route_time_E": 0.0,
    "avg_route_time_E": 0.0
  },
  "process": {
    "runtime_seconds": 0.8643758296966553,
    "epochs": 10,
    "accepted_moves": 625,
    "improving_moves": 129,
    "rejected_window_E_moves": 4264,
    "rejected_window_P_moves": 4247,
    "rejected_window_both_moves": 4181
  },
  "trace_improvements": [
    [
      0,
      3810.17
    ]
  ]
}