{
  "parameters": {
    "dataset": "app_final_20_tight",
    "t_max": 1000.0,
    "t_min": 10.0,
    "alpha": 0.95,
    "iters_per_T": 500,
    "neighborhood": "mixed",
    "day_horizon": 600,
    "time_weight": 1.0
  },
  "initial_cost": 5722.25,
  "best_cost": 5143.11,
  "improvement_pct": 0.10120844073572464,
  "best_routes": [
    [
      0,
      15,
      8,
      17,
      20,
      11,
      12,
      7,
      6,
      0
    ],
    [
      0,
      2,
      5,
      4,
      18,
      9,
      0
    ],
    [
      0,
      1,
      13,
      16,
      10,
      19,
      3,
      14,
      0
    ]
  ],
  "metrics_initial": {
    "vehicles_used": 3,
    "total_distance_km": 1291.25,
    "cost_distance": 1291.25,
    "cost_time": 1731.0000000000002,
    "vehicle_cost": 2700.0,
    "waiting_E": 578.6700000000001,
    "horizon_excess_E": 0.0,
    "makespan_E": 596.1400000000001,
    "sum_route_time_E": 1731.0000000000002,
    "avg_route_time_E": 577.0000000000001
  },
  "metrics_best": {
    "vehicles_used": 3,
    "total_distance_km": 894.53,
    "cost_distance": 894.53,
    "cost_time": 1548.5800000000002,
    "vehicle_cost": 2700.0,
    "waiting_E": 729.8199999999999,
    "horizon_excess_E": 0.0,
    "makespan_E": 589.46,
    "sum_route_time_E": 1548.5800000000002,
    "avg_route_time_E": 516.1933333333334
  },
  "metrics_delta": {
    "vehicles_used": 0,
    "total_distance_km": -396.72,
    "cost_distance": -396.72,
    "cost_time": -182.42000000000007,
    "vehicle_cost": 0.0,
    "waiting_E": 151.14999999999986,
    "horizon_excess_E": 0.0,
    "makespan_E": -6.680000000000064,
    "sum_route_time_E": -182.42000000000007,
    "avg_route_time_E": -60.80666666666673
  },
  "process": {
    "runtime_seconds": 5.339707136154175,
    "epochs": 90,
    "accepted_moves": 9645,
    "improving_moves": 1116,
    "rejected_window_E_moves": 33958,
    "rejected_window_P_moves": 34646,
    "rejected_window_both_moves": 33773
  },
  "trace_improvements": [
    [
      0,
      5516.95
    ],
    [
      1,
      5490.6
    ],
    [
      2,
      5445.25
    ],
    [
      3,
      5208.9
    ],
    [
      38,
      5184.01
    ],
    [
      69,
      5170.389999999999
    ],
    [
      77,
      5159.94
    ],
    [
      82,
      5157.07
    ],
    [
      84,
      5146.88
    ],
    [
      85,
      5143.11
    ]
  ]
}