{
  "parameters": {
    "dataset": "app_final_40_very_loose",
    "t_max": 1000.0,
    "t_min": 10.0,
    "alpha": 0.7,
    "iters_per_T": 500,
    "neighborhood": "mixed",
    "day_horizon": 600,
    "time_weight": 1.0
  },
  "initial_cost": 4057.98,
  "best_cost": 4013.0599999999995,
  "improvement_pct": 0.011069546917431956,
  "best_routes": [
    [
      0,
      32,
      14,
      8,
      1,
      34,
      9,
      13,
      11,
      18,
      35,
      33,
      25,
      6,
      24,
      31,
      20,
      3,
      10,
      23,
      36,
      2,
      17,
      7,
      0
    ],
    [
      0,
      22,
      21,
      5,
      39,
      37,
      16,
      29,
      19,
      40,
      26,
      38,
      12,
      27,
      28,
      4,
      30,
      15,
      0
    ]
  ],
  "metrics_initial": {
    "vehicles_used": 2,
    "total_distance_km": 1132.81,
    "cost_distance": 1132.81,
    "cost_time": 1125.17,
    "vehicle_cost": 1800.0,
    "waiting_E": 120.92999999999999,
    "horizon_excess_E": 0.0,
    "makespan_E": 578.77,
    "sum_route_time_E": 1125.17,
    "avg_route_time_E": 562.585
  },
  "metrics_best": {
    "vehicles_used": 2,
    "total_distance_km": 1106.4299999999998,
    "cost_distance": 1106.4299999999998,
    "cost_time": 1106.6299999999999,
    "vehicle_cost": 1800.0,
    "waiting_E": 135.80000000000004,
    "horizon_excess_E": 0.0,
    "makespan_E": 583.0999999999999,
    "sum_route_time_E": 1106.6299999999999,
    "avg_route_time_E": 553.3149999999999
  },
  "metrics_delta": {
    "vehicles_used": 0,
    "total_distance_km": -26.38000000000011,
    "cost_distance": -26.38000000000011,
    "cost_time": -18.54000000000019,
    "vehicle_cost": 0.0,
    "waiting_E": 14.870000000000047,
    "horizon_excess_E": 0.0,
    "makespan_E": 4.329999999999927,
    "sum_route_time_E": -18.54000000000019,
    "avg_route_time_E": -9.270000000000095
  },
  "process": {
    "runtime_seconds": 1.002892017364502,
    "epochs": 13,
    "accepted_moves": 808,
    "improving_moves": 164,
    "rejected_window_E_moves": 5609,
    "rejected_window_P_moves": 5407,
    "rejected_window_both_moves": 5327
  },
  "trace_improvements": [
    [
      0,
      4030.51
    ],
    [
      2,
      4013.0599999999995
    ]
  ]
}