{
  "parameters": {
    "dataset": "app_final_80_tight",
    "t_max": 1000.0,
    "t_min": 10.0,
    "alpha": 0.5,
    "iters_per_T": 500,
    "neighborhood": "mixed",
    "day_horizon": 600,
    "time_weight": 1.0
  },
  "initial_cost": 11626.3,
  "best_cost": 11602.140000000001,
  "improvement_pct": 0.0020780471861209533,
  "best_routes": [
    [
      0,
      6,
      62,
      33,
      43,
      13,
      23,
      5,
      7,
      74,
      41,
      59,
      46,
      64,
      27,
      69,
      0
    ],
    [
      0,
      15,
      31,
      10,
      22,
      55,
      51,
      8,
      78,
      25,
      3,
      58,
      19,
      32,
      67,
      63,
      70,
      0
    ],
    [
      0,
      21,
      4,
      48,
      16,
      17,
      35,
      52,
      77,
      49,
      76,
      9,
      80,
      65,
      0
    ],
    [
      0,
      2,
      26,
      36,
      14,
      24,
      42,
      68,
      61,
      71,
      37,
      30,
      47,
      44,
      75,
      38,
      0
    ],
    [
      0,
      20,
      18,
      40,
      45,
      60,
      73,
      56,
      1,
      53,
      0
    ],
    [
      0,
      34,
      50,
      28,
      66,
      72,
      29,
      54,
      79,
      39,
      57,
      11,
      12,
      0
    ]
  ],
  "metrics_initial": {
    "vehicles_used": 6,
    "total_distance_km": 2998.07,
    "cost_distance": 2998.07,
    "cost_time": 3228.2300000000005,
    "vehicle_cost": 5400.0,
    "waiting_E": 485.42,
    "horizon_excess_E": 0.0,
    "makespan_E": 597.35,
    "sum_route_time_E": 3228.2300000000005,
    "avg_route_time_E": 538.0383333333334
  },
  "metrics_best": {
    "vehicles_used": 6,
    "total_distance_km": 2984.9000000000005,
    "cost_distance": 2984.9000000000005,
    "cost_time": 3217.2400000000002,
    "vehicle_cost": 5400.0,
    "waiting_E": 478.1399999999999,
    "horizon_excess_E": 0.0,
    "makespan_E": 597.35,
    "sum_route_time_E": 3217.2400000000002,
    "avg_route_time_E": 536.2066666666667
  },
  "metrics_delta": {
    "vehicles_used": 0,
    "total_distance_km": -13.169999999999618,
    "cost_distance": -13.169999999999618,
    "cost_time": -10.990000000000236,
    "vehicle_cost": 0.0,
    "waiting_E": -7.280000000000143,
    "horizon_excess_E": 0.0,
    "makespan_E": 0.0,
    "sum_route_time_E": -10.990000000000236,
    "avg_route_time_E": -1.831666666666706
  },
  "process": {
    "runtime_seconds": 1.1251897811889648,
    "epochs": 7,
    "accepted_moves": 394,
    "improving_moves": 37,
    "rejected_window_E_moves": 3064,
    "rejected_window_P_moves": 3084,
    "rejected_window_both_moves": 3056
  },
  "trace_improvements": [
    [
      0,
      11602.140000000001
    ]
  ]
}