{
  "parameters": {
    "dataset": "app_final_120_tight",
    "t_max": 1000.0,
    "t_min": 10.0,
    "alpha": 0.7,
    "iters_per_T": 500,
    "neighborhood": "mixed",
    "day_horizon": 600,
    "time_weight": 1.0
  },
  "initial_cost": 15820.490000000003,
  "best_cost": 15580.279999999999,
  "improvement_pct": 0.015183474089614452,
  "best_routes": [
    [
      0,
      85,
      92,
      11,
      29,
      14,
      30,
      20,
      13,
      51,
      116,
      8,
      103,
      2,
      15,
      110,
      101,
      12,
      22,
      117,
      94,
      0
    ],
    [
      0,
      74,
      82,
      18,
      36,
      48,
      86,
      1,
      33,
      75,
      40,
      105,
      16,
      10,
      106,
      77,
      39,
      24,
      98,
      84,
      90,
      0
    ],
    [
      0,
      53,
      67,
      91,
      56,
      78,
      21,
      80,
      28,
      72,
      4,
      27,
      52,
      58,
      35,
      95,
      55,
      0
    ],
    [
      0,
      32,
      69,
      3,
      60,
      100,
      47,
      49,
      73,
      114,
      65,
      9,
      23,
      83,
      120,
      46,
      0
    ],
    [
      0,
      41,
      79,
      93,
      70,
      76,
      43,
      115,
      112,
      37,
      111,
      57,
      5,
      44,
      7,
      119,
      31,
      0
    ],
    [
      0,
      102,
      118,
      61,
      88,
      25,
      71,
      113,
      108,
      34,
      66,
      81,
      6,
      50,
      0
    ],
    [
      0,
      59,
      45,
      109,
      68,
      54,
      104,
      107,
      19,
      96,
      99,
      97,
      42,
      63,
      89,
      0
    ],
    [
      0,
      38,
      62,
      64,
      26,
      87,
      17,
      0
    ]
  ],
  "metrics_initial": {
    "vehicles_used": 8,
    "total_distance_km": 4535.980000000002,
    "cost_distance": 4535.980000000002,
    "cost_time": 4084.5100000000007,
    "vehicle_cost": 7200.0,
    "waiting_E": 389.52,
    "horizon_excess_E": 0.0,
    "makespan_E": 599.3900000000001,
    "sum_route_time_E": 4084.5100000000007,
    "avg_route_time_E": 510.5637500000001
  },
  "metrics_best": {
    "vehicles_used": 8,
    "total_distance_km": 4221.439999999999,
    "cost_distance": 4221.439999999999,
    "cost_time": 4158.84,
    "vehicle_cost": 7200.0,
    "waiting_E": 727.3299999999997,
    "horizon_excess_E": 0.0,
    "makespan_E": 592.65,
    "sum_route_time_E": 4158.84,
    "avg_route_time_E": 519.855
  },
  "metrics_delta": {
    "vehicles_used": 0,
    "total_distance_km": -314.5400000000036,
    "cost_distance": -314.5400000000036,
    "cost_time": 74.32999999999947,
    "vehicle_cost": 0.0,
    "waiting_E": 337.8099999999997,
    "horizon_excess_E": 0.0,
    "makespan_E": -6.740000000000123,
    "sum_route_time_E": 74.32999999999947,
    "avg_route_time_E": 9.291249999999934
  },
  "process": {
    "runtime_seconds": 2.932614803314209,
    "epochs": 13,
    "accepted_moves": 786,
    "improving_moves": 98,
    "rejected_window_E_moves": 5625,
    "rejected_window_P_moves": 5678,
    "rejected_window_both_moves": 5609
  },
  "trace_improvements": [
    [
      0,
      15819.160000000003
    ],
    [
      1,
      15656.380000000001
    ],
    [
      12,
      15580.279999999999
    ]
  ]
}