{
  "parameters": {
    "dataset": "app_final_40_very_loose",
    "t_max": 1000.0,
    "t_min": 10.0,
    "alpha": 0.9,
    "iters_per_T": 500,
    "neighborhood": "mixed",
    "day_horizon": 600,
    "time_weight": 1.0
  },
  "initial_cost": 4057.98,
  "best_cost": 3778.63,
  "improvement_pct": 0.06883966899787576,
  "best_routes": [
    [
      0,
      21,
      5,
      8,
      39,
      14,
      6,
      20,
      31,
      24,
      3,
      22,
      10,
      36,
      2,
      17,
      7,
      37,
      23,
      0
    ],
    [
      0,
      32,
      38,
      25,
      26,
      35,
      33,
      15,
      11,
      1,
      34,
      30,
      13,
      9,
      28,
      4,
      19,
      29,
      16,
      27,
      12,
      18,
      40,
      0
    ]
  ],
  "metrics_initial": {
    "vehicles_used": 2,
    "total_distance_km": 1132.81,
    "cost_distance": 1132.81,
    "cost_time": 1125.17,
    "vehicle_cost": 1800.0,
    "waiting_E": 120.92999999999999,
    "horizon_excess_E": 0.0,
    "makespan_E": 578.77,
    "sum_route_time_E": 1125.17,
    "avg_route_time_E": 562.585
  },
  "metrics_best": {
    "vehicles_used": 2,
    "total_distance_km": 925.2900000000001,
    "cost_distance": 925.2900000000001,
    "cost_time": 1053.3400000000001,
    "vehicle_cost": 1800.0,
    "waiting_E": 191.35000000000002,
    "horizon_excess_E": 0.0,
    "makespan_E": 569.1400000000001,
    "sum_route_time_E": 1053.3400000000001,
    "avg_route_time_E": 526.6700000000001
  },
  "metrics_delta": {
    "vehicles_used": 0,
    "total_distance_km": -207.51999999999987,
    "cost_distance": -207.51999999999987,
    "cost_time": -71.82999999999993,
    "vehicle_cost": 0.0,
    "waiting_E": 70.42000000000003,
    "horizon_excess_E": 0.0,
    "makespan_E": -9.629999999999882,
    "sum_route_time_E": -71.82999999999993,
    "avg_route_time_E": -35.914999999999964
  },
  "process": {
    "runtime_seconds": 3.448972463607788,
    "epochs": 44,
    "accepted_moves": 3152,
    "improving_moves": 809,
    "rejected_window_E_moves": 18057,
    "rejected_window_P_moves": 17256,
    "rejected_window_both_moves": 16927
  },
  "trace_improvements": [
    [
      0,
      4048.1499999999996
    ],
    [
      2,
      4040.3
    ],
    [
      3,
      4035.3900000000003
    ],
    [
      7,
      4016.3499999999995
    ],
    [
      21,
      4008.56
    ],
    [
      32,
      3999.05
    ],
    [
      38,
      3908.9300000000003
    ],
    [
      41,
      3904.9400000000005
    ],
    [
      42,
      3859.1000000000004
    ],
    [
      43,
      3778.63
    ]
  ]
}