{
  "parameters": {
    "dataset": "app_final_80_very_loose",
    "t_max": 1000.0,
    "t_min": 10.0,
    "alpha": 0.6,
    "iters_per_T": 500,
    "neighborhood": "mixed",
    "day_horizon": 600,
    "time_weight": 1.0
  },
  "initial_cost": 6154.709999999999,
  "best_cost": 6151.21,
  "improvement_pct": 0.000568670172924328,
  "best_routes": [
    [
      0,
      11,
      47,
      44,
      43,
      68,
      33,
      54,
      20,
      16,
      55,
      42,
      34,
      49,
      7,
      24,
      50,
      37,
      1,
      5,
      69,
      45,
      14,
      56,
      13,
      64,
      79,
      80,
      38,
      10,
      72,
      9,
      0
    ],
    [
      0,
      40,
      63,
      31,
      17,
      27,
      19,
      39,
      28,
      59,
      41,
      60,
      51,
      18,
      58,
      26,
      22,
      2,
      62,
      75,
      15,
      74,
      57,
      21,
      53,
      73,
      67,
      8,
      32,
      76,
      0
    ],
    [
      0,
      3,
      35,
      25,
      36,
      52,
      4,
      48,
      61,
      66,
      78,
      23,
      71,
      29,
      46,
      77,
      70,
      30,
      12,
      65,
      6,
      0
    ]
  ],
  "metrics_initial": {
    "vehicles_used": 3,
    "total_distance_km": 1864.99,
    "cost_distance": 1864.99,
    "cost_time": 1589.7199999999998,
    "vehicle_cost": 2700.0,
    "waiting_E": 20.30000000000001,
    "horizon_excess_E": 0.0,
    "makespan_E": 596.4899999999999,
    "sum_route_time_E": 1589.7199999999998,
    "avg_route_time_E": 529.9066666666666
  },
  "metrics_best": {
    "vehicles_used": 3,
    "total_distance_km": 1856.4100000000003,
    "cost_distance": 1856.4100000000003,
    "cost_time": 1594.8,
    "vehicle_cost": 2700.0,
    "waiting_E": 35.00999999999999,
    "horizon_excess_E": 0.0,
    "makespan_E": 596.4899999999999,
    "sum_route_time_E": 1594.8,
    "avg_route_time_E": 531.6
  },
  "metrics_delta": {
    "vehicles_used": 0,
    "total_distance_km": -8.5799999999997,
    "cost_distance": -8.5799999999997,
    "cost_time": 5.080000000000155,
    "vehicle_cost": 0.0,
    "waiting_E": 14.70999999999998,
    "horizon_excess_E": 0.0,
    "makespan_E": 0.0,
    "sum_route_time_E": 5.080000000000155,
    "avg_route_time_E": 1.6933333333333849
  },
  "process": {
    "runtime_seconds": 1.2117905616760254,
    "epochs": 10,
    "accepted_moves": 435,
    "improving_moves": 72,
    "rejected_window_E_moves": 4512,
    "rejected_window_P_moves": 4500,
    "rejected_window_both_moves": 4460
  },
  "trace_improvements": [
    [
      0,
      6151.21
    ]
  ]
}