{
  "parameters": {
    "dataset": "app_final_80_tight",
    "t_max": 1000.0,
    "t_min": 10.0,
    "alpha": 0.7,
    "iters_per_T": 500,
    "neighborhood": "mixed",
    "day_horizon": 600,
    "time_weight": 1.0
  },
  "initial_cost": 11626.3,
  "best_cost": 11529.1,
  "improvement_pct": 0.008360355401116341,
  "best_routes": [
    [
      0,
      6,
      62,
      33,
      40,
      43,
      13,
      7,
      5,
      60,
      59,
      61,
      41,
      74,
      64,
      27,
      53,
      0
    ],
    [
      0,
      15,
      31,
      10,
      22,
      55,
      8,
      51,
      78,
      25,
      3,
      58,
      19,
      32,
      67,
      63,
      70,
      0
    ],
    [
      0,
      4,
      21,
      48,
      16,
      17,
      35,
      52,
      77,
      49,
      57,
      9,
      80,
      65,
      0
    ],
    [
      0,
      2,
      26,
      36,
      14,
      24,
      42,
      68,
      71,
      46,
      37,
      30,
      47,
      44,
      75,
      38,
      0
    ],
    [
      0,
      50,
      45,
      18,
      20,
      23,
      56,
      1,
      76,
      69,
      0
    ],
    [
      0,
      34,
      28,
      66,
      72,
      29,
      54,
      79,
      73,
      39,
      11,
      12,
      0
    ]
  ],
  "metrics_initial": {
    "vehicles_used": 6,
    "total_distance_km": 2998.07,
    "cost_distance": 2998.07,
    "cost_time": 3228.2300000000005,
    "vehicle_cost": 5400.0,
    "waiting_E": 485.42,
    "horizon_excess_E": 0.0,
    "makespan_E": 597.35,
    "sum_route_time_E": 3228.2300000000005,
    "avg_route_time_E": 538.0383333333334
  },
  "metrics_best": {
    "vehicles_used": 6,
    "total_distance_km": 2917.27,
    "cost_distance": 2917.27,
    "cost_time": 3211.83,
    "vehicle_cost": 5400.0,
    "waiting_E": 525.5899999999997,
    "horizon_excess_E": 0.0,
    "makespan_E": 597.35,
    "sum_route_time_E": 3211.83,
    "avg_route_time_E": 535.305
  },
  "metrics_delta": {
    "vehicles_used": 0,
    "total_distance_km": -80.80000000000018,
    "cost_distance": -80.80000000000018,
    "cost_time": -16.400000000000546,
    "vehicle_cost": 0.0,
    "waiting_E": 40.169999999999675,
    "horizon_excess_E": 0.0,
    "makespan_E": 0.0,
    "sum_route_time_E": -16.400000000000546,
    "avg_route_time_E": -2.733333333333462
  },
  "process": {
    "runtime_seconds": 2.0192372798919678,
    "epochs": 13,
    "accepted_moves": 757,
    "improving_moves": 95,
    "rejected_window_E_moves": 5670,
    "rejected_window_P_moves": 5705,
    "rejected_window_both_moves": 5658
  },
  "trace_improvements": [
    [
      0,
      11534.440000000002
    ],
    [
      1,
      11533.42
    ],
    [
      2,
      11529.1
    ]
  ]
}