{
  "parameters": {
    "dataset": "app_final_40_very_loose",
    "t_max": 1000.0,
    "t_min": 10.0,
    "alpha": 0.5,
    "iters_per_T": 500,
    "neighborhood": "mixed",
    "day_horizon": 600,
    "time_weight": 1.0
  },
  "initial_cost": 4057.98,
  "best_cost": 3961.62,
  "improvement_pct": 0.023745804562861357,
  "best_routes": [
    [
      0,
      21,
      22,
      8,
      14,
      35,
      1,
      34,
      11,
      18,
      26,
      38,
      25,
      24,
      3,
      36,
      10,
      7,
      2,
      17,
      23,
      0
    ],
    [
      0,
      5,
      31,
      20,
      6,
      33,
      39,
      32,
      37,
      9,
      12,
      27,
      16,
      19,
      29,
      28,
      4,
      13,
      30,
      15,
      40,
      0
    ]
  ],
  "metrics_initial": {
    "vehicles_used": 2,
    "total_distance_km": 1132.81,
    "cost_distance": 1132.81,
    "cost_time": 1125.17,
    "vehicle_cost": 1800.0,
    "waiting_E": 120.92999999999999,
    "horizon_excess_E": 0.0,
    "makespan_E": 578.77,
    "sum_route_time_E": 1125.17,
    "avg_route_time_E": 562.585
  },
  "metrics_best": {
    "vehicles_used": 2,
    "total_distance_km": 1084.15,
    "cost_distance": 1084.15,
    "cost_time": 1077.47,
    "vehicle_cost": 1800.0,
    "waiting_E": 85.58000000000001,
    "horizon_excess_E": 0.0,
    "makespan_E": 551.87,
    "sum_route_time_E": 1077.47,
    "avg_route_time_E": 538.735
  },
  "metrics_delta": {
    "vehicles_used": 0,
    "total_distance_km": -48.659999999999854,
    "cost_distance": -48.659999999999854,
    "cost_time": -47.700000000000045,
    "vehicle_cost": 0.0,
    "waiting_E": -35.34999999999998,
    "horizon_excess_E": 0.0,
    "makespan_E": -26.899999999999977,
    "sum_route_time_E": -47.700000000000045,
    "avg_route_time_E": -23.850000000000023
  },
  "process": {
    "runtime_seconds": 0.541529655456543,
    "epochs": 7,
    "accepted_moves": 553,
    "improving_moves": 155,
    "rejected_window_E_moves": 2866,
    "rejected_window_P_moves": 2700,
    "rejected_window_both_moves": 2661
  },
  "trace_improvements": [
    [
      0,
      4035.45
    ],
    [
      3,
      4030.51
    ],
    [
      5,
      3961.62
    ]
  ]
}