{
  "parameters": {
    "dataset": "app_final_120_medium",
    "t_max": 1000.0,
    "t_min": 10.0,
    "alpha": 0.95,
    "iters_per_T": 500,
    "neighborhood": "mixed",
    "day_horizon": 600,
    "time_weight": 1.0
  },
  "initial_cost": 13892.869999999999,
  "best_cost": 12784.27,
  "improvement_pct": 0.0797963271807768,
  "best_routes": [
    [
      0,
      102,
      74,
      53,
      10,
      87,
      43,
      26,
      13,
      81,
      118,
      70,
      89,
      18,
      107,
      24,
      39,
      0
    ],
    [
      0,
      2,
      31,
      62,
      21,
      12,
      37,
      109,
      34,
      85,
      91,
      17,
      55,
      0
    ],
    [
      0,
      106,
      29,
      25,
      19,
      58,
      73,
      60,
      100,
      56,
      47,
      57,
      98,
      46,
      44,
      49,
      86,
      76,
      22,
      80,
      68,
      119,
      67,
      0
    ],
    [
      0,
      78,
      8,
      108,
      50,
      48,
      52,
      40,
      36,
      83,
      92,
      111,
      93,
      1,
      94,
      75,
      84,
      99,
      27,
      65,
      4,
      30,
      116,
      103,
      0
    ],
    [
      0,
      105,
      96,
      5,
      59,
      117,
      90,
      3,
      15,
      9,
      6,
      120,
      95,
      16,
      33,
      110,
      113,
      79,
      0
    ],
    [
      0,
      28,
      54,
      64,
      112,
      42,
      88,
      77,
      20,
      38,
      104,
      35,
      11,
      72,
      14,
      63,
      69,
      0
    ],
    [
      0,
      82,
      51,
      45,
      71,
      114,
      7,
      115,
      66,
      61,
      97,
      32,
      23,
      101,
      41,
      0
    ]
  ],
  "metrics_initial": {
    "vehicles_used": 7,
    "total_distance_km": 3814.1899999999996,
    "cost_distance": 3814.1899999999996,
    "cost_time": 3778.6800000000003,
    "vehicle_cost": 6300.0,
    "waiting_E": 367.19000000000005,
    "horizon_excess_E": 0.0,
    "makespan_E": 585.98,
    "sum_route_time_E": 3778.6800000000003,
    "avg_route_time_E": 539.8114285714286
  },
  "metrics_best": {
    "vehicles_used": 7,
    "total_distance_km": 3007.9600000000005,
    "cost_distance": 3007.9600000000005,
    "cost_time": 3476.3100000000004,
    "vehicle_cost": 6300.0,
    "waiting_E": 712.9300000000002,
    "horizon_excess_E": 0.0,
    "makespan_E": 546.03,
    "sum_route_time_E": 3476.3100000000004,
    "avg_route_time_E": 496.6157142857143
  },
  "metrics_delta": {
    "vehicles_used": 0,
    "total_distance_km": -806.2299999999991,
    "cost_distance": -806.2299999999991,
    "cost_time": -302.3699999999999,
    "vehicle_cost": 0.0,
    "waiting_E": 345.7400000000001,
    "horizon_excess_E": 0.0,
    "makespan_E": -39.950000000000045,
    "sum_route_time_E": -302.3699999999999,
    "avg_route_time_E": -43.195714285714246
  },
  "process": {
    "runtime_seconds": 18.03099799156189,
    "epochs": 90,
    "accepted_moves": 5443,
    "improving_moves": 1038,
    "rejected_window_E_moves": 38218,
    "rejected_window_P_moves": 38373,
    "rejected_window_both_moves": 37816
  },
  "trace_improvements": [
    [
      0,
      13892.869999999999
    ],
    [
      43,
      13862.0
    ],
    [
      44,
      13713.23
    ],
    [
      71,
      13700.019999999999
    ],
    [
      72,
      13658.509999999998
    ],
    [
      73,
      13498.3
    ],
    [
      75,
      13416.29
    ],
    [
      76,
      13323.079999999998
    ],
    [
      77,
      13286.06
    ],
    [
      78,
      13222.849999999999
    ],
    [
      79,
      13204.749999999998
    ],
    [
      80,
      13188.03
    ],
    [
      81,
      13065.130000000001
    ],
    [
      82,
      13040.470000000001
    ],
    [
      83,
      13021.67
    ],
    [
      84,
      12985.330000000002
    ],
    [
      85,
      12983.25
    ],
    [
      86,
      12876.27
    ],
    [
      87,
      12800.54
    ],
    [
      88,
      12784.27
    ]
  ]
}