{
  "parameters": {
    "dataset": "app_final_200_medium",
    "t_max": 1000.0,
    "t_min": 10.0,
    "alpha": 0.9,
    "iters_per_T": 500,
    "neighborhood": "mixed",
    "day_horizon": 600,
    "time_weight": 1.0
  },
  "initial_cost": 16855.43,
  "best_cost": 16683.160000000003,
  "improvement_pct": 0.010220445280838092,
  "best_routes": [
    [
      0,
      184,
      36,
      130,
      4,
      94,
      182,
      26,
      61,
      143,
      100,
      145,
      142,
      117,
      81,
      12,
      136,
      66,
      169,
      126,
      72,
      63,
      56,
      87,
      31,
      96,
      113,
      84,
      55,
      39,
      132,
      120,
      47,
      147,
      151,
      20,
      193,
      97,
      0
    ],
    [
      0,
      86,
      88,
      183,
      10,
      148,
      159,
      155,
      127,
      123,
      172,
      198,
      186,
      163,
      153,
      128,
      29,
      98,
      21,
      181,
      24,
      154,
      85,
      112,
      160,
      0
    ],
    [
      0,
      185,
      73,
      171,
      65,
      135,
      158,
      175,
      189,
      23,
      140,
      68,
      22,
      157,
      5,
      156,
      107,
      11,
      7,
      46,
      59,
      199,
      149,
      164,
      0
    ],
    [
      0,
      111,
      15,
      180,
      83,
      121,
      162,
      166,
      141,
      71,
      197,
      122,
      16,
      150,
      108,
      139,
      105,
      49,
      57,
      40,
      60,
      191,
      9,
      19,
      42,
      45,
      13,
      0
    ],
    [
      0,
      173,
      28,
      177,
      64,
      114,
      82,
      14,
      33,
      58,
      152,
      187,
      116,
      6,
      74,
      190,
      101,
      48,
      38,
      194,
      35,
      200,
      0
    ],
    [
      0,
      133,
      8,
      67,
      138,
      41,
      2,
      115,
      188,
      118,
      165,
      27,
      44,
      161,
      18,
      80,
      129,
      78,
      106,
      103,
      93,
      62,
      95,
      110,
      144,
      90,
      69,
      50,
      92,
      75,
      0
    ],
    [
      0,
      192,
      34,
      174,
      43,
      30,
      54,
      52,
      179,
      196,
      146,
      176,
      170,
      79,
      119,
      37,
      53,
      167,
      178,
      17,
      89,
      91,
      0
    ],
    [
      0,
      102,
      195,
      77,
      104,
      99,
      3,
      137,
      134,
      76,
      70,
      125,
      32,
      168,
      51,
      1,
      109,
      131,
      25,
      124,
      0
    ]
  ],
  "metrics_initial": {
    "vehicles_used": 8,
    "total_distance_km": 5197.43,
    "cost_distance": 5197.43,
    "cost_time": 4458.0,
    "vehicle_cost": 7200.0,
    "waiting_E": 506.91999999999996,
    "horizon_excess_E": 0.0,
    "makespan_E": 597.09,
    "sum_route_time_E": 4458.0,
    "avg_route_time_E": 557.25
  },
  "metrics_best": {
    "vehicles_used": 8,
    "total_distance_km": 5132.380000000004,
    "cost_distance": 5132.380000000004,
    "cost_time": 4350.780000000001,
    "vehicle_cost": 7200.0,
    "waiting_E": 333.5600000000001,
    "horizon_excess_E": 0.0,
    "makespan_E": 594.95,
    "sum_route_time_E": 4350.780000000001,
    "avg_route_time_E": 543.8475000000001
  },
  "metrics_delta": {
    "vehicles_used": 0,
    "total_distance_km": -65.04999999999654,
    "cost_distance": -65.04999999999654,
    "cost_time": -107.21999999999935,
    "vehicle_cost": 0.0,
    "waiting_E": -173.35999999999984,
    "horizon_excess_E": 0.0,
    "makespan_E": -2.1399999999999864,
    "sum_route_time_E": -107.21999999999935,
    "avg_route_time_E": -13.402499999999918
  },
  "process": {
    "runtime_seconds": 13.016055822372437,
    "epochs": 44,
    "accepted_moves": 1987,
    "improving_moves": 346,
    "rejected_window_E_moves": 19771,
    "rejected_window_P_moves": 19465,
    "rejected_window_both_moves": 19303
  },
  "trace_improvements": [
    [
      0,
      16855.43
    ],
    [
      37,
      16826.520000000004
    ],
    [
      38,
      16799.600000000002
    ],
    [
      40,
      16772.77
    ],
    [
      42,
      16709.520000000004
    ],
    [
      43,
      16683.160000000003
    ]
  ]
}