{
  "parameters": {
    "dataset": "app_final_80_loose",
    "t_max": 1000.0,
    "t_min": 10.0,
    "alpha": 0.6,
    "iters_per_T": 500,
    "neighborhood": "mixed",
    "day_horizon": 600,
    "time_weight": 1.0
  },
  "initial_cost": 6387.089999999999,
  "best_cost": 6358.13,
  "improvement_pct": 0.004534146223084242,
  "best_routes": [
    [
      0,
      15,
      34,
      25,
      20,
      52,
      70,
      26,
      28,
      35,
      2,
      24,
      14,
      55,
      6,
      45,
      41,
      12,
      21,
      36,
      46,
      77,
      18,
      68,
      57,
      13,
      71,
      67,
      50,
      16,
      39,
      0
    ],
    [
      0,
      37,
      10,
      56,
      76,
      27,
      58,
      59,
      43,
      53,
      38,
      65,
      66,
      69,
      74,
      29,
      22,
      7,
      33,
      51,
      32,
      73,
      72,
      0
    ],
    [
      0,
      78,
      8,
      42,
      63,
      19,
      23,
      49,
      80,
      30,
      3,
      9,
      62,
      5,
      4,
      64,
      47,
      54,
      31,
      1,
      40,
      44,
      60,
      79,
      75,
      17,
      11,
      48,
      61,
      0
    ]
  ],
  "metrics_initial": {
    "vehicles_used": 3,
    "total_distance_km": 1987.2299999999998,
    "cost_distance": 1987.2299999999998,
    "cost_time": 1699.8599999999997,
    "vehicle_cost": 2700.0,
    "waiting_E": 61.810000000000045,
    "horizon_excess_E": 0.0,
    "makespan_E": 580.3,
    "sum_route_time_E": 1699.8599999999997,
    "avg_route_time_E": 566.6199999999999
  },
  "metrics_best": {
    "vehicles_used": 3,
    "total_distance_km": 1984.1599999999996,
    "cost_distance": 1984.1599999999996,
    "cost_time": 1673.9700000000003,
    "vehicle_cost": 2700.0,
    "waiting_E": 35.8,
    "horizon_excess_E": 0.0,
    "makespan_E": 568.8000000000001,
    "sum_route_time_E": 1673.9700000000003,
    "avg_route_time_E": 557.9900000000001
  },
  "metrics_delta": {
    "vehicles_used": 0,
    "total_distance_km": -3.0700000000001637,
    "cost_distance": -3.0700000000001637,
    "cost_time": -25.889999999999418,
    "vehicle_cost": 0.0,
    "waiting_E": -26.010000000000048,
    "horizon_excess_E": 0.0,
    "makespan_E": -11.499999999999886,
    "sum_route_time_E": -25.889999999999418,
    "avg_route_time_E": -8.629999999999768
  },
  "process": {
    "runtime_seconds": 1.3595831394195557,
    "epochs": 10,
    "accepted_moves": 418,
    "improving_moves": 69,
    "rejected_window_E_moves": 4523,
    "rejected_window_P_moves": 4467,
    "rejected_window_both_moves": 4405
  },
  "trace_improvements": [
    [
      0,
      6358.13
    ]
  ]
}