{
  "parameters": {
    "dataset": "app_final_80_very_loose",
    "t_max": 1000.0,
    "t_min": 10.0,
    "alpha": 0.9,
    "iters_per_T": 500,
    "neighborhood": "mixed",
    "day_horizon": 600,
    "time_weight": 1.0
  },
  "initial_cost": 6154.709999999999,
  "best_cost": 5853.539999999999,
  "improvement_pct": 0.048933255994189837,
  "best_routes": [
    [
      0,
      65,
      37,
      1,
      29,
      41,
      58,
      60,
      33,
      59,
      14,
      61,
      45,
      2,
      75,
      62,
      68,
      48,
      34,
      21,
      57,
      38,
      0
    ],
    [
      0,
      40,
      5,
      31,
      63,
      70,
      19,
      66,
      16,
      28,
      55,
      20,
      78,
      54,
      39,
      56,
      18,
      42,
      23,
      22,
      49,
      15,
      74,
      43,
      32,
      76,
      8,
      73,
      64,
      77,
      72,
      0
    ],
    [
      0,
      3,
      11,
      47,
      35,
      25,
      36,
      4,
      44,
      52,
      24,
      50,
      53,
      67,
      7,
      26,
      71,
      46,
      17,
      69,
      12,
      30,
      27,
      51,
      13,
      79,
      80,
      9,
      10,
      6,
      0
    ]
  ],
  "metrics_initial": {
    "vehicles_used": 3,
    "total_distance_km": 1864.99,
    "cost_distance": 1864.99,
    "cost_time": 1589.7199999999998,
    "vehicle_cost": 2700.0,
    "waiting_E": 20.30000000000001,
    "horizon_excess_E": 0.0,
    "makespan_E": 596.4899999999999,
    "sum_route_time_E": 1589.7199999999998,
    "avg_route_time_E": 529.9066666666666
  },
  "metrics_best": {
    "vehicles_used": 3,
    "total_distance_km": 1607.45,
    "cost_distance": 1607.45,
    "cost_time": 1546.0899999999997,
    "vehicle_cost": 2700.0,
    "waiting_E": 132.1500000000001,
    "horizon_excess_E": 0.0,
    "makespan_E": 553.31,
    "sum_route_time_E": 1546.0899999999997,
    "avg_route_time_E": 515.3633333333332
  },
  "metrics_delta": {
    "vehicles_used": 0,
    "total_distance_km": -257.53999999999996,
    "cost_distance": -257.53999999999996,
    "cost_time": -43.63000000000011,
    "vehicle_cost": 0.0,
    "waiting_E": 111.85000000000008,
    "horizon_excess_E": 0.0,
    "makespan_E": -43.17999999999995,
    "sum_route_time_E": -43.63000000000011,
    "avg_route_time_E": -14.543333333333408
  },
  "process": {
    "runtime_seconds": 5.508994102478027,
    "epochs": 44,
    "accepted_moves": 2184,
    "improving_moves": 482,
    "rejected_window_E_moves": 19278,
    "rejected_window_P_moves": 19098,
    "rejected_window_both_moves": 18825
  },
  "trace_improvements": [
    [
      0,
      6148.610000000001
    ],
    [
      33,
      6144.04
    ],
    [
      35,
      6109.0
    ],
    [
      36,
      5983.68
    ],
    [
      37,
      5980.950000000001
    ],
    [
      38,
      5956.52
    ],
    [
      39,
      5921.8099999999995
    ],
    [
      41,
      5853.539999999999
    ]
  ]
}