{
  "parameters": {
    "dataset": "app_final_40_loose",
    "t_max": 1000.0,
    "t_min": 10.0,
    "alpha": 0.95,
    "iters_per_T": 500,
    "neighborhood": "mixed",
    "day_horizon": 600,
    "time_weight": 1.0
  },
  "initial_cost": 3810.17,
  "best_cost": 3708.45,
  "improvement_pct": 0.026696971526204934,
  "best_routes": [
    [
      0,
      31,
      21,
      19,
      7,
      32,
      17,
      8,
      39,
      34,
      20,
      28,
      5,
      29,
      15,
      33,
      37,
      16,
      38,
      36,
      10,
      22,
      14,
      13,
      27,
      0
    ],
    [
      0,
      6,
      25,
      23,
      24,
      2,
      26,
      12,
      40,
      9,
      4,
      35,
      11,
      18,
      30,
      3,
      1,
      0
    ]
  ],
  "metrics_initial": {
    "vehicles_used": 2,
    "total_distance_km": 1018.9900000000001,
    "cost_distance": 1018.9900000000001,
    "cost_time": 991.1800000000001,
    "vehicle_cost": 1800.0,
    "waiting_E": 77.27999999999992,
    "horizon_excess_E": 0.0,
    "makespan_E": 504.1400000000001,
    "sum_route_time_E": 991.1800000000001,
    "avg_route_time_E": 495.59000000000003
  },
  "metrics_best": {
    "vehicles_used": 2,
    "total_distance_km": 930.1500000000001,
    "cost_distance": 930.1500000000001,
    "cost_time": 978.3,
    "vehicle_cost": 1800.0,
    "waiting_E": 117.22000000000006,
    "horizon_excess_E": 0.0,
    "makespan_E": 535.62,
    "sum_route_time_E": 978.3,
    "avg_route_time_E": 489.15
  },
  "metrics_delta": {
    "vehicles_used": 0,
    "total_distance_km": -88.84000000000003,
    "cost_distance": -88.84000000000003,
    "cost_time": -12.88000000000011,
    "vehicle_cost": 0.0,
    "waiting_E": 39.94000000000014,
    "horizon_excess_E": 0.0,
    "makespan_E": 31.479999999999905,
    "sum_route_time_E": -12.88000000000011,
    "avg_route_time_E": -6.440000000000055
  },
  "process": {
    "runtime_seconds": 6.509859323501587,
    "epochs": 90,
    "accepted_moves": 5745,
    "improving_moves": 1292,
    "rejected_window_E_moves": 37843,
    "rejected_window_P_moves": 37765,
    "rejected_window_both_moves": 37218
  },
  "trace_improvements": [
    [
      0,
      3810.17
    ],
    [
      56,
      3801.3799999999997
    ],
    [
      73,
      3801.14
    ],
    [
      78,
      3800.6800000000003
    ],
    [
      81,
      3760.16
    ],
    [
      83,
      3748.84
    ],
    [
      88,
      3708.45
    ]
  ]
}