{
  "parameters": {
    "dataset": "app_final_120_tight",
    "t_max": 1000.0,
    "t_min": 10.0,
    "alpha": 0.5,
    "iters_per_T": 500,
    "neighborhood": "mixed",
    "day_horizon": 600,
    "time_weight": 1.0
  },
  "initial_cost": 15820.490000000003,
  "best_cost": 15686.09,
  "improvement_pct": 0.008495312092103547,
  "best_routes": [
    [
      0,
      85,
      38,
      64,
      29,
      102,
      14,
      51,
      116,
      8,
      13,
      65,
      103,
      7,
      2,
      63,
      117,
      94,
      0
    ],
    [
      0,
      45,
      109,
      36,
      86,
      48,
      1,
      33,
      75,
      40,
      30,
      47,
      16,
      105,
      72,
      106,
      5,
      44,
      0
    ],
    [
      0,
      18,
      91,
      67,
      53,
      21,
      80,
      27,
      4,
      110,
      15,
      101,
      12,
      22,
      42,
      0
    ],
    [
      0,
      32,
      69,
      74,
      3,
      60,
      100,
      49,
      20,
      112,
      114,
      17,
      9,
      23,
      120,
      83,
      98,
      46,
      119,
      0
    ],
    [
      0,
      76,
      70,
      93,
      79,
      41,
      43,
      19,
      115,
      107,
      97,
      57,
      90,
      77,
      84,
      89,
      0
    ],
    [
      0,
      11,
      118,
      61,
      88,
      25,
      78,
      71,
      113,
      108,
      28,
      34,
      66,
      52,
      50,
      6,
      55,
      95,
      31,
      0
    ],
    [
      0,
      59,
      82,
      68,
      104,
      56,
      54,
      37,
      10,
      96,
      99,
      39,
      24,
      0
    ],
    [
      0,
      62,
      92,
      26,
      87,
      73,
      111,
      81,
      35,
      58,
      0
    ]
  ],
  "metrics_initial": {
    "vehicles_used": 8,
    "total_distance_km": 4535.980000000002,
    "cost_distance": 4535.980000000002,
    "cost_time": 4084.5100000000007,
    "vehicle_cost": 7200.0,
    "waiting_E": 389.52,
    "horizon_excess_E": 0.0,
    "makespan_E": 599.3900000000001,
    "sum_route_time_E": 4084.5100000000007,
    "avg_route_time_E": 510.5637500000001
  },
  "metrics_best": {
    "vehicles_used": 8,
    "total_distance_km": 4279.550000000001,
    "cost_distance": 4279.550000000001,
    "cost_time": 4206.54,
    "vehicle_cost": 7200.0,
    "waiting_E": 697.1500000000001,
    "horizon_excess_E": 0.0,
    "makespan_E": 585.1,
    "sum_route_time_E": 4206.54,
    "avg_route_time_E": 525.8175
  },
  "metrics_delta": {
    "vehicles_used": 0,
    "total_distance_km": -256.4300000000012,
    "cost_distance": -256.4300000000012,
    "cost_time": 122.02999999999929,
    "vehicle_cost": 0.0,
    "waiting_E": 307.6300000000001,
    "horizon_excess_E": 0.0,
    "makespan_E": -14.290000000000077,
    "sum_route_time_E": 122.02999999999929,
    "avg_route_time_E": 15.253749999999911
  },
  "process": {
    "runtime_seconds": 1.4602723121643066,
    "epochs": 7,
    "accepted_moves": 395,
    "improving_moves": 40,
    "rejected_window_E_moves": 3040,
    "rejected_window_P_moves": 3081,
    "rejected_window_both_moves": 3030
  },
  "trace_improvements": [
    [
      0,
      15739.12
    ],
    [
      6,
      15686.09
    ]
  ]
}