{
  "parameters": {
    "dataset": "app_final_40_very_loose",
    "t_max": 1000.0,
    "t_min": 10.0,
    "alpha": 0.95,
    "iters_per_T": 500,
    "neighborhood": "mixed",
    "day_horizon": 600,
    "time_weight": 1.0
  },
  "initial_cost": 4057.98,
  "best_cost": 3742.1400000000003,
  "improvement_pct": 0.07783182765809582,
  "best_routes": [
    [
      0,
      32,
      8,
      39,
      12,
      1,
      11,
      34,
      30,
      15,
      22,
      36,
      2,
      17,
      7,
      10,
      23,
      0
    ],
    [
      0,
      21,
      5,
      20,
      31,
      6,
      26,
      38,
      35,
      33,
      25,
      14,
      37,
      27,
      16,
      29,
      19,
      4,
      28,
      9,
      13,
      18,
      40,
      24,
      3,
      0
    ]
  ],
  "metrics_initial": {
    "vehicles_used": 2,
    "total_distance_km": 1132.81,
    "cost_distance": 1132.81,
    "cost_time": 1125.17,
    "vehicle_cost": 1800.0,
    "waiting_E": 120.92999999999999,
    "horizon_excess_E": 0.0,
    "makespan_E": 578.77,
    "sum_route_time_E": 1125.17,
    "avg_route_time_E": 562.585
  },
  "metrics_best": {
    "vehicles_used": 2,
    "total_distance_km": 914.57,
    "cost_distance": 914.57,
    "cost_time": 1027.57,
    "vehicle_cost": 1800.0,
    "waiting_E": 173.45,
    "horizon_excess_E": 0.0,
    "makespan_E": 593.39,
    "sum_route_time_E": 1027.57,
    "avg_route_time_E": 513.785
  },
  "metrics_delta": {
    "vehicles_used": 0,
    "total_distance_km": -218.2399999999999,
    "cost_distance": -218.2399999999999,
    "cost_time": -97.60000000000014,
    "vehicle_cost": 0.0,
    "waiting_E": 52.519999999999996,
    "horizon_excess_E": 0.0,
    "makespan_E": 14.620000000000005,
    "sum_route_time_E": -97.60000000000014,
    "avg_route_time_E": -48.80000000000007
  },
  "process": {
    "runtime_seconds": 6.466567516326904,
    "epochs": 90,
    "accepted_moves": 6337,
    "improving_moves": 1625,
    "rejected_window_E_moves": 37250,
    "rejected_window_P_moves": 35990,
    "rejected_window_both_moves": 35210
  },
  "trace_improvements": [
    [
      0,
      4057.98
    ],
    [
      4,
      4043.5699999999997
    ],
    [
      7,
      4038.58
    ],
    [
      21,
      4033.72
    ],
    [
      48,
      4005.97
    ],
    [
      54,
      3986.24
    ],
    [
      55,
      3889.0200000000004
    ],
    [
      74,
      3848.1399999999994
    ],
    [
      84,
      3837.62
    ],
    [
      85,
      3826.71
    ],
    [
      86,
      3808.8
    ],
    [
      87,
      3805.3100000000004
    ],
    [
      88,
      3764.8
    ],
    [
      89,
      3742.1400000000003
    ]
  ]
}