{
  "parameters": {
    "dataset": "app_final_20_tight",
    "t_max": 1000.0,
    "t_min": 10.0,
    "alpha": 0.5,
    "iters_per_T": 500,
    "neighborhood": "mixed",
    "day_horizon": 600,
    "time_weight": 1.0
  },
  "initial_cost": 5722.25,
  "best_cost": 5270.57,
  "improvement_pct": 0.07893398575735075,
  "best_routes": [
    [
      0,
      13,
      10,
      19,
      3,
      0
    ],
    [
      0,
      15,
      8,
      1,
      7,
      14,
      6,
      0
    ],
    [
      0,
      2,
      5,
      20,
      17,
      11,
      12,
      16,
      18,
      4,
      9,
      0
    ]
  ],
  "metrics_initial": {
    "vehicles_used": 3,
    "total_distance_km": 1291.25,
    "cost_distance": 1291.25,
    "cost_time": 1731.0000000000002,
    "vehicle_cost": 2700.0,
    "waiting_E": 578.6700000000001,
    "horizon_excess_E": 0.0,
    "makespan_E": 596.1400000000001,
    "sum_route_time_E": 1731.0000000000002,
    "avg_route_time_E": 577.0000000000001
  },
  "metrics_best": {
    "vehicles_used": 3,
    "total_distance_km": 1026.6,
    "cost_distance": 1026.6,
    "cost_time": 1543.97,
    "vehicle_cost": 2700.0,
    "waiting_E": 608.9200000000001,
    "horizon_excess_E": 0.0,
    "makespan_E": 587.74,
    "sum_route_time_E": 1543.97,
    "avg_route_time_E": 514.6566666666666
  },
  "metrics_delta": {
    "vehicles_used": 0,
    "total_distance_km": -264.6500000000001,
    "cost_distance": -264.6500000000001,
    "cost_time": -187.0300000000002,
    "vehicle_cost": 0.0,
    "waiting_E": 30.25,
    "horizon_excess_E": 0.0,
    "makespan_E": -8.400000000000091,
    "sum_route_time_E": -187.0300000000002,
    "avg_route_time_E": -62.343333333333476
  },
  "process": {
    "runtime_seconds": 0.37350893020629883,
    "epochs": 7,
    "accepted_moves": 785,
    "improving_moves": 102,
    "rejected_window_E_moves": 2606,
    "rejected_window_P_moves": 2659,
    "rejected_window_both_moves": 2595
  },
  "trace_improvements": [
    [
      0,
      5384.709999999999
    ],
    [
      1,
      5345.73
    ],
    [
      4,
      5275.08
    ],
    [
      6,
      5270.57
    ]
  ]
}