{
  "parameters": {
    "dataset": "app_final_40_medium",
    "t_max": 1000.0,
    "t_min": 10.0,
    "alpha": 0.9,
    "iters_per_T": 500,
    "neighborhood": "mixed",
    "day_horizon": 600,
    "time_weight": 1.0
  },
  "initial_cost": 6085.45,
  "best_cost": 5479.74,
  "improvement_pct": 0.09953413469833784,
  "best_routes": [
    [
      0,
      11,
      5,
      17,
      37,
      27,
      13,
      40,
      16,
      24,
      20,
      18,
      10,
      22,
      26,
      14,
      0
    ],
    [
      0,
      12,
      39,
      35,
      23,
      32,
      7,
      4,
      34,
      25,
      31,
      2,
      15,
      19,
      8,
      0
    ],
    [
      0,
      30,
      29,
      6,
      33,
      36,
      3,
      1,
      28,
      38,
      21,
      9,
      0
    ]
  ],
  "metrics_initial": {
    "vehicles_used": 3,
    "total_distance_km": 1722.8400000000004,
    "cost_distance": 1722.8400000000004,
    "cost_time": 1662.61,
    "vehicle_cost": 2700.0,
    "waiting_E": 126.65,
    "horizon_excess_E": 0.0,
    "makespan_E": 589.23,
    "sum_route_time_E": 1662.61,
    "avg_route_time_E": 554.2033333333333
  },
  "metrics_best": {
    "vehicles_used": 3,
    "total_distance_km": 1305.8600000000001,
    "cost_distance": 1305.8600000000001,
    "cost_time": 1473.8799999999999,
    "vehicle_cost": 2700.0,
    "waiting_E": 288.97,
    "horizon_excess_E": 0.0,
    "makespan_E": 568.98,
    "sum_route_time_E": 1473.8799999999999,
    "avg_route_time_E": 491.2933333333333
  },
  "metrics_delta": {
    "vehicles_used": 0,
    "total_distance_km": -416.98000000000025,
    "cost_distance": -416.98000000000025,
    "cost_time": -188.73000000000002,
    "vehicle_cost": 0.0,
    "waiting_E": 162.32000000000002,
    "horizon_excess_E": 0.0,
    "makespan_E": -20.25,
    "sum_route_time_E": -188.73000000000002,
    "avg_route_time_E": -62.90999999999997
  },
  "process": {
    "runtime_seconds": 3.620594024658203,
    "epochs": 44,
    "accepted_moves": 3343,
    "improving_moves": 659,
    "rejected_window_E_moves": 17780,
    "rejected_window_P_moves": 17866,
    "rejected_window_both_moves": 17569
  },
  "trace_improvements": [
    [
      0,
      6085.45
    ],
    [
      1,
      6058.33
    ],
    [
      2,
      5994.01
    ],
    [
      3,
      5975.41
    ],
    [
      5,
      5953.450000000001
    ],
    [
      6,
      5914.950000000001
    ],
    [
      10,
      5899.6
    ],
    [
      11,
      5889.6900000000005
    ],
    [
      13,
      5800.87
    ],
    [
      16,
      5788.16
    ],
    [
      29,
      5637.209999999999
    ],
    [
      30,
      5587.080000000001
    ],
    [
      34,
      5479.74
    ]
  ]
}