{
  "parameters": {
    "dataset": "app_final_20_very_loose",
    "t_max": 1000.0,
    "t_min": 10.0,
    "alpha": 0.6,
    "iters_per_T": 500,
    "neighborhood": "mixed",
    "day_horizon": 600,
    "time_weight": 1.0
  },
  "initial_cost": 3222.19,
  "best_cost": 3102.7999999999997,
  "improvement_pct": 0.03705243948991224,
  "best_routes": [
    [
      0,
      2,
      4,
      18,
      5,
      1,
      3,
      8,
      14,
      16,
      10,
      0
    ],
    [
      0,
      15,
      20,
      9,
      19,
      13,
      7,
      17,
      11,
      12,
      6,
      0
    ]
  ],
  "metrics_initial": {
    "vehicles_used": 2,
    "total_distance_km": 649.4700000000001,
    "cost_distance": 649.4700000000001,
    "cost_time": 772.7199999999999,
    "vehicle_cost": 1800.0,
    "waiting_E": 192.59,
    "horizon_excess_E": 0.0,
    "makespan_E": 413.61999999999995,
    "sum_route_time_E": 772.7199999999999,
    "avg_route_time_E": 386.35999999999996
  },
  "metrics_best": {
    "vehicles_used": 2,
    "total_distance_km": 602.7,
    "cost_distance": 602.7,
    "cost_time": 700.1,
    "vehicle_cost": 1800.0,
    "waiting_E": 134.13000000000005,
    "horizon_excess_E": 0.0,
    "makespan_E": 358.09000000000003,
    "sum_route_time_E": 700.1,
    "avg_route_time_E": 350.05
  },
  "metrics_delta": {
    "vehicles_used": 0,
    "total_distance_km": -46.770000000000095,
    "cost_distance": -46.770000000000095,
    "cost_time": -72.61999999999989,
    "vehicle_cost": 0.0,
    "waiting_E": -58.45999999999995,
    "horizon_excess_E": 0.0,
    "makespan_E": -55.529999999999916,
    "sum_route_time_E": -72.61999999999989,
    "avg_route_time_E": -36.309999999999945
  },
  "process": {
    "runtime_seconds": 0.5810294151306152,
    "epochs": 10,
    "accepted_moves": 1488,
    "improving_moves": 423,
    "rejected_window_E_moves": 2706,
    "rejected_window_P_moves": 2780,
    "rejected_window_both_moves": 2613
  },
  "trace_improvements": [
    [
      0,
      3222.19
    ],
    [
      8,
      3172.9000000000005
    ],
    [
      9,
      3102.7999999999997
    ]
  ]
}