{
  "parameters": {
    "dataset": "app_final_80_tight",
    "t_max": 1000.0,
    "t_min": 10.0,
    "alpha": 0.6,
    "iters_per_T": 500,
    "neighborhood": "mixed",
    "day_horizon": 600,
    "time_weight": 1.0
  },
  "initial_cost": 11626.3,
  "best_cost": 11530.25,
  "improvement_pct": 0.008261441731247196,
  "best_routes": [
    [
      0,
      6,
      33,
      62,
      43,
      56,
      17,
      73,
      5,
      7,
      74,
      41,
      59,
      46,
      64,
      27,
      69,
      0
    ],
    [
      0,
      15,
      31,
      10,
      22,
      55,
      51,
      8,
      78,
      25,
      3,
      58,
      19,
      32,
      67,
      63,
      70,
      0
    ],
    [
      0,
      21,
      4,
      48,
      16,
      23,
      35,
      52,
      77,
      49,
      76,
      80,
      65,
      0
    ],
    [
      0,
      2,
      26,
      36,
      14,
      24,
      42,
      79,
      68,
      61,
      71,
      37,
      30,
      47,
      44,
      75,
      38,
      0
    ],
    [
      0,
      18,
      50,
      20,
      45,
      40,
      13,
      60,
      9,
      1,
      53,
      0
    ],
    [
      0,
      34,
      66,
      72,
      28,
      29,
      54,
      39,
      57,
      12,
      11,
      0
    ]
  ],
  "metrics_initial": {
    "vehicles_used": 6,
    "total_distance_km": 2998.07,
    "cost_distance": 2998.07,
    "cost_time": 3228.2300000000005,
    "vehicle_cost": 5400.0,
    "waiting_E": 485.42,
    "horizon_excess_E": 0.0,
    "makespan_E": 597.35,
    "sum_route_time_E": 3228.2300000000005,
    "avg_route_time_E": 538.0383333333334
  },
  "metrics_best": {
    "vehicles_used": 6,
    "total_distance_km": 2887.52,
    "cost_distance": 2887.52,
    "cost_time": 3242.73,
    "vehicle_cost": 5400.0,
    "waiting_E": 585.43,
    "horizon_excess_E": 0.0,
    "makespan_E": 597.35,
    "sum_route_time_E": 3242.73,
    "avg_route_time_E": 540.455
  },
  "metrics_delta": {
    "vehicles_used": 0,
    "total_distance_km": -110.55000000000018,
    "cost_distance": -110.55000000000018,
    "cost_time": 14.499999999999545,
    "vehicle_cost": 0.0,
    "waiting_E": 100.00999999999993,
    "horizon_excess_E": 0.0,
    "makespan_E": 0.0,
    "sum_route_time_E": 14.499999999999545,
    "avg_route_time_E": 2.4166666666666288
  },
  "process": {
    "runtime_seconds": 1.5365147590637207,
    "epochs": 10,
    "accepted_moves": 583,
    "improving_moves": 58,
    "rejected_window_E_moves": 4348,
    "rejected_window_P_moves": 4376,
    "rejected_window_both_moves": 4335
  },
  "trace_improvements": [
    [
      0,
      11579.06
    ],
    [
      1,
      11530.25
    ]
  ]
}