{
  "parameters": {
    "dataset": "app_final_80_medium",
    "t_max": 1000.0,
    "t_min": 10.0,
    "alpha": 0.95,
    "iters_per_T": 500,
    "neighborhood": "mixed",
    "day_horizon": 600,
    "time_weight": 1.0
  },
  "initial_cost": 9712.71,
  "best_cost": 9185.710000000001,
  "improvement_pct": 0.054258801096707124,
  "best_routes": [
    [
      0,
      22,
      77,
      18,
      13,
      10,
      54,
      47,
      46,
      30,
      34,
      80,
      65,
      4,
      78,
      42,
      11,
      12,
      72,
      0
    ],
    [
      0,
      44,
      66,
      8,
      76,
      71,
      74,
      2,
      50,
      75,
      37,
      38,
      1,
      57,
      53,
      59,
      58,
      24,
      5,
      17,
      33,
      51,
      31,
      49,
      0
    ],
    [
      0,
      14,
      27,
      79,
      56,
      67,
      52,
      9,
      48,
      23,
      73,
      3,
      0
    ],
    [
      0,
      16,
      28,
      43,
      36,
      68,
      19,
      40,
      60,
      32,
      55,
      6,
      69,
      64,
      61,
      0
    ],
    [
      0,
      39,
      41,
      21,
      26,
      25,
      63,
      62,
      15,
      35,
      7,
      29,
      20,
      70,
      45,
      0
    ]
  ],
  "metrics_initial": {
    "vehicles_used": 5,
    "total_distance_km": 2720.8299999999995,
    "cost_distance": 2720.8299999999995,
    "cost_time": 2491.88,
    "vehicle_cost": 4500.0,
    "waiting_E": 97.90999999999991,
    "horizon_excess_E": 0.0,
    "makespan_E": 588.62,
    "sum_route_time_E": 2491.88,
    "avg_route_time_E": 498.37600000000003
  },
  "metrics_best": {
    "vehicles_used": 5,
    "total_distance_km": 2246.58,
    "cost_distance": 2246.58,
    "cost_time": 2439.1300000000006,
    "vehicle_cost": 4500.0,
    "waiting_E": 429.98,
    "horizon_excess_E": 0.0,
    "makespan_E": 581.73,
    "sum_route_time_E": 2439.1300000000006,
    "avg_route_time_E": 487.82600000000014
  },
  "metrics_delta": {
    "vehicles_used": 0,
    "total_distance_km": -474.24999999999955,
    "cost_distance": -474.24999999999955,
    "cost_time": -52.749999999999545,
    "vehicle_cost": 0.0,
    "waiting_E": 332.0700000000001,
    "horizon_excess_E": 0.0,
    "makespan_E": -6.889999999999986,
    "sum_route_time_E": -52.749999999999545,
    "avg_route_time_E": -10.549999999999898
  },
  "process": {
    "runtime_seconds": 12.779377460479736,
    "epochs": 90,
    "accepted_moves": 6011,
    "improving_moves": 1150,
    "rejected_window_E_moves": 37743,
    "rejected_window_P_moves": 37754,
    "rejected_window_both_moves": 37289
  },
  "trace_improvements": [
    [
      0,
      9712.71
    ],
    [
      68,
      9550.109999999999
    ],
    [
      70,
      9548.579999999998
    ],
    [
      71,
      9491.24
    ],
    [
      74,
      9388.710000000001
    ],
    [
      75,
      9342.630000000001
    ],
    [
      78,
      9308.8
    ],
    [
      79,
      9253.900000000001
    ],
    [
      87,
      9242.57
    ],
    [
      88,
      9186.93
    ],
    [
      89,
      9185.710000000001
    ]
  ]
}