{
  "parameters": {
    "dataset": "app_final_80_tight",
    "t_max": 1000.0,
    "t_min": 10.0,
    "alpha": 0.9,
    "iters_per_T": 500,
    "neighborhood": "mixed",
    "day_horizon": 600,
    "time_weight": 1.0
  },
  "initial_cost": 11626.3,
  "best_cost": 11045.740000000002,
  "improvement_pct": 0.04993506102543352,
  "best_routes": [
    [
      0,
      18,
      50,
      20,
      13,
      5,
      7,
      39,
      64,
      27,
      75,
      69,
      70,
      0
    ],
    [
      0,
      31,
      10,
      22,
      55,
      51,
      8,
      25,
      3,
      58,
      0
    ],
    [
      0,
      4,
      21,
      48,
      56,
      17,
      15,
      16,
      23,
      52,
      35,
      73,
      77,
      76,
      9,
      80,
      65,
      0
    ],
    [
      0,
      36,
      26,
      2,
      66,
      14,
      24,
      42,
      79,
      68,
      46,
      37,
      47,
      44,
      53,
      38,
      0
    ],
    [
      0,
      45,
      6,
      33,
      62,
      40,
      54,
      29,
      74,
      41,
      59,
      61,
      78,
      30,
      71,
      1,
      63,
      0
    ],
    [
      0,
      34,
      28,
      72,
      43,
      60,
      57,
      49,
      11,
      12,
      32,
      19,
      67,
      0
    ]
  ],
  "metrics_initial": {
    "vehicles_used": 6,
    "total_distance_km": 2998.07,
    "cost_distance": 2998.07,
    "cost_time": 3228.2300000000005,
    "vehicle_cost": 5400.0,
    "waiting_E": 485.42,
    "horizon_excess_E": 0.0,
    "makespan_E": 597.35,
    "sum_route_time_E": 3228.2300000000005,
    "avg_route_time_E": 538.0383333333334
  },
  "metrics_best": {
    "vehicles_used": 6,
    "total_distance_km": 2600.9700000000007,
    "cost_distance": 2600.9700000000007,
    "cost_time": 3044.77,
    "vehicle_cost": 5400.0,
    "waiting_E": 642.11,
    "horizon_excess_E": 0.0,
    "makespan_E": 599.2800000000001,
    "sum_route_time_E": 3044.77,
    "avg_route_time_E": 507.46166666666664
  },
  "metrics_delta": {
    "vehicles_used": 0,
    "total_distance_km": -397.09999999999945,
    "cost_distance": -397.09999999999945,
    "cost_time": -183.4600000000005,
    "vehicle_cost": 0.0,
    "waiting_E": 156.69,
    "horizon_excess_E": 0.0,
    "makespan_E": 1.9300000000000637,
    "sum_route_time_E": -183.4600000000005,
    "avg_route_time_E": -30.576666666666767
  },
  "process": {
    "runtime_seconds": 6.50525164604187,
    "epochs": 44,
    "accepted_moves": 2575,
    "improving_moves": 305,
    "rejected_window_E_moves": 19093,
    "rejected_window_P_moves": 19193,
    "rejected_window_both_moves": 19031
  },
  "trace_improvements": [
    [
      0,
      11626.3
    ],
    [
      17,
      11586.890000000001
    ],
    [
      21,
      11537.630000000001
    ],
    [
      22,
      11534.11
    ],
    [
      28,
      11473.810000000001
    ],
    [
      29,
      11449.65
    ],
    [
      32,
      11241.570000000002
    ],
    [
      33,
      11089.49
    ],
    [
      35,
      11081.830000000002
    ],
    [
      38,
      11076.880000000001
    ],
    [
      40,
      11053.93
    ],
    [
      43,
      11045.740000000002
    ]
  ]
}