{
  "parameters": {
    "dataset": "app_final_20_very_loose",
    "t_max": 1000.0,
    "t_min": 10.0,
    "alpha": 0.7,
    "iters_per_T": 500,
    "neighborhood": "mixed",
    "day_horizon": 600,
    "time_weight": 1.0
  },
  "initial_cost": 3222.19,
  "best_cost": 3116.6099999999997,
  "improvement_pct": 0.03276653456189746,
  "best_routes": [
    [
      0,
      10,
      15,
      17,
      7,
      13,
      11,
      12,
      6,
      20,
      0
    ],
    [
      0,
      2,
      9,
      19,
      18,
      5,
      1,
      3,
      4,
      8,
      14,
      16,
      0
    ]
  ],
  "metrics_initial": {
    "vehicles_used": 2,
    "total_distance_km": 649.4700000000001,
    "cost_distance": 649.4700000000001,
    "cost_time": 772.7199999999999,
    "vehicle_cost": 1800.0,
    "waiting_E": 192.59,
    "horizon_excess_E": 0.0,
    "makespan_E": 413.61999999999995,
    "sum_route_time_E": 772.7199999999999,
    "avg_route_time_E": 386.35999999999996
  },
  "metrics_best": {
    "vehicles_used": 2,
    "total_distance_km": 639.33,
    "cost_distance": 639.33,
    "cost_time": 677.28,
    "vehicle_cost": 1800.0,
    "waiting_E": 87.50999999999996,
    "horizon_excess_E": 0.0,
    "makespan_E": 342.14000000000004,
    "sum_route_time_E": 677.28,
    "avg_route_time_E": 338.64
  },
  "metrics_delta": {
    "vehicles_used": 0,
    "total_distance_km": -10.1400000000001,
    "cost_distance": -10.1400000000001,
    "cost_time": -95.43999999999994,
    "vehicle_cost": 0.0,
    "waiting_E": -105.08000000000004,
    "horizon_excess_E": 0.0,
    "makespan_E": -71.4799999999999,
    "sum_route_time_E": -95.43999999999994,
    "avg_route_time_E": -47.71999999999997
  },
  "process": {
    "runtime_seconds": 0.7613053321838379,
    "epochs": 13,
    "accepted_moves": 2007,
    "improving_moves": 573,
    "rejected_window_E_moves": 3585,
    "rejected_window_P_moves": 3717,
    "rejected_window_both_moves": 3525
  },
  "trace_improvements": [
    [
      0,
      3222.19
    ],
    [
      9,
      3197.42
    ],
    [
      10,
      3181.29
    ],
    [
      11,
      3133.21
    ],
    [
      12,
      3116.6099999999997
    ]
  ]
}