{
  "parameters": {
    "dataset": "app_final_80_tight",
    "t_max": 1000.0,
    "t_min": 10.0,
    "alpha": 0.95,
    "iters_per_T": 500,
    "neighborhood": "mixed",
    "day_horizon": 600,
    "time_weight": 1.0
  },
  "initial_cost": 11626.3,
  "best_cost": 10883.87,
  "improvement_pct": 0.06385780514867141,
  "best_routes": [
    [
      0,
      4,
      21,
      17,
      56,
      31,
      15,
      73,
      5,
      60,
      7,
      74,
      39,
      64,
      27,
      37,
      69,
      75,
      0
    ],
    [
      0,
      34,
      20,
      2,
      66,
      28,
      72,
      8,
      51,
      47,
      19,
      32,
      12,
      0
    ],
    [
      0,
      48,
      10,
      35,
      52,
      77,
      9,
      80,
      0
    ],
    [
      0,
      26,
      36,
      55,
      14,
      24,
      42,
      16,
      23,
      79,
      61,
      59,
      46,
      30,
      71,
      44,
      53,
      38,
      0
    ],
    [
      0,
      6,
      62,
      33,
      45,
      43,
      13,
      68,
      22,
      78,
      25,
      3,
      58,
      67,
      0
    ],
    [
      0,
      18,
      50,
      40,
      29,
      54,
      41,
      57,
      49,
      11,
      65,
      63,
      1,
      76,
      70,
      0
    ]
  ],
  "metrics_initial": {
    "vehicles_used": 6,
    "total_distance_km": 2998.07,
    "cost_distance": 2998.07,
    "cost_time": 3228.2300000000005,
    "vehicle_cost": 5400.0,
    "waiting_E": 485.42,
    "horizon_excess_E": 0.0,
    "makespan_E": 597.35,
    "sum_route_time_E": 3228.2300000000005,
    "avg_route_time_E": 538.0383333333334
  },
  "metrics_best": {
    "vehicles_used": 6,
    "total_distance_km": 2441.170000000001,
    "cost_distance": 2441.170000000001,
    "cost_time": 3042.7000000000003,
    "vehicle_cost": 5400.0,
    "waiting_E": 845.3100000000002,
    "horizon_excess_E": 0.0,
    "makespan_E": 561.33,
    "sum_route_time_E": 3042.7000000000003,
    "avg_route_time_E": 507.11666666666673
  },
  "metrics_delta": {
    "vehicles_used": 0,
    "total_distance_km": -556.8999999999992,
    "cost_distance": -556.8999999999992,
    "cost_time": -185.5300000000002,
    "vehicle_cost": 0.0,
    "waiting_E": 359.89000000000016,
    "horizon_excess_E": 0.0,
    "makespan_E": -36.01999999999998,
    "sum_route_time_E": -185.5300000000002,
    "avg_route_time_E": -30.92166666666668
  },
  "process": {
    "runtime_seconds": 13.254026174545288,
    "epochs": 90,
    "accepted_moves": 5523,
    "improving_moves": 705,
    "rejected_window_E_moves": 38681,
    "rejected_window_P_moves": 39022,
    "rejected_window_both_moves": 38586
  },
  "trace_improvements": [
    [
      0,
      11545.570000000002
    ],
    [
      61,
      11436.380000000001
    ],
    [
      62,
      11357.62
    ],
    [
      63,
      11346.190000000002
    ],
    [
      69,
      11293.42
    ],
    [
      70,
      11253.52
    ],
    [
      71,
      11251.12
    ],
    [
      72,
      11246.85
    ],
    [
      73,
      11176.100000000002
    ],
    [
      74,
      11114.960000000001
    ],
    [
      79,
      11048.730000000001
    ],
    [
      80,
      11014.010000000002
    ],
    [
      81,
      10935.960000000001
    ],
    [
      82,
      10893.86
    ],
    [
      87,
      10883.87
    ]
  ]
}