{
  "parameters": {
    "dataset": "app_final_20_tight",
    "t_max": 1000.0,
    "t_min": 10.0,
    "alpha": 0.9,
    "iters_per_T": 1000,
    "neighborhood": "mixed",
    "day_horizon": 600,
    "time_weight": 1.0
  },
  "initial_cost": 5722.25,
  "best_cost": 5144.63,
  "improvement_pct": 0.10094281095722835,
  "best_routes": [
    [
      0,
      1,
      12,
      16,
      11,
      18,
      4,
      9,
      0
    ],
    [
      0,
      8,
      20,
      17,
      13,
      7,
      6,
      0
    ],
    [
      0,
      15,
      2,
      5,
      10,
      19,
      3,
      14,
      0
    ]
  ],
  "metrics_initial": {
    "vehicles_used": 3,
    "total_distance_km": 1291.25,
    "cost_distance": 1291.25,
    "cost_time": 1731.0000000000002,
    "vehicle_cost": 2700.0,
    "waiting_E": 578.6700000000001,
    "horizon_excess_E": 0.0,
    "makespan_E": 596.1400000000001,
    "sum_route_time_E": 1731.0000000000002,
    "avg_route_time_E": 577.0000000000001
  },
  "metrics_best": {
    "vehicles_used": 3,
    "total_distance_km": 897.7699999999999,
    "cost_distance": 897.7699999999999,
    "cost_time": 1546.86,
    "vehicle_cost": 2700.0,
    "waiting_E": 722.6200000000001,
    "horizon_excess_E": 0.0,
    "makespan_E": 587.74,
    "sum_route_time_E": 1546.86,
    "avg_route_time_E": 515.62
  },
  "metrics_delta": {
    "vehicles_used": 0,
    "total_distance_km": -393.48000000000013,
    "cost_distance": -393.48000000000013,
    "cost_time": -184.14000000000033,
    "vehicle_cost": 0.0,
    "waiting_E": 143.95000000000005,
    "horizon_excess_E": 0.0,
    "makespan_E": -8.400000000000091,
    "sum_route_time_E": -184.14000000000033,
    "avg_route_time_E": -61.38000000000011
  },
  "process": {
    "runtime_seconds": 7.316844463348389,
    "epochs": 44,
    "accepted_moves": 9454,
    "improving_moves": 1060,
    "rejected_window_E_moves": 32986,
    "rejected_window_P_moves": 33719,
    "rejected_window_both_moves": 32758
  },
  "trace_improvements": [
    [
      0,
      5412.110000000001
    ],
    [
      3,
      5311.59
    ],
    [
      14,
      5178.73
    ],
    [
      26,
      5144.63
    ]
  ]
}