{
  "parameters": {
    "dataset": "app_final_80_tight",
    "t_max": 1000.0,
    "t_min": 10.0,
    "alpha": 0.7,
    "iters_per_T": 1000,
    "neighborhood": "mixed",
    "day_horizon": 600,
    "time_weight": 1.0
  },
  "initial_cost": 11626.3,
  "best_cost": 11452.420000000002,
  "improvement_pct": 0.014955746884219174,
  "best_routes": [
    [
      0,
      6,
      33,
      62,
      45,
      16,
      23,
      56,
      39,
      64,
      27,
      53,
      0
    ],
    [
      0,
      34,
      31,
      15,
      10,
      48,
      55,
      8,
      51,
      71,
      3,
      58,
      19,
      70,
      0
    ],
    [
      0,
      4,
      21,
      17,
      35,
      52,
      77,
      73,
      9,
      80,
      65,
      0
    ],
    [
      0,
      26,
      72,
      28,
      14,
      24,
      42,
      79,
      68,
      25,
      61,
      47,
      44,
      78,
      46,
      37,
      30,
      75,
      69,
      0
    ],
    [
      0,
      18,
      50,
      22,
      20,
      13,
      43,
      60,
      7,
      5,
      57,
      11,
      49,
      0
    ],
    [
      0,
      36,
      66,
      2,
      29,
      40,
      54,
      41,
      74,
      59,
      76,
      1,
      63,
      67,
      12,
      32,
      38,
      0
    ]
  ],
  "metrics_initial": {
    "vehicles_used": 6,
    "total_distance_km": 2998.07,
    "cost_distance": 2998.07,
    "cost_time": 3228.2300000000005,
    "vehicle_cost": 5400.0,
    "waiting_E": 485.42,
    "horizon_excess_E": 0.0,
    "makespan_E": 597.35,
    "sum_route_time_E": 3228.2300000000005,
    "avg_route_time_E": 538.0383333333334
  },
  "metrics_best": {
    "vehicles_used": 6,
    "total_distance_km": 2866.2100000000005,
    "cost_distance": 2866.2100000000005,
    "cost_time": 3186.21,
    "vehicle_cost": 5400.0,
    "waiting_E": 581.55,
    "horizon_excess_E": 0.0,
    "makespan_E": 582.4300000000001,
    "sum_route_time_E": 3186.21,
    "avg_route_time_E": 531.035
  },
  "metrics_delta": {
    "vehicles_used": 0,
    "total_distance_km": -131.85999999999967,
    "cost_distance": -131.85999999999967,
    "cost_time": -42.02000000000044,
    "vehicle_cost": 0.0,
    "waiting_E": 96.12999999999994,
    "horizon_excess_E": 0.0,
    "makespan_E": -14.919999999999959,
    "sum_route_time_E": -42.02000000000044,
    "avg_route_time_E": -7.003333333333444
  },
  "process": {
    "runtime_seconds": 5.785620212554932,
    "epochs": 13,
    "accepted_moves": 1523,
    "improving_moves": 157,
    "rejected_window_E_moves": 11336,
    "rejected_window_P_moves": 11408,
    "rejected_window_both_moves": 11293
  },
  "trace_improvements": [
    [
      0,
      11558.28
    ],
    [
      10,
      11555.609999999999
    ],
    [
      11,
      11500.080000000002
    ],
    [
      12,
      11452.420000000002
    ]
  ]
}