{
  "parameters": {
    "dataset": "app_final_80_loose",
    "t_max": 1000.0,
    "t_min": 10.0,
    "alpha": 0.9,
    "iters_per_T": 1000,
    "neighborhood": "mixed",
    "day_horizon": 600,
    "time_weight": 1.0
  },
  "initial_cost": 6387.089999999999,
  "best_cost": 6140.869999999999,
  "improvement_pct": 0.03854963684557448,
  "best_routes": [
    [
      0,
      24,
      55,
      42,
      63,
      19,
      8,
      28,
      35,
      15,
      66,
      69,
      14,
      45,
      12,
      41,
      21,
      36,
      46,
      18,
      77,
      68,
      57,
      13,
      47,
      31,
      67,
      0
    ],
    [
      0,
      34,
      78,
      20,
      27,
      58,
      59,
      70,
      60,
      43,
      53,
      33,
      52,
      65,
      38,
      48,
      61,
      29,
      74,
      11,
      2,
      22,
      17,
      79,
      7,
      75,
      72,
      51,
      32,
      73,
      16,
      39,
      0
    ],
    [
      0,
      25,
      76,
      6,
      23,
      56,
      37,
      54,
      10,
      80,
      49,
      62,
      9,
      3,
      30,
      64,
      71,
      4,
      5,
      26,
      1,
      40,
      44,
      50,
      0
    ]
  ],
  "metrics_initial": {
    "vehicles_used": 3,
    "total_distance_km": 1987.2299999999998,
    "cost_distance": 1987.2299999999998,
    "cost_time": 1699.8599999999997,
    "vehicle_cost": 2700.0,
    "waiting_E": 61.810000000000045,
    "horizon_excess_E": 0.0,
    "makespan_E": 580.3,
    "sum_route_time_E": 1699.8599999999997,
    "avg_route_time_E": 566.6199999999999
  },
  "metrics_best": {
    "vehicles_used": 3,
    "total_distance_km": 1847.0399999999995,
    "cost_distance": 1847.0399999999995,
    "cost_time": 1593.83,
    "vehicle_cost": 2700.0,
    "waiting_E": 67.39000000000014,
    "horizon_excess_E": 0.0,
    "makespan_E": 585.8600000000001,
    "sum_route_time_E": 1593.83,
    "avg_route_time_E": 531.2766666666666
  },
  "metrics_delta": {
    "vehicles_used": 0,
    "total_distance_km": -140.19000000000028,
    "cost_distance": -140.19000000000028,
    "cost_time": -106.02999999999975,
    "vehicle_cost": 0.0,
    "waiting_E": 5.580000000000098,
    "horizon_excess_E": 0.0,
    "makespan_E": 5.560000000000173,
    "sum_route_time_E": -106.02999999999975,
    "avg_route_time_E": -35.34333333333325
  },
  "process": {
    "runtime_seconds": 18.661367654800415,
    "epochs": 44,
    "accepted_moves": 3607,
    "improving_moves": 624,
    "rejected_window_E_moves": 39793,
    "rejected_window_P_moves": 39419,
    "rejected_window_both_moves": 38980
  },
  "trace_improvements": [
    [
      0,
      6340.08
    ],
    [
      1,
      6296.049999999999
    ],
    [
      42,
      6140.869999999999
    ]
  ]
}