{
  "parameters": {
    "dataset": "app_final_20_medium",
    "t_max": 1000.0,
    "t_min": 10.0,
    "alpha": 0.7,
    "iters_per_T": 1000,
    "neighborhood": "mixed",
    "day_horizon": 600,
    "time_weight": 1.0
  },
  "initial_cost": 3758.7000000000003,
  "best_cost": 3668.38,
  "improvement_pct": 0.024029584696836713,
  "best_routes": [
    [
      0,
      17,
      13,
      1,
      11,
      20,
      9,
      2,
      18,
      19,
      0
    ],
    [
      0,
      15,
      5,
      3,
      10,
      8,
      6,
      16,
      7,
      4,
      12,
      14,
      0
    ]
  ],
  "metrics_initial": {
    "vehicles_used": 2,
    "total_distance_km": 917.1800000000001,
    "cost_distance": 917.1800000000001,
    "cost_time": 1041.52,
    "vehicle_cost": 1800.0,
    "waiting_E": 211.95,
    "horizon_excess_E": 0.0,
    "makespan_E": 585.08,
    "sum_route_time_E": 1041.52,
    "avg_route_time_E": 520.76
  },
  "metrics_best": {
    "vehicles_used": 2,
    "total_distance_km": 850.4899999999999,
    "cost_distance": 850.4899999999999,
    "cost_time": 1017.8900000000001,
    "vehicle_cost": 1800.0,
    "waiting_E": 270.97,
    "horizon_excess_E": 0.0,
    "makespan_E": 580.34,
    "sum_route_time_E": 1017.8900000000001,
    "avg_route_time_E": 508.94500000000005
  },
  "metrics_delta": {
    "vehicles_used": 0,
    "total_distance_km": -66.69000000000017,
    "cost_distance": -66.69000000000017,
    "cost_time": -23.62999999999988,
    "vehicle_cost": 0.0,
    "waiting_E": 59.02000000000004,
    "horizon_excess_E": 0.0,
    "makespan_E": -4.740000000000009,
    "sum_route_time_E": -23.62999999999988,
    "avg_route_time_E": -11.81499999999994
  },
  "process": {
    "runtime_seconds": 2.018523693084717,
    "epochs": 13,
    "accepted_moves": 2507,
    "improving_moves": 443,
    "rejected_window_E_moves": 9971,
    "rejected_window_P_moves": 9730,
    "rejected_window_both_moves": 9533
  },
  "trace_improvements": [
    [
      0,
      3758.7000000000003
    ],
    [
      4,
      3722.55
    ],
    [
      6,
      3709.6
    ],
    [
      8,
      3700.3599999999997
    ],
    [
      10,
      3672.37
    ],
    [
      11,
      3668.38
    ]
  ]
}