{
  "parameters": {
    "dataset": "app_final_40_medium",
    "t_max": 1000.0,
    "t_min": 10.0,
    "alpha": 0.9,
    "iters_per_T": 1000,
    "neighborhood": "mixed",
    "day_horizon": 600,
    "time_weight": 1.0
  },
  "initial_cost": 6085.45,
  "best_cost": 5415.51,
  "improvement_pct": 0.11008881841112812,
  "best_routes": [
    [
      0,
      17,
      5,
      11,
      27,
      33,
      18,
      10,
      20,
      19,
      22,
      26,
      14,
      0
    ],
    [
      0,
      13,
      23,
      30,
      29,
      40,
      16,
      6,
      4,
      34,
      24,
      15,
      2,
      25,
      8,
      0
    ],
    [
      0,
      37,
      39,
      12,
      7,
      32,
      35,
      31,
      3,
      36,
      1,
      28,
      38,
      21,
      9,
      0
    ]
  ],
  "metrics_initial": {
    "vehicles_used": 3,
    "total_distance_km": 1722.8400000000004,
    "cost_distance": 1722.8400000000004,
    "cost_time": 1662.61,
    "vehicle_cost": 2700.0,
    "waiting_E": 126.65,
    "horizon_excess_E": 0.0,
    "makespan_E": 589.23,
    "sum_route_time_E": 1662.61,
    "avg_route_time_E": 554.2033333333333
  },
  "metrics_best": {
    "vehicles_used": 3,
    "total_distance_km": 1279.4500000000003,
    "cost_distance": 1279.4500000000003,
    "cost_time": 1436.0600000000002,
    "vehicle_cost": 2700.0,
    "waiting_E": 277.83000000000004,
    "horizon_excess_E": 0.0,
    "makespan_E": 531.59,
    "sum_route_time_E": 1436.0600000000002,
    "avg_route_time_E": 478.6866666666667
  },
  "metrics_delta": {
    "vehicles_used": 0,
    "total_distance_km": -443.3900000000001,
    "cost_distance": -443.3900000000001,
    "cost_time": -226.54999999999973,
    "vehicle_cost": 0.0,
    "waiting_E": 151.18000000000004,
    "horizon_excess_E": 0.0,
    "makespan_E": -57.639999999999986,
    "sum_route_time_E": -226.54999999999973,
    "avg_route_time_E": -75.51666666666654
  },
  "process": {
    "runtime_seconds": 10.586880922317505,
    "epochs": 44,
    "accepted_moves": 6405,
    "improving_moves": 1137,
    "rejected_window_E_moves": 36182,
    "rejected_window_P_moves": 36379,
    "rejected_window_both_moves": 35839
  },
  "trace_improvements": [
    [
      0,
      5945.25
    ],
    [
      2,
      5903.12
    ],
    [
      4,
      5866.0
    ],
    [
      19,
      5798.62
    ],
    [
      26,
      5790.74
    ],
    [
      27,
      5777.7
    ],
    [
      30,
      5689.6
    ],
    [
      31,
      5673.950000000001
    ],
    [
      33,
      5635.01
    ],
    [
      36,
      5615.860000000001
    ],
    [
      37,
      5547.39
    ],
    [
      38,
      5497.12
    ],
    [
      39,
      5488.68
    ],
    [
      40,
      5481.4400000000005
    ],
    [
      41,
      5415.51
    ]
  ]
}