{
  "parameters": {
    "dataset": "app_final_40_tight",
    "t_max": 1000.0,
    "t_min": 10.0,
    "alpha": 0.5,
    "iters_per_T": 1000,
    "neighborhood": "mixed",
    "day_horizon": 600,
    "time_weight": 1.0
  },
  "initial_cost": 9186.7,
  "best_cost": 9153.26,
  "improvement_pct": 0.0036400448474425535,
  "best_routes": [
    [
      0,
      9,
      33,
      2,
      17,
      40,
      23,
      4,
      19,
      0
    ],
    [
      0,
      30,
      22,
      35,
      12,
      6,
      1,
      32,
      27,
      38,
      34,
      0
    ],
    [
      0,
      20,
      3,
      29,
      31,
      26,
      37,
      28,
      0
    ],
    [
      0,
      36,
      24,
      14,
      16,
      10,
      39,
      11,
      0
    ],
    [
      0,
      21,
      18,
      5,
      25,
      7,
      15,
      13,
      8,
      0
    ]
  ],
  "metrics_initial": {
    "vehicles_used": 5,
    "total_distance_km": 1991.9199999999998,
    "cost_distance": 1991.9199999999998,
    "cost_time": 2694.78,
    "vehicle_cost": 4500.0,
    "waiting_E": 869.1899999999998,
    "horizon_excess_E": 0.0,
    "makespan_E": 582.24,
    "sum_route_time_E": 2694.78,
    "avg_route_time_E": 538.956
  },
  "metrics_best": {
    "vehicles_used": 5,
    "total_distance_km": 1988.9299999999996,
    "cost_distance": 1988.9299999999996,
    "cost_time": 2664.3300000000004,
    "vehicle_cost": 4500.0,
    "waiting_E": 794.91,
    "horizon_excess_E": 0.0,
    "makespan_E": 589.19,
    "sum_route_time_E": 2664.3300000000004,
    "avg_route_time_E": 532.8660000000001
  },
  "metrics_delta": {
    "vehicles_used": 0,
    "total_distance_km": -2.9900000000002365,
    "cost_distance": -2.9900000000002365,
    "cost_time": -30.449999999999818,
    "vehicle_cost": 0.0,
    "waiting_E": -74.27999999999986,
    "horizon_excess_E": 0.0,
    "makespan_E": 6.9500000000000455,
    "sum_route_time_E": -30.449999999999818,
    "avg_route_time_E": -6.089999999999918
  },
  "process": {
    "runtime_seconds": 1.9504435062408447,
    "epochs": 7,
    "accepted_moves": 1274,
    "improving_moves": 164,
    "rejected_window_E_moves": 5566,
    "rejected_window_P_moves": 5625,
    "rejected_window_both_moves": 5538
  },
  "trace_improvements": [
    [
      0,
      9176.39
    ],
    [
      6,
      9153.26
    ]
  ]
}