{
  "parameters": {
    "dataset": "app_final_80_very_loose",
    "t_max": 1000.0,
    "t_min": 10.0,
    "alpha": 0.5,
    "iters_per_T": 1000,
    "neighborhood": "mixed",
    "day_horizon": 600,
    "time_weight": 1.0
  },
  "initial_cost": 6154.709999999999,
  "best_cost": 6133.21,
  "improvement_pct": 0.003493259633678775,
  "best_routes": [
    [
      0,
      11,
      47,
      44,
      43,
      68,
      33,
      54,
      20,
      16,
      55,
      42,
      34,
      49,
      7,
      24,
      50,
      37,
      1,
      5,
      69,
      79,
      64,
      13,
      56,
      14,
      45,
      80,
      38,
      10,
      72,
      9,
      0
    ],
    [
      0,
      40,
      63,
      70,
      17,
      27,
      19,
      39,
      28,
      59,
      41,
      60,
      51,
      18,
      58,
      26,
      22,
      2,
      62,
      75,
      15,
      74,
      57,
      21,
      53,
      73,
      67,
      8,
      32,
      76,
      0
    ],
    [
      0,
      3,
      35,
      25,
      36,
      52,
      4,
      48,
      61,
      66,
      78,
      23,
      71,
      29,
      46,
      77,
      31,
      30,
      12,
      65,
      6,
      0
    ]
  ],
  "metrics_initial": {
    "vehicles_used": 3,
    "total_distance_km": 1864.99,
    "cost_distance": 1864.99,
    "cost_time": 1589.7199999999998,
    "vehicle_cost": 2700.0,
    "waiting_E": 20.30000000000001,
    "horizon_excess_E": 0.0,
    "makespan_E": 596.4899999999999,
    "sum_route_time_E": 1589.7199999999998,
    "avg_route_time_E": 529.9066666666666
  },
  "metrics_best": {
    "vehicles_used": 3,
    "total_distance_km": 1856.4599999999998,
    "cost_distance": 1856.4599999999998,
    "cost_time": 1576.75,
    "vehicle_cost": 2700.0,
    "waiting_E": 20.30000000000001,
    "horizon_excess_E": 0.0,
    "makespan_E": 583.5199999999999,
    "sum_route_time_E": 1576.75,
    "avg_route_time_E": 525.5833333333334
  },
  "metrics_delta": {
    "vehicles_used": 0,
    "total_distance_km": -8.5300000000002,
    "cost_distance": -8.5300000000002,
    "cost_time": -12.9699999999998,
    "vehicle_cost": 0.0,
    "waiting_E": 0.0,
    "horizon_excess_E": 0.0,
    "makespan_E": -12.970000000000027,
    "sum_route_time_E": -12.9699999999998,
    "avg_route_time_E": -4.323333333333267
  },
  "process": {
    "runtime_seconds": 2.4503424167633057,
    "epochs": 7,
    "accepted_moves": 584,
    "improving_moves": 113,
    "rejected_window_E_moves": 6313,
    "rejected_window_P_moves": 6268,
    "rejected_window_both_moves": 6186
  },
  "trace_improvements": [
    [
      0,
      6133.21
    ]
  ]
}