{
  "parameters": {
    "dataset": "app_final_40_very_loose",
    "t_max": 1000.0,
    "t_min": 10.0,
    "alpha": 0.5,
    "iters_per_T": 1000,
    "neighborhood": "mixed",
    "day_horizon": 600,
    "time_weight": 1.0
  },
  "initial_cost": 4057.98,
  "best_cost": 3889.66,
  "improvement_pct": 0.04147876529701974,
  "best_routes": [
    [
      0,
      5,
      9,
      13,
      15,
      34,
      11,
      18,
      1,
      38,
      6,
      24,
      31,
      20,
      3,
      23,
      2,
      17,
      36,
      10,
      0
    ],
    [
      0,
      8,
      14,
      39,
      21,
      33,
      25,
      32,
      22,
      7,
      16,
      29,
      19,
      4,
      28,
      27,
      12,
      30,
      26,
      40,
      35,
      37,
      0
    ]
  ],
  "metrics_initial": {
    "vehicles_used": 2,
    "total_distance_km": 1132.81,
    "cost_distance": 1132.81,
    "cost_time": 1125.17,
    "vehicle_cost": 1800.0,
    "waiting_E": 120.92999999999999,
    "horizon_excess_E": 0.0,
    "makespan_E": 578.77,
    "sum_route_time_E": 1125.17,
    "avg_route_time_E": 562.585
  },
  "metrics_best": {
    "vehicles_used": 2,
    "total_distance_km": 1057.51,
    "cost_distance": 1057.51,
    "cost_time": 1032.1499999999999,
    "vehicle_cost": 1800.0,
    "waiting_E": 83.77000000000001,
    "horizon_excess_E": 0.0,
    "makespan_E": 523.67,
    "sum_route_time_E": 1032.1499999999999,
    "avg_route_time_E": 516.0749999999999
  },
  "metrics_delta": {
    "vehicles_used": 0,
    "total_distance_km": -75.29999999999995,
    "cost_distance": -75.29999999999995,
    "cost_time": -93.02000000000021,
    "vehicle_cost": 0.0,
    "waiting_E": -37.15999999999998,
    "horizon_excess_E": 0.0,
    "makespan_E": -55.10000000000002,
    "sum_route_time_E": -93.02000000000021,
    "avg_route_time_E": -46.510000000000105
  },
  "process": {
    "runtime_seconds": 1.5124123096466064,
    "epochs": 7,
    "accepted_moves": 830,
    "improving_moves": 176,
    "rejected_window_E_moves": 6008,
    "rejected_window_P_moves": 6016,
    "rejected_window_both_moves": 5930
  },
  "trace_improvements": [
    [
      0,
      4057.98
    ],
    [
      5,
      3995.2999999999997
    ],
    [
      6,
      3889.66
    ]
  ]
}