{
  "parameters": {
    "dataset": "app_final_200_very_loose",
    "t_max": 1000.0,
    "t_min": 10.0,
    "alpha": 0.95,
    "iters_per_T": 1000,
    "neighborhood": "mixed",
    "day_horizon": 600,
    "time_weight": 1.0
  },
  "initial_cost": 12312.64,
  "best_cost": 12157.599999999997,
  "improvement_pct": 0.012591938040907774,
  "best_routes": [
    [
      0,
      28,
      187,
      150,
      98,
      115,
      159,
      197,
      166,
      163,
      199,
      142,
      105,
      74,
      140,
      82,
      61,
      167,
      107,
      6,
      135,
      177,
      71,
      149,
      53,
      18,
      196,
      81,
      161,
      60,
      36,
      181,
      0
    ],
    [
      0,
      63,
      19,
      45,
      20,
      12,
      27,
      192,
      54,
      180,
      122,
      175,
      190,
      101,
      14,
      123,
      127,
      153,
      34,
      131,
      156,
      35,
      100,
      143,
      171,
      59,
      110,
      47,
      13,
      200,
      157,
      78,
      44,
      86,
      0
    ],
    [
      0,
      97,
      51,
      40,
      119,
      186,
      24,
      79,
      125,
      91,
      111,
      144,
      10,
      132,
      116,
      17,
      55,
      56,
      154,
      72,
      124,
      96,
      130,
      85,
      23,
      38,
      64,
      191,
      15,
      92,
      145,
      31,
      104,
      0
    ],
    [
      0,
      176,
      170,
      134,
      16,
      162,
      37,
      183,
      172,
      129,
      164,
      184,
      76,
      120,
      165,
      94,
      138,
      99,
      88,
      188,
      182,
      112,
      103,
      168,
      4,
      106,
      39,
      118,
      65,
      193,
      195,
      46,
      8,
      185,
      160,
      0
    ],
    [
      0,
      198,
      136,
      2,
      155,
      52,
      32,
      11,
      114,
      84,
      128,
      49,
      22,
      30,
      57,
      3,
      75,
      189,
      141,
      148,
      139,
      73,
      87,
      121,
      178,
      108,
      9,
      21,
      146,
      80,
      70,
      151,
      58,
      0
    ],
    [
      0,
      137,
      147,
      26,
      33,
      69,
      169,
      113,
      29,
      89,
      5,
      179,
      77,
      48,
      67,
      126,
      43,
      50,
      83,
      93,
      25,
      1,
      95,
      66,
      109,
      42,
      90,
      68,
      7,
      194,
      152,
      62,
      117,
      158,
      41,
      174,
      133,
      173,
      102,
      0
    ]
  ],
  "metrics_initial": {
    "vehicles_used": 6,
    "total_distance_km": 3653.0499999999993,
    "cost_distance": 3653.0499999999993,
    "cost_time": 3259.59,
    "vehicle_cost": 5400.0,
    "waiting_E": 244.29000000000002,
    "horizon_excess_E": 0.0,
    "makespan_E": 598.4,
    "sum_route_time_E": 3259.59,
    "avg_route_time_E": 543.265
  },
  "metrics_best": {
    "vehicles_used": 6,
    "total_distance_km": 3546.8599999999974,
    "cost_distance": 3546.8599999999974,
    "cost_time": 3210.74,
    "vehicle_cost": 5400.0,
    "waiting_E": 180.26999999999992,
    "horizon_excess_E": 0.0,
    "makespan_E": 583.98,
    "sum_route_time_E": 3210.74,
    "avg_route_time_E": 535.1233333333333
  },
  "metrics_delta": {
    "vehicles_used": 0,
    "total_distance_km": -106.19000000000187,
    "cost_distance": -106.19000000000187,
    "cost_time": -48.850000000000364,
    "vehicle_cost": 0.0,
    "waiting_E": -64.0200000000001,
    "horizon_excess_E": 0.0,
    "makespan_E": -14.419999999999959,
    "sum_route_time_E": -48.850000000000364,
    "avg_route_time_E": -8.141666666666652
  },
  "process": {
    "runtime_seconds": 84.01159405708313,
    "epochs": 90,
    "accepted_moves": 7136,
    "improving_moves": 1546,
    "rejected_window_E_moves": 81513,
    "rejected_window_P_moves": 79936,
    "rejected_window_both_moves": 79088
  },
  "trace_improvements": [
    [
      0,
      12312.64
    ],
    [
      84,
      12291.279999999999
    ],
    [
      85,
      12173.029999999999
    ],
    [
      88,
      12157.599999999997
    ]
  ]
}