{
  "parameters": {
    "dataset": "app_final_40_tight",
    "t_max": 1000.0,
    "t_min": 10.0,
    "alpha": 0.6,
    "iters_per_T": 1000,
    "neighborhood": "mixed",
    "day_horizon": 600,
    "time_weight": 1.0
  },
  "initial_cost": 9186.7,
  "best_cost": 8705.170000000002,
  "improvement_pct": 0.05241599268507721,
  "best_routes": [
    [
      0,
      20,
      2,
      9,
      33,
      29,
      31,
      10,
      37,
      27,
      38,
      34,
      0
    ],
    [
      0,
      21,
      16,
      18,
      26,
      39,
      14,
      15,
      11,
      13,
      8,
      0
    ],
    [
      0,
      32,
      1,
      6,
      17,
      40,
      28,
      0
    ],
    [
      0,
      22,
      36,
      24,
      5,
      25,
      7,
      0
    ],
    [
      0,
      30,
      35,
      12,
      3,
      23,
      4,
      19,
      0
    ]
  ],
  "metrics_initial": {
    "vehicles_used": 5,
    "total_distance_km": 1991.9199999999998,
    "cost_distance": 1991.9199999999998,
    "cost_time": 2694.78,
    "vehicle_cost": 4500.0,
    "waiting_E": 869.1899999999998,
    "horizon_excess_E": 0.0,
    "makespan_E": 582.24,
    "sum_route_time_E": 2694.78,
    "avg_route_time_E": 538.956
  },
  "metrics_best": {
    "vehicles_used": 5,
    "total_distance_km": 1561.1100000000001,
    "cost_distance": 1561.1100000000001,
    "cost_time": 2644.0600000000004,
    "vehicle_cost": 4500.0,
    "waiting_E": 1214.8200000000002,
    "horizon_excess_E": 0.0,
    "makespan_E": 589.19,
    "sum_route_time_E": 2644.0600000000004,
    "avg_route_time_E": 528.8120000000001
  },
  "metrics_delta": {
    "vehicles_used": 0,
    "total_distance_km": -430.8099999999997,
    "cost_distance": -430.8099999999997,
    "cost_time": -50.7199999999998,
    "vehicle_cost": 0.0,
    "waiting_E": 345.63000000000034,
    "horizon_excess_E": 0.0,
    "makespan_E": 6.9500000000000455,
    "sum_route_time_E": -50.7199999999998,
    "avg_route_time_E": -10.143999999999892
  },
  "process": {
    "runtime_seconds": 2.7913944721221924,
    "epochs": 10,
    "accepted_moves": 1760,
    "improving_moves": 221,
    "rejected_window_E_moves": 7952,
    "rejected_window_P_moves": 8020,
    "rejected_window_both_moves": 7883
  },
  "trace_improvements": [
    [
      0,
      9186.7
    ],
    [
      2,
      9082.98
    ],
    [
      7,
      8871.94
    ],
    [
      8,
      8814.79
    ],
    [
      9,
      8705.170000000002
    ]
  ]
}