{
  "parameters": {
    "dataset": "app_final_80_very_loose",
    "t_max": 1000.0,
    "t_min": 10.0,
    "alpha": 0.7,
    "iters_per_T": 1000,
    "neighborhood": "mixed",
    "day_horizon": 600,
    "time_weight": 1.0
  },
  "initial_cost": 6154.709999999999,
  "best_cost": 6125.91,
  "improvement_pct": 0.004679343137206997,
  "best_routes": [
    [
      0,
      5,
      17,
      71,
      46,
      1,
      19,
      20,
      16,
      55,
      61,
      49,
      7,
      24,
      50,
      53,
      73,
      45,
      14,
      66,
      60,
      58,
      79,
      69,
      64,
      38,
      80,
      0
    ],
    [
      0,
      40,
      70,
      63,
      31,
      37,
      29,
      78,
      59,
      33,
      54,
      28,
      56,
      42,
      23,
      41,
      34,
      48,
      2,
      68,
      62,
      75,
      74,
      15,
      22,
      26,
      57,
      21,
      67,
      32,
      0
    ],
    [
      0,
      11,
      47,
      3,
      65,
      25,
      35,
      76,
      36,
      43,
      44,
      4,
      52,
      8,
      77,
      13,
      18,
      51,
      39,
      27,
      30,
      12,
      6,
      9,
      10,
      72,
      0
    ]
  ],
  "metrics_initial": {
    "vehicles_used": 3,
    "total_distance_km": 1864.99,
    "cost_distance": 1864.99,
    "cost_time": 1589.7199999999998,
    "vehicle_cost": 2700.0,
    "waiting_E": 20.30000000000001,
    "horizon_excess_E": 0.0,
    "makespan_E": 596.4899999999999,
    "sum_route_time_E": 1589.7199999999998,
    "avg_route_time_E": 529.9066666666666
  },
  "metrics_best": {
    "vehicles_used": 3,
    "total_distance_km": 1806.51,
    "cost_distance": 1806.51,
    "cost_time": 1619.3999999999999,
    "vehicle_cost": 2700.0,
    "waiting_E": 48.38000000000004,
    "horizon_excess_E": 0.0,
    "makespan_E": 542.7800000000001,
    "sum_route_time_E": 1619.3999999999999,
    "avg_route_time_E": 539.8
  },
  "metrics_delta": {
    "vehicles_used": 0,
    "total_distance_km": -58.48000000000002,
    "cost_distance": -58.48000000000002,
    "cost_time": 29.680000000000064,
    "vehicle_cost": 0.0,
    "waiting_E": 28.080000000000027,
    "horizon_excess_E": 0.0,
    "makespan_E": -53.70999999999981,
    "sum_route_time_E": 29.680000000000064,
    "avg_route_time_E": 9.893333333333317
  },
  "process": {
    "runtime_seconds": 5.255024194717407,
    "epochs": 13,
    "accepted_moves": 1303,
    "improving_moves": 284,
    "rejected_window_E_moves": 11378,
    "rejected_window_P_moves": 11327,
    "rejected_window_both_moves": 11164
  },
  "trace_improvements": [
    [
      0,
      6134.280000000001
    ],
    [
      12,
      6125.91
    ]
  ]
}