{
  "parameters": {
    "dataset": "app_final_120_very_loose",
    "t_max": 1000.0,
    "t_min": 10.0,
    "alpha": 0.95,
    "iters_per_T": 1000,
    "neighborhood": "mixed",
    "day_horizon": 600,
    "time_weight": 1.0
  },
  "initial_cost": 9577.64,
  "best_cost": 9477.830000000002,
  "improvement_pct": 0.010421147589593853,
  "best_routes": [
    [
      0,
      119,
      116,
      12,
      111,
      25,
      58,
      22,
      34,
      35,
      6,
      67,
      68,
      8,
      90,
      19,
      31,
      72,
      14,
      62,
      0
    ],
    [
      0,
      36,
      112,
      115,
      7,
      41,
      100,
      32,
      60,
      105,
      118,
      114,
      65,
      74,
      20,
      101,
      78,
      28,
      94,
      86,
      82,
      48,
      113,
      4,
      51,
      77,
      0
    ],
    [
      0,
      83,
      15,
      10,
      96,
      64,
      71,
      54,
      98,
      47,
      38,
      55,
      50,
      39,
      59,
      43,
      11,
      73,
      85,
      21,
      16,
      57,
      120,
      42,
      0
    ],
    [
      0,
      23,
      63,
      99,
      5,
      18,
      81,
      69,
      88,
      70,
      56,
      1,
      66,
      17,
      40,
      75,
      44,
      2,
      110,
      117,
      79,
      52,
      107,
      80,
      61,
      27,
      37,
      95,
      24,
      0
    ],
    [
      0,
      104,
      26,
      92,
      84,
      102,
      97,
      30,
      109,
      3,
      108,
      89,
      45,
      93,
      91,
      103,
      76,
      33,
      46,
      9,
      106,
      49,
      53,
      13,
      29,
      87,
      0
    ]
  ],
  "metrics_initial": {
    "vehicles_used": 5,
    "total_distance_km": 2635.55,
    "cost_distance": 2635.55,
    "cost_time": 2442.09,
    "vehicle_cost": 4500.0,
    "waiting_E": 92.49000000000004,
    "horizon_excess_E": 0.0,
    "makespan_E": 595.2700000000001,
    "sum_route_time_E": 2442.09,
    "avg_route_time_E": 488.418
  },
  "metrics_best": {
    "vehicles_used": 5,
    "total_distance_km": 2518.6900000000005,
    "cost_distance": 2518.6900000000005,
    "cost_time": 2459.1400000000003,
    "vehicle_cost": 4500.0,
    "waiting_E": 172.90000000000006,
    "horizon_excess_E": 0.0,
    "makespan_E": 539.9799999999999,
    "sum_route_time_E": 2459.1400000000003,
    "avg_route_time_E": 491.8280000000001
  },
  "metrics_delta": {
    "vehicles_used": 0,
    "total_distance_km": -116.85999999999967,
    "cost_distance": -116.85999999999967,
    "cost_time": 17.050000000000182,
    "vehicle_cost": 0.0,
    "waiting_E": 80.41000000000003,
    "horizon_excess_E": 0.0,
    "makespan_E": -55.29000000000019,
    "sum_route_time_E": 17.050000000000182,
    "avg_route_time_E": 3.410000000000082
  },
  "process": {
    "runtime_seconds": 63.04428029060364,
    "epochs": 90,
    "accepted_moves": 9953,
    "improving_moves": 2358,
    "rejected_window_E_moves": 77136,
    "rejected_window_P_moves": 76160,
    "rejected_window_both_moves": 75025
  },
  "trace_improvements": [
    [
      0,
      9577.64
    ],
    [
      87,
      9507.029999999999
    ],
    [
      88,
      9477.830000000002
    ]
  ]
}