{
  "parameters": {
    "dataset": "app_final_120_very_loose",
    "t_max": 1000.0,
    "t_min": 10.0,
    "alpha": 0.9,
    "iters_per_T": 1000,
    "neighborhood": "mixed",
    "day_horizon": 600,
    "time_weight": 1.0
  },
  "initial_cost": 9577.64,
  "best_cost": 9404.12,
  "improvement_pct": 0.0181171979736134,
  "best_routes": [
    [
      0,
      89,
      103,
      22,
      59,
      58,
      55,
      50,
      43,
      101,
      62,
      32,
      100,
      37,
      107,
      13,
      53,
      30,
      91,
      56,
      79,
      52,
      0
    ],
    [
      0,
      112,
      115,
      7,
      116,
      111,
      41,
      12,
      18,
      5,
      23,
      65,
      114,
      118,
      105,
      60,
      69,
      99,
      97,
      51,
      77,
      6,
      113,
      8,
      48,
      15,
      84,
      16,
      57,
      120,
      0
    ],
    [
      0,
      36,
      102,
      92,
      26,
      64,
      10,
      96,
      68,
      71,
      54,
      67,
      82,
      28,
      9,
      78,
      39,
      70,
      33,
      3,
      20,
      11,
      46,
      47,
      86,
      106,
      49,
      19,
      40,
      0
    ],
    [
      0,
      108,
      66,
      75,
      31,
      90,
      4,
      98,
      38,
      94,
      34,
      35,
      83,
      85,
      72,
      17,
      45,
      29,
      110,
      2,
      44,
      21,
      42,
      80,
      0
    ],
    [
      0,
      117,
      104,
      119,
      1,
      14,
      73,
      109,
      25,
      76,
      74,
      93,
      63,
      95,
      81,
      24,
      88,
      61,
      27,
      87,
      0
    ]
  ],
  "metrics_initial": {
    "vehicles_used": 5,
    "total_distance_km": 2635.55,
    "cost_distance": 2635.55,
    "cost_time": 2442.09,
    "vehicle_cost": 4500.0,
    "waiting_E": 92.49000000000004,
    "horizon_excess_E": 0.0,
    "makespan_E": 595.2700000000001,
    "sum_route_time_E": 2442.09,
    "avg_route_time_E": 488.418
  },
  "metrics_best": {
    "vehicles_used": 5,
    "total_distance_km": 2441.4199999999996,
    "cost_distance": 2441.4199999999996,
    "cost_time": 2462.7000000000003,
    "vehicle_cost": 4500.0,
    "waiting_E": 221.63999999999993,
    "horizon_excess_E": 0.0,
    "makespan_E": 571.58,
    "sum_route_time_E": 2462.7000000000003,
    "avg_route_time_E": 492.5400000000001
  },
  "metrics_delta": {
    "vehicles_used": 0,
    "total_distance_km": -194.13000000000056,
    "cost_distance": -194.13000000000056,
    "cost_time": 20.610000000000127,
    "vehicle_cost": 0.0,
    "waiting_E": 129.1499999999999,
    "horizon_excess_E": 0.0,
    "makespan_E": -23.690000000000055,
    "sum_route_time_E": 20.610000000000127,
    "avg_route_time_E": 4.122000000000071
  },
  "process": {
    "runtime_seconds": 31.015403032302856,
    "epochs": 44,
    "accepted_moves": 4655,
    "improving_moves": 1081,
    "rejected_window_E_moves": 38078,
    "rejected_window_P_moves": 37510,
    "rejected_window_both_moves": 36816
  },
  "trace_improvements": [
    [
      0,
      9577.64
    ],
    [
      41,
      9532.94
    ],
    [
      42,
      9469.36
    ],
    [
      43,
      9404.12
    ]
  ]
}