{
  "parameters": {
    "dataset": "app_final_80_medium",
    "t_max": 1000.0,
    "t_min": 10.0,
    "alpha": 0.6,
    "iters_per_T": 1000,
    "neighborhood": "mixed",
    "day_horizon": 600,
    "time_weight": 1.0
  },
  "initial_cost": 9712.71,
  "best_cost": 9652.169999999998,
  "improvement_pct": 0.00623306986412658,
  "best_routes": [
    [
      0,
      74,
      75,
      37,
      18,
      9,
      76,
      23,
      21,
      58,
      53,
      10,
      57,
      17,
      48,
      31,
      69,
      11,
      0
    ],
    [
      0,
      44,
      50,
      8,
      66,
      71,
      38,
      1,
      25,
      63,
      13,
      62,
      24,
      5,
      59,
      51,
      46,
      33,
      42,
      4,
      78,
      0
    ],
    [
      0,
      22,
      41,
      26,
      77,
      54,
      56,
      79,
      30,
      67,
      15,
      73,
      60,
      3,
      55,
      6,
      0
    ],
    [
      0,
      27,
      43,
      16,
      68,
      2,
      40,
      19,
      32,
      20,
      70,
      47,
      34,
      65,
      49,
      0
    ],
    [
      0,
      28,
      39,
      14,
      36,
      7,
      80,
      52,
      35,
      64,
      12,
      29,
      72,
      61,
      45,
      0
    ]
  ],
  "metrics_initial": {
    "vehicles_used": 5,
    "total_distance_km": 2720.8299999999995,
    "cost_distance": 2720.8299999999995,
    "cost_time": 2491.88,
    "vehicle_cost": 4500.0,
    "waiting_E": 97.90999999999991,
    "horizon_excess_E": 0.0,
    "makespan_E": 588.62,
    "sum_route_time_E": 2491.88,
    "avg_route_time_E": 498.37600000000003
  },
  "metrics_best": {
    "vehicles_used": 5,
    "total_distance_km": 2525.7199999999993,
    "cost_distance": 2525.7199999999993,
    "cost_time": 2626.45,
    "vehicle_cost": 4500.0,
    "waiting_E": 370.30000000000007,
    "horizon_excess_E": 0.0,
    "makespan_E": 575.64,
    "sum_route_time_E": 2626.45,
    "avg_route_time_E": 525.29
  },
  "metrics_delta": {
    "vehicles_used": 0,
    "total_distance_km": -195.11000000000013,
    "cost_distance": -195.11000000000013,
    "cost_time": 134.5699999999997,
    "vehicle_cost": 0.0,
    "waiting_E": 272.39000000000016,
    "horizon_excess_E": 0.0,
    "makespan_E": -12.980000000000018,
    "sum_route_time_E": 134.5699999999997,
    "avg_route_time_E": 26.91399999999993
  },
  "process": {
    "runtime_seconds": 4.40719199180603,
    "epochs": 10,
    "accepted_moves": 1225,
    "improving_moves": 224,
    "rejected_window_E_moves": 8529,
    "rejected_window_P_moves": 8566,
    "rejected_window_both_moves": 8459
  },
  "trace_improvements": [
    [
      0,
      9712.11
    ],
    [
      9,
      9652.169999999998
    ]
  ]
}