{
  "parameters": {
    "dataset": "app_final_80_loose",
    "t_max": 1000.0,
    "t_min": 10.0,
    "alpha": 0.5,
    "iters_per_T": 1000,
    "neighborhood": "mixed",
    "day_horizon": 600,
    "time_weight": 1.0
  },
  "initial_cost": 6387.089999999999,
  "best_cost": 6361.92,
  "improvement_pct": 0.003940761755353246,
  "best_routes": [
    [
      0,
      15,
      34,
      25,
      20,
      52,
      70,
      26,
      28,
      35,
      2,
      24,
      14,
      55,
      6,
      42,
      45,
      41,
      12,
      21,
      36,
      46,
      77,
      18,
      68,
      57,
      13,
      71,
      67,
      50,
      16,
      39,
      61,
      0
    ],
    [
      0,
      37,
      10,
      56,
      76,
      27,
      58,
      59,
      43,
      53,
      65,
      38,
      66,
      69,
      74,
      29,
      22,
      7,
      33,
      51,
      32,
      73,
      72,
      0
    ],
    [
      0,
      78,
      8,
      19,
      63,
      23,
      80,
      49,
      9,
      30,
      3,
      62,
      5,
      54,
      31,
      47,
      64,
      4,
      60,
      44,
      40,
      1,
      75,
      79,
      17,
      11,
      48,
      0
    ]
  ],
  "metrics_initial": {
    "vehicles_used": 3,
    "total_distance_km": 1987.2299999999998,
    "cost_distance": 1987.2299999999998,
    "cost_time": 1699.8599999999997,
    "vehicle_cost": 2700.0,
    "waiting_E": 61.810000000000045,
    "horizon_excess_E": 0.0,
    "makespan_E": 580.3,
    "sum_route_time_E": 1699.8599999999997,
    "avg_route_time_E": 566.6199999999999
  },
  "metrics_best": {
    "vehicles_used": 3,
    "total_distance_km": 1971.6599999999996,
    "cost_distance": 1971.6599999999996,
    "cost_time": 1690.2599999999998,
    "vehicle_cost": 2700.0,
    "waiting_E": 51.50000000000013,
    "horizon_excess_E": 0.0,
    "makespan_E": 568.1,
    "sum_route_time_E": 1690.2599999999998,
    "avg_route_time_E": 563.42
  },
  "metrics_delta": {
    "vehicles_used": 0,
    "total_distance_km": -15.570000000000164,
    "cost_distance": -15.570000000000164,
    "cost_time": -9.599999999999909,
    "vehicle_cost": 0.0,
    "waiting_E": -10.309999999999917,
    "horizon_excess_E": 0.0,
    "makespan_E": -12.199999999999932,
    "sum_route_time_E": -9.599999999999909,
    "avg_route_time_E": -3.199999999999932
  },
  "process": {
    "runtime_seconds": 3.317244529724121,
    "epochs": 7,
    "accepted_moves": 504,
    "improving_moves": 63,
    "rejected_window_E_moves": 6426,
    "rejected_window_P_moves": 6394,
    "rejected_window_both_moves": 6325
  },
  "trace_improvements": [
    [
      0,
      6361.92
    ]
  ]
}