{
  "parameters": {
    "dataset": "app_final_120_tight",
    "t_max": 1000.0,
    "t_min": 10.0,
    "alpha": 0.6,
    "iters_per_T": 1000,
    "neighborhood": "mixed",
    "day_horizon": 600,
    "time_weight": 1.0
  },
  "initial_cost": 15820.490000000003,
  "best_cost": 15681.610000000002,
  "improvement_pct": 0.008778489161840182,
  "best_routes": [
    [
      0,
      85,
      38,
      102,
      11,
      29,
      14,
      51,
      73,
      13,
      116,
      8,
      65,
      103,
      2,
      7,
      110,
      12,
      101,
      117,
      42,
      22,
      94,
      0
    ],
    [
      0,
      45,
      18,
      36,
      48,
      86,
      1,
      33,
      75,
      40,
      30,
      10,
      47,
      105,
      97,
      77,
      39,
      5,
      44,
      0
    ],
    [
      0,
      109,
      67,
      53,
      91,
      21,
      80,
      28,
      4,
      27,
      81,
      106,
      35,
      58,
      0
    ],
    [
      0,
      69,
      43,
      62,
      100,
      49,
      20,
      112,
      114,
      17,
      83,
      120,
      9,
      24,
      98,
      46,
      119,
      0
    ],
    [
      0,
      76,
      70,
      93,
      79,
      41,
      3,
      19,
      115,
      107,
      111,
      57,
      15,
      23,
      90,
      84,
      89,
      0
    ],
    [
      0,
      118,
      88,
      61,
      25,
      56,
      71,
      113,
      108,
      34,
      66,
      16,
      52,
      55,
      95,
      6,
      50,
      31,
      0
    ],
    [
      0,
      74,
      32,
      59,
      82,
      68,
      104,
      54,
      37,
      72,
      96,
      99,
      63,
      0
    ],
    [
      0,
      64,
      26,
      92,
      60,
      78,
      87,
      0
    ]
  ],
  "metrics_initial": {
    "vehicles_used": 8,
    "total_distance_km": 4535.980000000002,
    "cost_distance": 4535.980000000002,
    "cost_time": 4084.5100000000007,
    "vehicle_cost": 7200.0,
    "waiting_E": 389.52,
    "horizon_excess_E": 0.0,
    "makespan_E": 599.3900000000001,
    "sum_route_time_E": 4084.5100000000007,
    "avg_route_time_E": 510.5637500000001
  },
  "metrics_best": {
    "vehicles_used": 8,
    "total_distance_km": 4413.600000000001,
    "cost_distance": 4413.600000000001,
    "cost_time": 4068.01,
    "vehicle_cost": 7200.0,
    "waiting_E": 510.7999999999999,
    "horizon_excess_E": 0.0,
    "makespan_E": 598.3100000000001,
    "sum_route_time_E": 4068.01,
    "avg_route_time_E": 508.50125
  },
  "metrics_delta": {
    "vehicles_used": 0,
    "total_distance_km": -122.38000000000102,
    "cost_distance": -122.38000000000102,
    "cost_time": -16.500000000000455,
    "vehicle_cost": 0.0,
    "waiting_E": 121.27999999999992,
    "horizon_excess_E": 0.0,
    "makespan_E": -1.080000000000041,
    "sum_route_time_E": -16.500000000000455,
    "avg_route_time_E": -2.062500000000057
  },
  "process": {
    "runtime_seconds": 7.417139768600464,
    "epochs": 10,
    "accepted_moves": 1141,
    "improving_moves": 139,
    "rejected_window_E_moves": 8705,
    "rejected_window_P_moves": 8785,
    "rejected_window_both_moves": 8695
  },
  "trace_improvements": [
    [
      0,
      15681.610000000002
    ]
  ]
}