{
  "parameters": {
    "dataset": "app_final_40_very_loose",
    "t_max": 1000.0,
    "t_min": 10.0,
    "alpha": 0.6,
    "iters_per_T": 1000,
    "neighborhood": "mixed",
    "day_horizon": 600,
    "time_weight": 1.0
  },
  "initial_cost": 4057.98,
  "best_cost": 3955.8500000000004,
  "improvement_pct": 0.02516769427153403,
  "best_routes": [
    [
      0,
      14,
      8,
      39,
      12,
      34,
      1,
      26,
      35,
      38,
      33,
      32,
      21,
      3,
      20,
      31,
      24,
      6,
      5,
      37,
      27,
      7,
      17,
      36,
      2,
      23,
      0
    ],
    [
      0,
      22,
      10,
      25,
      18,
      11,
      13,
      9,
      4,
      19,
      29,
      16,
      28,
      30,
      15,
      40,
      0
    ]
  ],
  "metrics_initial": {
    "vehicles_used": 2,
    "total_distance_km": 1132.81,
    "cost_distance": 1132.81,
    "cost_time": 1125.17,
    "vehicle_cost": 1800.0,
    "waiting_E": 120.92999999999999,
    "horizon_excess_E": 0.0,
    "makespan_E": 578.77,
    "sum_route_time_E": 1125.17,
    "avg_route_time_E": 562.585
  },
  "metrics_best": {
    "vehicles_used": 2,
    "total_distance_km": 1059.63,
    "cost_distance": 1059.63,
    "cost_time": 1096.22,
    "vehicle_cost": 1800.0,
    "waiting_E": 109.41,
    "horizon_excess_E": 0.0,
    "makespan_E": 563.1400000000001,
    "sum_route_time_E": 1096.22,
    "avg_route_time_E": 548.11
  },
  "metrics_delta": {
    "vehicles_used": 0,
    "total_distance_km": -73.17999999999984,
    "cost_distance": -73.17999999999984,
    "cost_time": -28.950000000000045,
    "vehicle_cost": 0.0,
    "waiting_E": -11.519999999999996,
    "horizon_excess_E": 0.0,
    "makespan_E": -15.629999999999882,
    "sum_route_time_E": -28.950000000000045,
    "avg_route_time_E": -14.475000000000023
  },
  "process": {
    "runtime_seconds": 2.213813543319702,
    "epochs": 10,
    "accepted_moves": 1226,
    "improving_moves": 283,
    "rejected_window_E_moves": 8446,
    "rejected_window_P_moves": 8133,
    "rejected_window_both_moves": 8023
  },
  "trace_improvements": [
    [
      0,
      4002.2499999999995
    ],
    [
      5,
      3991.41
    ],
    [
      7,
      3959.33
    ],
    [
      8,
      3955.8500000000004
    ]
  ]
}