{
  "parameters": {
    "dataset": "app_final_20_very_loose",
    "t_max": 1000.0,
    "t_min": 10.0,
    "alpha": 0.9,
    "iters_per_T": 1000,
    "neighborhood": "mixed",
    "day_horizon": 600,
    "time_weight": 1.0
  },
  "initial_cost": 3222.19,
  "best_cost": 3067.0299999999997,
  "improvement_pct": 0.0481535849841258,
  "best_routes": [
    [
      0,
      10,
      9,
      19,
      13,
      7,
      17,
      11,
      12,
      6,
      15,
      0
    ],
    [
      0,
      20,
      2,
      4,
      3,
      18,
      5,
      1,
      8,
      14,
      16,
      0
    ]
  ],
  "metrics_initial": {
    "vehicles_used": 2,
    "total_distance_km": 649.4700000000001,
    "cost_distance": 649.4700000000001,
    "cost_time": 772.7199999999999,
    "vehicle_cost": 1800.0,
    "waiting_E": 192.59,
    "horizon_excess_E": 0.0,
    "makespan_E": 413.61999999999995,
    "sum_route_time_E": 772.7199999999999,
    "avg_route_time_E": 386.35999999999996
  },
  "metrics_best": {
    "vehicles_used": 2,
    "total_distance_km": 572.79,
    "cost_distance": 572.79,
    "cost_time": 694.24,
    "vehicle_cost": 1800.0,
    "waiting_E": 160.72000000000003,
    "horizon_excess_E": 0.0,
    "makespan_E": 359.09999999999997,
    "sum_route_time_E": 694.24,
    "avg_route_time_E": 347.12
  },
  "metrics_delta": {
    "vehicles_used": 0,
    "total_distance_km": -76.68000000000018,
    "cost_distance": -76.68000000000018,
    "cost_time": -78.4799999999999,
    "vehicle_cost": 0.0,
    "waiting_E": -31.869999999999976,
    "horizon_excess_E": 0.0,
    "makespan_E": -54.51999999999998,
    "sum_route_time_E": -78.4799999999999,
    "avg_route_time_E": -39.23999999999995
  },
  "process": {
    "runtime_seconds": 7.709436655044556,
    "epochs": 44,
    "accepted_moves": 13026,
    "improving_moves": 3812,
    "rejected_window_E_moves": 24195,
    "rejected_window_P_moves": 24913,
    "rejected_window_both_moves": 23499
  },
  "trace_improvements": [
    [
      0,
      3210.1299999999997
    ],
    [
      30,
      3158.67
    ],
    [
      38,
      3109.94
    ],
    [
      40,
      3096.27
    ],
    [
      41,
      3081.95
    ],
    [
      42,
      3067.0299999999997
    ]
  ]
}