{
  "parameters": {
    "dataset": "app_final_80_medium",
    "t_max": 1000.0,
    "t_min": 10.0,
    "alpha": 0.9,
    "iters_per_T": 1000,
    "neighborhood": "mixed",
    "day_horizon": 600,
    "time_weight": 1.0
  },
  "initial_cost": 9712.71,
  "best_cost": 9290.929999999998,
  "improvement_pct": 0.043425573295197806,
  "best_routes": [
    [
      0,
      74,
      2,
      41,
      75,
      37,
      71,
      8,
      50,
      57,
      23,
      48,
      53,
      58,
      24,
      5,
      59,
      17,
      73,
      69,
      3,
      0
    ],
    [
      0,
      66,
      38,
      1,
      21,
      25,
      26,
      63,
      54,
      67,
      15,
      47,
      12,
      64,
      29,
      72,
      49,
      35,
      0
    ],
    [
      0,
      43,
      44,
      76,
      9,
      20,
      68,
      62,
      10,
      42,
      30,
      51,
      46,
      33,
      31,
      11,
      0
    ],
    [
      0,
      16,
      28,
      36,
      39,
      22,
      70,
      32,
      19,
      40,
      60,
      6,
      55,
      45,
      0
    ],
    [
      0,
      14,
      27,
      79,
      56,
      13,
      77,
      18,
      7,
      80,
      34,
      52,
      78,
      65,
      4,
      61,
      0
    ]
  ],
  "metrics_initial": {
    "vehicles_used": 5,
    "total_distance_km": 2720.8299999999995,
    "cost_distance": 2720.8299999999995,
    "cost_time": 2491.88,
    "vehicle_cost": 4500.0,
    "waiting_E": 97.90999999999991,
    "horizon_excess_E": 0.0,
    "makespan_E": 588.62,
    "sum_route_time_E": 2491.88,
    "avg_route_time_E": 498.37600000000003
  },
  "metrics_best": {
    "vehicles_used": 5,
    "total_distance_km": 2272.359999999999,
    "cost_distance": 2272.359999999999,
    "cost_time": 2518.57,
    "vehicle_cost": 4500.0,
    "waiting_E": 464.0199999999999,
    "horizon_excess_E": 0.0,
    "makespan_E": 566.02,
    "sum_route_time_E": 2518.57,
    "avg_route_time_E": 503.71400000000006
  },
  "metrics_delta": {
    "vehicles_used": 0,
    "total_distance_km": -448.47000000000025,
    "cost_distance": -448.47000000000025,
    "cost_time": 26.690000000000055,
    "vehicle_cost": 0.0,
    "waiting_E": 366.11,
    "horizon_excess_E": 0.0,
    "makespan_E": -22.600000000000023,
    "sum_route_time_E": 26.690000000000055,
    "avg_route_time_E": 5.338000000000022
  },
  "process": {
    "runtime_seconds": 18.52242136001587,
    "epochs": 44,
    "accepted_moves": 5860,
    "improving_moves": 1151,
    "rejected_window_E_moves": 37017,
    "rejected_window_P_moves": 37161,
    "rejected_window_both_moves": 36665
  },
  "trace_improvements": [
    [
      0,
      9712.71
    ],
    [
      24,
      9693.960000000001
    ],
    [
      27,
      9652.34
    ],
    [
      28,
      9596.59
    ],
    [
      37,
      9420.15
    ],
    [
      41,
      9401.689999999999
    ],
    [
      42,
      9337.759999999998
    ],
    [
      43,
      9290.929999999998
    ]
  ]
}