{
  "parameters": {
    "dataset": "app_final_80_tight",
    "t_max": 1000.0,
    "t_min": 10.0,
    "alpha": 0.9,
    "iters_per_T": 1000,
    "neighborhood": "mixed",
    "day_horizon": 600,
    "time_weight": 1.0
  },
  "initial_cost": 11626.3,
  "best_cost": 11138.169999999998,
  "improvement_pct": 0.04198498232455734,
  "best_routes": [
    [
      0,
      33,
      62,
      40,
      43,
      13,
      68,
      60,
      5,
      7,
      41,
      74,
      39,
      64,
      27,
      37,
      53,
      38,
      0
    ],
    [
      0,
      26,
      36,
      66,
      72,
      2,
      28,
      8,
      59,
      61,
      76,
      1,
      63,
      69,
      0
    ],
    [
      0,
      15,
      31,
      56,
      17,
      23,
      16,
      52,
      35,
      73,
      25,
      3,
      58,
      65,
      9,
      0
    ],
    [
      0,
      4,
      14,
      55,
      78,
      46,
      75,
      70,
      0
    ],
    [
      0,
      21,
      18,
      20,
      54,
      29,
      51,
      71,
      30,
      47,
      44,
      80,
      0
    ],
    [
      0,
      34,
      50,
      45,
      6,
      22,
      10,
      48,
      24,
      42,
      79,
      77,
      57,
      49,
      11,
      12,
      32,
      19,
      67,
      0
    ]
  ],
  "metrics_initial": {
    "vehicles_used": 6,
    "total_distance_km": 2998.07,
    "cost_distance": 2998.07,
    "cost_time": 3228.2300000000005,
    "vehicle_cost": 5400.0,
    "waiting_E": 485.42,
    "horizon_excess_E": 0.0,
    "makespan_E": 597.35,
    "sum_route_time_E": 3228.2300000000005,
    "avg_route_time_E": 538.0383333333334
  },
  "metrics_best": {
    "vehicles_used": 6,
    "total_distance_km": 2555.1199999999994,
    "cost_distance": 2555.1199999999994,
    "cost_time": 3183.05,
    "vehicle_cost": 5400.0,
    "waiting_E": 830.9299999999996,
    "horizon_excess_E": 0.0,
    "makespan_E": 577.06,
    "sum_route_time_E": 3183.05,
    "avg_route_time_E": 530.5083333333333
  },
  "metrics_delta": {
    "vehicles_used": 0,
    "total_distance_km": -442.9500000000007,
    "cost_distance": -442.9500000000007,
    "cost_time": -45.18000000000029,
    "vehicle_cost": 0.0,
    "waiting_E": 345.5099999999996,
    "horizon_excess_E": 0.0,
    "makespan_E": -20.290000000000077,
    "sum_route_time_E": -45.18000000000029,
    "avg_route_time_E": -7.530000000000086
  },
  "process": {
    "runtime_seconds": 19.038718461990356,
    "epochs": 44,
    "accepted_moves": 5371,
    "improving_moves": 722,
    "rejected_window_E_moves": 37944,
    "rejected_window_P_moves": 38234,
    "rejected_window_both_moves": 37833
  },
  "trace_improvements": [
    [
      0,
      11554.94
    ],
    [
      28,
      11530.189999999999
    ],
    [
      30,
      11447.970000000001
    ],
    [
      33,
      11417.44
    ],
    [
      34,
      11402.440000000002
    ],
    [
      36,
      11392.590000000002
    ],
    [
      38,
      11387.270000000002
    ],
    [
      39,
      11322.12
    ],
    [
      42,
      11165.33
    ],
    [
      43,
      11138.169999999998
    ]
  ]
}