{
  "parameters": {
    "dataset": "app_final_20_loose",
    "t_max": 1000.0,
    "t_min": 10.0,
    "alpha": 0.95,
    "iters_per_T": 1000,
    "neighborhood": "mixed",
    "day_horizon": 600,
    "time_weight": 1.0
  },
  "initial_cost": 3225.33,
  "best_cost": 3225.33,
  "improvement_pct": 0.0,
  "best_routes": [
    [
      0,
      6,
      2,
      1,
      7,
      11,
      12,
      19,
      13,
      17,
      8,
      18,
      5,
      14,
      4,
      15,
      3,
      10,
      20,
      9,
      0
    ],
    [
      0,
      16,
      0
    ]
  ],
  "metrics_initial": {
    "vehicles_used": 2,
    "total_distance_km": 707.16,
    "cost_distance": 707.16,
    "cost_time": 718.17,
    "vehicle_cost": 1800.0,
    "waiting_E": 56.379999999999946,
    "horizon_excess_E": 0.0,
    "makespan_E": 572.16,
    "sum_route_time_E": 718.17,
    "avg_route_time_E": 359.085
  },
  "metrics_best": {
    "vehicles_used": 2,
    "total_distance_km": 707.16,
    "cost_distance": 707.16,
    "cost_time": 718.17,
    "vehicle_cost": 1800.0,
    "waiting_E": 56.379999999999946,
    "horizon_excess_E": 0.0,
    "makespan_E": 572.16,
    "sum_route_time_E": 718.17,
    "avg_route_time_E": 359.085
  },
  "metrics_delta": {
    "vehicles_used": 0,
    "total_distance_km": 0.0,
    "cost_distance": 0.0,
    "cost_time": 0.0,
    "vehicle_cost": 0.0,
    "waiting_E": 0.0,
    "horizon_excess_E": 0.0,
    "makespan_E": 0.0,
    "sum_route_time_E": 0.0,
    "avg_route_time_E": 0.0
  },
  "process": {
    "runtime_seconds": 15.281625747680664,
    "epochs": 90,
    "accepted_moves": 25143,
    "improving_moves": 7086,
    "rejected_window_E_moves": 55330,
    "rejected_window_P_moves": 53954,
    "rejected_window_both_moves": 51962
  },
  "trace_improvements": [
    [
      0,
      3225.33
    ]
  ]
}