{
  "parameters": {
    "dataset": "app_final_40_tight",
    "t_max": 1000.0,
    "t_min": 10.0,
    "alpha": 0.7,
    "iters_per_T": 1000,
    "neighborhood": "mixed",
    "day_horizon": 600,
    "time_weight": 1.0
  },
  "initial_cost": 9186.7,
  "best_cost": 9101.39,
  "improvement_pct": 0.009286250775577879,
  "best_routes": [
    [
      0,
      18,
      2,
      26,
      16,
      37,
      10,
      27,
      8,
      13,
      0
    ],
    [
      0,
      21,
      32,
      1,
      6,
      15,
      19,
      0
    ],
    [
      0,
      22,
      35,
      3,
      12,
      28,
      40,
      4,
      0
    ],
    [
      0,
      30,
      36,
      39,
      24,
      14,
      5,
      25,
      7,
      11,
      38,
      0
    ],
    [
      0,
      20,
      9,
      33,
      29,
      31,
      17,
      23,
      34,
      0
    ]
  ],
  "metrics_initial": {
    "vehicles_used": 5,
    "total_distance_km": 1991.9199999999998,
    "cost_distance": 1991.9199999999998,
    "cost_time": 2694.78,
    "vehicle_cost": 4500.0,
    "waiting_E": 869.1899999999998,
    "horizon_excess_E": 0.0,
    "makespan_E": 582.24,
    "sum_route_time_E": 2694.78,
    "avg_route_time_E": 538.956
  },
  "metrics_best": {
    "vehicles_used": 5,
    "total_distance_km": 1854.93,
    "cost_distance": 1854.93,
    "cost_time": 2746.46,
    "vehicle_cost": 4500.0,
    "waiting_E": 1073.6599999999999,
    "horizon_excess_E": 0.0,
    "makespan_E": 586.72,
    "sum_route_time_E": 2746.46,
    "avg_route_time_E": 549.292
  },
  "metrics_delta": {
    "vehicles_used": 0,
    "total_distance_km": -136.98999999999978,
    "cost_distance": -136.98999999999978,
    "cost_time": 51.679999999999836,
    "vehicle_cost": 0.0,
    "waiting_E": 204.47000000000003,
    "horizon_excess_E": 0.0,
    "makespan_E": 4.480000000000018,
    "sum_route_time_E": 51.679999999999836,
    "avg_route_time_E": 10.336000000000013
  },
  "process": {
    "runtime_seconds": 3.6579017639160156,
    "epochs": 13,
    "accepted_moves": 2386,
    "improving_moves": 315,
    "rejected_window_E_moves": 10300,
    "rejected_window_P_moves": 10373,
    "rejected_window_both_moves": 10174
  },
  "trace_improvements": [
    [
      0,
      9186.7
    ],
    [
      8,
      9170.529999999999
    ],
    [
      10,
      9152.45
    ],
    [
      11,
      9101.39
    ]
  ]
}