{
  "parameters": {
    "dataset": "app_final_20_medium",
    "t_max": 1000.0,
    "t_min": 10.0,
    "alpha": 0.6,
    "iters_per_T": 1000,
    "neighborhood": "mixed",
    "day_horizon": 600,
    "time_weight": 1.0
  },
  "initial_cost": 3758.7000000000003,
  "best_cost": 3667.59,
  "improvement_pct": 0.02423976374810443,
  "best_routes": [
    [
      0,
      15,
      17,
      13,
      1,
      11,
      20,
      9,
      10,
      8,
      19,
      18,
      12,
      14,
      4,
      7,
      0
    ],
    [
      0,
      5,
      3,
      2,
      16,
      6,
      0
    ]
  ],
  "metrics_initial": {
    "vehicles_used": 2,
    "total_distance_km": 917.1800000000001,
    "cost_distance": 917.1800000000001,
    "cost_time": 1041.52,
    "vehicle_cost": 1800.0,
    "waiting_E": 211.95,
    "horizon_excess_E": 0.0,
    "makespan_E": 585.08,
    "sum_route_time_E": 1041.52,
    "avg_route_time_E": 520.76
  },
  "metrics_best": {
    "vehicles_used": 2,
    "total_distance_km": 845.0899999999999,
    "cost_distance": 845.0899999999999,
    "cost_time": 1022.5,
    "vehicle_cost": 1800.0,
    "waiting_E": 229.8100000000001,
    "horizon_excess_E": 0.0,
    "makespan_E": 582.97,
    "sum_route_time_E": 1022.5,
    "avg_route_time_E": 511.25
  },
  "metrics_delta": {
    "vehicles_used": 0,
    "total_distance_km": -72.09000000000015,
    "cost_distance": -72.09000000000015,
    "cost_time": -19.019999999999982,
    "vehicle_cost": 0.0,
    "waiting_E": 17.8600000000001,
    "horizon_excess_E": 0.0,
    "makespan_E": -2.1100000000000136,
    "sum_route_time_E": -19.019999999999982,
    "avg_route_time_E": -9.509999999999991
  },
  "process": {
    "runtime_seconds": 1.5576999187469482,
    "epochs": 10,
    "accepted_moves": 1949,
    "improving_moves": 364,
    "rejected_window_E_moves": 7684,
    "rejected_window_P_moves": 7619,
    "rejected_window_both_moves": 7450
  },
  "trace_improvements": [
    [
      0,
      3667.59
    ]
  ]
}