{
  "parameters": {
    "dataset": "app_final_20_tight",
    "t_max": 1000.0,
    "t_min": 10.0,
    "alpha": 0.5,
    "iters_per_T": 1000,
    "neighborhood": "mixed",
    "day_horizon": 600,
    "time_weight": 1.0
  },
  "initial_cost": 5722.25,
  "best_cost": 5110.17,
  "improvement_pct": 0.10696491764603083,
  "best_routes": [
    [
      0,
      1,
      13,
      11,
      12,
      16,
      3,
      14,
      0
    ],
    [
      0,
      2,
      5,
      10,
      19,
      7,
      6,
      0
    ],
    [
      0,
      15,
      8,
      20,
      17,
      18,
      4,
      9,
      0
    ]
  ],
  "metrics_initial": {
    "vehicles_used": 3,
    "total_distance_km": 1291.25,
    "cost_distance": 1291.25,
    "cost_time": 1731.0000000000002,
    "vehicle_cost": 2700.0,
    "waiting_E": 578.6700000000001,
    "horizon_excess_E": 0.0,
    "makespan_E": 596.1400000000001,
    "sum_route_time_E": 1731.0000000000002,
    "avg_route_time_E": 577.0000000000001
  },
  "metrics_best": {
    "vehicles_used": 3,
    "total_distance_km": 853.8299999999999,
    "cost_distance": 853.8299999999999,
    "cost_time": 1556.34,
    "vehicle_cost": 2700.0,
    "waiting_E": 795.5799999999999,
    "horizon_excess_E": 0.0,
    "makespan_E": 587.74,
    "sum_route_time_E": 1556.34,
    "avg_route_time_E": 518.78
  },
  "metrics_delta": {
    "vehicles_used": 0,
    "total_distance_km": -437.4200000000001,
    "cost_distance": -437.4200000000001,
    "cost_time": -174.6600000000003,
    "vehicle_cost": 0.0,
    "waiting_E": 216.90999999999985,
    "horizon_excess_E": 0.0,
    "makespan_E": -8.400000000000091,
    "sum_route_time_E": -174.6600000000003,
    "avg_route_time_E": -58.22000000000014
  },
  "process": {
    "runtime_seconds": 1.214470386505127,
    "epochs": 7,
    "accepted_moves": 1477,
    "improving_moves": 193,
    "rejected_window_E_moves": 5335,
    "rejected_window_P_moves": 5413,
    "rejected_window_both_moves": 5298
  },
  "trace_improvements": [
    [
      0,
      5395.25
    ],
    [
      2,
      5322.610000000001
    ],
    [
      3,
      5278.91
    ],
    [
      4,
      5164.48
    ],
    [
      5,
      5131.97
    ],
    [
      6,
      5110.17
    ]
  ]
}