{
  "parameters": {
    "dataset": "app_final_80_medium",
    "t_max": 1000.0,
    "t_min": 10.0,
    "alpha": 0.7,
    "iters_per_T": 1000,
    "neighborhood": "mixed",
    "day_horizon": 600,
    "time_weight": 1.0
  },
  "initial_cost": 9712.71,
  "best_cost": 9563.22,
  "improvement_pct": 0.015391173009386649,
  "best_routes": [
    [
      0,
      39,
      14,
      15,
      77,
      13,
      63,
      24,
      58,
      53,
      57,
      10,
      11,
      42,
      49,
      12,
      72,
      3,
      0
    ],
    [
      0,
      44,
      8,
      66,
      37,
      25,
      26,
      21,
      54,
      80,
      34,
      67,
      30,
      62,
      59,
      5,
      33,
      46,
      51,
      4,
      65,
      78,
      0
    ],
    [
      0,
      27,
      79,
      56,
      41,
      23,
      1,
      38,
      20,
      48,
      17,
      73,
      69,
      31,
      0
    ],
    [
      0,
      50,
      74,
      2,
      22,
      36,
      28,
      16,
      43,
      68,
      9,
      32,
      40,
      60,
      19,
      6,
      55,
      45,
      0
    ],
    [
      0,
      71,
      75,
      18,
      76,
      70,
      7,
      52,
      47,
      35,
      29,
      64,
      61,
      0
    ]
  ],
  "metrics_initial": {
    "vehicles_used": 5,
    "total_distance_km": 2720.8299999999995,
    "cost_distance": 2720.8299999999995,
    "cost_time": 2491.88,
    "vehicle_cost": 4500.0,
    "waiting_E": 97.90999999999991,
    "horizon_excess_E": 0.0,
    "makespan_E": 588.62,
    "sum_route_time_E": 2491.88,
    "avg_route_time_E": 498.37600000000003
  },
  "metrics_best": {
    "vehicles_used": 5,
    "total_distance_km": 2536.029999999999,
    "cost_distance": 2536.029999999999,
    "cost_time": 2527.19,
    "vehicle_cost": 4500.0,
    "waiting_E": 228.82000000000008,
    "horizon_excess_E": 0.0,
    "makespan_E": 589.84,
    "sum_route_time_E": 2527.19,
    "avg_route_time_E": 505.438
  },
  "metrics_delta": {
    "vehicles_used": 0,
    "total_distance_km": -184.80000000000064,
    "cost_distance": -184.80000000000064,
    "cost_time": 35.309999999999945,
    "vehicle_cost": 0.0,
    "waiting_E": 130.91000000000017,
    "horizon_excess_E": 0.0,
    "makespan_E": 1.2200000000000273,
    "sum_route_time_E": 35.309999999999945,
    "avg_route_time_E": 7.061999999999955
  },
  "process": {
    "runtime_seconds": 5.941261291503906,
    "epochs": 13,
    "accepted_moves": 1669,
    "improving_moves": 294,
    "rejected_window_E_moves": 10994,
    "rejected_window_P_moves": 11029,
    "rejected_window_both_moves": 10880
  },
  "trace_improvements": [
    [
      0,
      9712.71
    ],
    [
      12,
      9563.22
    ]
  ]
}