{
  "parameters": {
    "dataset": "app_final_20_tight",
    "t_max": 1000.0,
    "t_min": 10.0,
    "alpha": 0.95,
    "iters_per_T": 1000,
    "neighborhood": "mixed",
    "day_horizon": 600,
    "time_weight": 1.0
  },
  "initial_cost": 5722.25,
  "best_cost": 5081.9,
  "improvement_pct": 0.11190528201319418,
  "best_routes": [
    [
      0,
      2,
      5,
      10,
      19,
      3,
      14,
      0
    ],
    [
      0,
      1,
      7,
      6,
      0
    ],
    [
      0,
      8,
      15,
      20,
      17,
      13,
      16,
      12,
      11,
      18,
      4,
      9,
      0
    ]
  ],
  "metrics_initial": {
    "vehicles_used": 3,
    "total_distance_km": 1291.25,
    "cost_distance": 1291.25,
    "cost_time": 1731.0000000000002,
    "vehicle_cost": 2700.0,
    "waiting_E": 578.6700000000001,
    "horizon_excess_E": 0.0,
    "makespan_E": 596.1400000000001,
    "sum_route_time_E": 1731.0000000000002,
    "avg_route_time_E": 577.0000000000001
  },
  "metrics_best": {
    "vehicles_used": 3,
    "total_distance_km": 835.04,
    "cost_distance": 835.04,
    "cost_time": 1546.8600000000001,
    "vehicle_cost": 2700.0,
    "waiting_E": 793.3300000000002,
    "horizon_excess_E": 0.0,
    "makespan_E": 587.74,
    "sum_route_time_E": 1546.8600000000001,
    "avg_route_time_E": 515.62
  },
  "metrics_delta": {
    "vehicles_used": 0,
    "total_distance_km": -456.21000000000004,
    "cost_distance": -456.21000000000004,
    "cost_time": -184.1400000000001,
    "vehicle_cost": 0.0,
    "waiting_E": 214.66000000000008,
    "horizon_excess_E": 0.0,
    "makespan_E": -8.400000000000091,
    "sum_route_time_E": -184.1400000000001,
    "avg_route_time_E": -61.38000000000011
  },
  "process": {
    "runtime_seconds": 14.312825202941895,
    "epochs": 90,
    "accepted_moves": 19545,
    "improving_moves": 2408,
    "rejected_window_E_moves": 67411,
    "rejected_window_P_moves": 68527,
    "rejected_window_both_moves": 66990
  },
  "trace_improvements": [
    [
      0,
      5403.77
    ],
    [
      3,
      5314.549999999999
    ],
    [
      5,
      5292.110000000001
    ],
    [
      14,
      5279.32
    ],
    [
      16,
      5279.12
    ],
    [
      26,
      5237.85
    ],
    [
      27,
      5165.790000000001
    ],
    [
      48,
      5131.030000000001
    ],
    [
      63,
      5104.23
    ],
    [
      70,
      5094.5599999999995
    ],
    [
      71,
      5086.84
    ],
    [
      72,
      5081.9
    ]
  ]
}