{
  "parameters": {
    "dataset": "app_final_40_loose",
    "t_max": 1000.0,
    "t_min": 10.0,
    "alpha": 0.7,
    "iters_per_T": 1000,
    "neighborhood": "mixed",
    "day_horizon": 600,
    "time_weight": 1.0
  },
  "initial_cost": 3810.17,
  "best_cost": 3772.01,
  "improvement_pct": 0.010015301154541623,
  "best_routes": [
    [
      0,
      34,
      8,
      17,
      7,
      30,
      5,
      14,
      13,
      22,
      36,
      38,
      16,
      33,
      15,
      29,
      37,
      10,
      0
    ],
    [
      0,
      31,
      6,
      25,
      23,
      21,
      19,
      24,
      2,
      26,
      40,
      9,
      12,
      4,
      35,
      32,
      18,
      11,
      39,
      20,
      28,
      3,
      1,
      27,
      0
    ]
  ],
  "metrics_initial": {
    "vehicles_used": 2,
    "total_distance_km": 1018.9900000000001,
    "cost_distance": 1018.9900000000001,
    "cost_time": 991.1800000000001,
    "vehicle_cost": 1800.0,
    "waiting_E": 77.27999999999992,
    "horizon_excess_E": 0.0,
    "makespan_E": 504.1400000000001,
    "sum_route_time_E": 991.1800000000001,
    "avg_route_time_E": 495.59000000000003
  },
  "metrics_best": {
    "vehicles_used": 2,
    "total_distance_km": 971.0000000000003,
    "cost_distance": 971.0000000000003,
    "cost_time": 1001.01,
    "vehicle_cost": 1800.0,
    "waiting_E": 117.80999999999999,
    "horizon_excess_E": 0.0,
    "makespan_E": 521.98,
    "sum_route_time_E": 1001.01,
    "avg_route_time_E": 500.505
  },
  "metrics_delta": {
    "vehicles_used": 0,
    "total_distance_km": -47.98999999999978,
    "cost_distance": -47.98999999999978,
    "cost_time": 9.829999999999927,
    "vehicle_cost": 0.0,
    "waiting_E": 40.53000000000007,
    "horizon_excess_E": 0.0,
    "makespan_E": 17.839999999999918,
    "sum_route_time_E": 9.829999999999927,
    "avg_route_time_E": 4.914999999999964
  },
  "process": {
    "runtime_seconds": 3.049123764038086,
    "epochs": 13,
    "accepted_moves": 1615,
    "improving_moves": 327,
    "rejected_window_E_moves": 11022,
    "rejected_window_P_moves": 10959,
    "rejected_window_both_moves": 10784
  },
  "trace_improvements": [
    [
      0,
      3810.17
    ],
    [
      11,
      3772.01
    ]
  ]
}