{
  "parameters": {
    "dataset": "app_final_80_loose",
    "t_max": 1000.0,
    "t_min": 10.0,
    "alpha": 0.6,
    "iters_per_T": 1000,
    "neighborhood": "mixed",
    "day_horizon": 600,
    "time_weight": 1.0
  },
  "initial_cost": 6387.089999999999,
  "best_cost": 6292.64,
  "improvement_pct": 0.014787641946488765,
  "best_routes": [
    [
      0,
      78,
      15,
      20,
      59,
      26,
      5,
      28,
      27,
      2,
      24,
      14,
      55,
      8,
      42,
      45,
      41,
      12,
      21,
      36,
      46,
      68,
      47,
      71,
      13,
      57,
      77,
      39,
      0
    ],
    [
      0,
      34,
      76,
      56,
      10,
      58,
      70,
      52,
      43,
      53,
      38,
      65,
      48,
      61,
      66,
      69,
      74,
      29,
      22,
      11,
      75,
      7,
      72,
      33,
      51,
      32,
      73,
      16,
      0
    ],
    [
      0,
      25,
      6,
      19,
      63,
      23,
      37,
      54,
      64,
      62,
      30,
      3,
      80,
      9,
      49,
      31,
      4,
      60,
      44,
      40,
      1,
      67,
      50,
      35,
      18,
      79,
      17,
      0
    ]
  ],
  "metrics_initial": {
    "vehicles_used": 3,
    "total_distance_km": 1987.2299999999998,
    "cost_distance": 1987.2299999999998,
    "cost_time": 1699.8599999999997,
    "vehicle_cost": 2700.0,
    "waiting_E": 61.810000000000045,
    "horizon_excess_E": 0.0,
    "makespan_E": 580.3,
    "sum_route_time_E": 1699.8599999999997,
    "avg_route_time_E": 566.6199999999999
  },
  "metrics_best": {
    "vehicles_used": 3,
    "total_distance_km": 1914.96,
    "cost_distance": 1914.96,
    "cost_time": 1677.6800000000003,
    "vehicle_cost": 2700.0,
    "waiting_E": 81.94999999999999,
    "horizon_excess_E": 0.0,
    "makespan_E": 572.27,
    "sum_route_time_E": 1677.6800000000003,
    "avg_route_time_E": 559.2266666666668
  },
  "metrics_delta": {
    "vehicles_used": 0,
    "total_distance_km": -72.26999999999975,
    "cost_distance": -72.26999999999975,
    "cost_time": -22.17999999999938,
    "vehicle_cost": 0.0,
    "waiting_E": 20.139999999999944,
    "horizon_excess_E": 0.0,
    "makespan_E": -8.029999999999973,
    "sum_route_time_E": -22.17999999999938,
    "avg_route_time_E": -7.393333333333089
  },
  "process": {
    "runtime_seconds": 4.289361000061035,
    "epochs": 10,
    "accepted_moves": 742,
    "improving_moves": 126,
    "rejected_window_E_moves": 9111,
    "rejected_window_P_moves": 9120,
    "rejected_window_both_moves": 9047
  },
  "trace_improvements": [
    [
      0,
      6379.02
    ],
    [
      1,
      6321.91
    ],
    [
      2,
      6301.27
    ],
    [
      9,
      6292.64
    ]
  ]
}