{
  "parameters": {
    "dataset": "app_final_120_tight",
    "t_max": 1000.0,
    "t_min": 10.0,
    "alpha": 0.95,
    "iters_per_T": 1000,
    "neighborhood": "mixed",
    "day_horizon": 600,
    "time_weight": 1.0
  },
  "initial_cost": 15820.490000000003,
  "best_cost": 14385.660000000002,
  "improvement_pct": 0.09069440959161199,
  "best_routes": [
    [
      0,
      69,
      74,
      3,
      25,
      54,
      115,
      19,
      37,
      96,
      42,
      63,
      55,
      0
    ],
    [
      0,
      59,
      45,
      36,
      104,
      1,
      33,
      75,
      40,
      8,
      103,
      106,
      15,
      0
    ],
    [
      0,
      85,
      32,
      53,
      67,
      91,
      116,
      105,
      27,
      4,
      57,
      110,
      95,
      6,
      94,
      31,
      0
    ],
    [
      0,
      38,
      102,
      118,
      51,
      82,
      112,
      20,
      13,
      30,
      111,
      72,
      2,
      120,
      5,
      98,
      44,
      0
    ],
    [
      0,
      41,
      93,
      79,
      70,
      76,
      68,
      109,
      18,
      86,
      48,
      65,
      83,
      23,
      9,
      39,
      24,
      89,
      0
    ],
    [
      0,
      60,
      43,
      108,
      113,
      80,
      17,
      34,
      66,
      28,
      7,
      119,
      0
    ],
    [
      0,
      92,
      11,
      14,
      88,
      61,
      78,
      71,
      21,
      56,
      114,
      107,
      99,
      77,
      97,
      101,
      12,
      22,
      117,
      90,
      84,
      0
    ],
    [
      0,
      62,
      64,
      29,
      26,
      87,
      73,
      47,
      100,
      10,
      49,
      81,
      16,
      52,
      50,
      58,
      35,
      46,
      0
    ]
  ],
  "metrics_initial": {
    "vehicles_used": 8,
    "total_distance_km": 4535.980000000002,
    "cost_distance": 4535.980000000002,
    "cost_time": 4084.5100000000007,
    "vehicle_cost": 7200.0,
    "waiting_E": 389.52,
    "horizon_excess_E": 0.0,
    "makespan_E": 599.3900000000001,
    "sum_route_time_E": 4084.5100000000007,
    "avg_route_time_E": 510.5637500000001
  },
  "metrics_best": {
    "vehicles_used": 8,
    "total_distance_km": 3198.3300000000013,
    "cost_distance": 3198.3300000000013,
    "cost_time": 3987.33,
    "vehicle_cost": 7200.0,
    "waiting_E": 1362.9599999999996,
    "horizon_excess_E": 0.0,
    "makespan_E": 579.4,
    "sum_route_time_E": 3987.33,
    "avg_route_time_E": 498.41625
  },
  "metrics_delta": {
    "vehicles_used": 0,
    "total_distance_km": -1337.650000000001,
    "cost_distance": -1337.650000000001,
    "cost_time": -97.18000000000075,
    "vehicle_cost": 0.0,
    "waiting_E": 973.4399999999996,
    "horizon_excess_E": 0.0,
    "makespan_E": -19.990000000000123,
    "sum_route_time_E": -97.18000000000075,
    "avg_route_time_E": -12.147500000000093
  },
  "process": {
    "runtime_seconds": 65.50096011161804,
    "epochs": 90,
    "accepted_moves": 10779,
    "improving_moves": 1682,
    "rejected_window_E_moves": 77460,
    "rejected_window_P_moves": 78109,
    "rejected_window_both_moves": 77217
  },
  "trace_improvements": [
    [
      0,
      15715.620000000003
    ],
    [
      58,
      15672.430000000002
    ],
    [
      59,
      15619.300000000003
    ],
    [
      60,
      15403.74
    ],
    [
      65,
      15194.430000000002
    ],
    [
      67,
      15167.030000000002
    ],
    [
      69,
      15100.640000000001
    ],
    [
      70,
      15085.68
    ],
    [
      71,
      15053.970000000001
    ],
    [
      75,
      15012.890000000001
    ],
    [
      76,
      14938.530000000002
    ],
    [
      77,
      14861.23
    ],
    [
      80,
      14836.940000000002
    ],
    [
      84,
      14799.630000000001
    ],
    [
      85,
      14723.26
    ],
    [
      86,
      14602.16
    ],
    [
      87,
      14578.12
    ],
    [
      88,
      14529.85
    ],
    [
      89,
      14385.660000000002
    ]
  ]
}