{
  "parameters": {
    "dataset": "app_final_40_medium",
    "t_max": 1000.0,
    "t_min": 10.0,
    "alpha": 0.6,
    "iters_per_T": 1000,
    "neighborhood": "mixed",
    "day_horizon": 600,
    "time_weight": 1.0
  },
  "initial_cost": 6085.45,
  "best_cost": 5553.1,
  "improvement_pct": 0.08747915108989467,
  "best_routes": [
    [
      0,
      17,
      5,
      11,
      27,
      33,
      29,
      18,
      10,
      14,
      26,
      20,
      19,
      22,
      0
    ],
    [
      0,
      37,
      39,
      35,
      7,
      12,
      16,
      6,
      4,
      34,
      15,
      2,
      25,
      8,
      21,
      9,
      0
    ],
    [
      0,
      13,
      30,
      32,
      23,
      24,
      31,
      40,
      3,
      36,
      1,
      28,
      38,
      0
    ]
  ],
  "metrics_initial": {
    "vehicles_used": 3,
    "total_distance_km": 1722.8400000000004,
    "cost_distance": 1722.8400000000004,
    "cost_time": 1662.61,
    "vehicle_cost": 2700.0,
    "waiting_E": 126.65,
    "horizon_excess_E": 0.0,
    "makespan_E": 589.23,
    "sum_route_time_E": 1662.61,
    "avg_route_time_E": 554.2033333333333
  },
  "metrics_best": {
    "vehicles_used": 3,
    "total_distance_km": 1398.6300000000003,
    "cost_distance": 1398.6300000000003,
    "cost_time": 1454.4700000000003,
    "vehicle_cost": 2700.0,
    "waiting_E": 166.71000000000004,
    "horizon_excess_E": 0.0,
    "makespan_E": 541.8300000000002,
    "sum_route_time_E": 1454.4700000000003,
    "avg_route_time_E": 484.82333333333344
  },
  "metrics_delta": {
    "vehicles_used": 0,
    "total_distance_km": -324.21000000000004,
    "cost_distance": -324.21000000000004,
    "cost_time": -208.13999999999965,
    "vehicle_cost": 0.0,
    "waiting_E": 40.06000000000003,
    "horizon_excess_E": 0.0,
    "makespan_E": -47.399999999999864,
    "sum_route_time_E": -208.13999999999965,
    "avg_route_time_E": -69.37999999999982
  },
  "process": {
    "runtime_seconds": 2.5497069358825684,
    "epochs": 10,
    "accepted_moves": 1420,
    "improving_moves": 255,
    "rejected_window_E_moves": 8249,
    "rejected_window_P_moves": 8307,
    "rejected_window_both_moves": 8183
  },
  "trace_improvements": [
    [
      0,
      6037.870000000001
    ],
    [
      1,
      5968.700000000001
    ],
    [
      5,
      5883.660000000001
    ],
    [
      6,
      5818.9800000000005
    ],
    [
      7,
      5782.140000000001
    ],
    [
      8,
      5619.67
    ],
    [
      9,
      5553.1
    ]
  ]
}