{
  "parameters": {
    "dataset": "app_final_20_tight",
    "t_max": 1000.0,
    "t_min": 10.0,
    "alpha": 0.7,
    "iters_per_T": 1000,
    "neighborhood": "mixed",
    "day_horizon": 600,
    "time_weight": 1.0
  },
  "initial_cost": 5722.25,
  "best_cost": 5144.54,
  "improvement_pct": 0.10095853903621828,
  "best_routes": [
    [
      0,
      1,
      16,
      12,
      11,
      18,
      4,
      9,
      0
    ],
    [
      0,
      15,
      8,
      20,
      17,
      13,
      3,
      14,
      0
    ],
    [
      0,
      2,
      5,
      10,
      19,
      7,
      6,
      0
    ]
  ],
  "metrics_initial": {
    "vehicles_used": 3,
    "total_distance_km": 1291.25,
    "cost_distance": 1291.25,
    "cost_time": 1731.0000000000002,
    "vehicle_cost": 2700.0,
    "waiting_E": 578.6700000000001,
    "horizon_excess_E": 0.0,
    "makespan_E": 596.1400000000001,
    "sum_route_time_E": 1731.0000000000002,
    "avg_route_time_E": 577.0000000000001
  },
  "metrics_best": {
    "vehicles_used": 3,
    "total_distance_km": 897.6799999999998,
    "cost_distance": 897.6799999999998,
    "cost_time": 1546.8600000000001,
    "vehicle_cost": 2700.0,
    "waiting_E": 747.6300000000001,
    "horizon_excess_E": 0.0,
    "makespan_E": 587.74,
    "sum_route_time_E": 1546.8600000000001,
    "avg_route_time_E": 515.62
  },
  "metrics_delta": {
    "vehicles_used": 0,
    "total_distance_km": -393.57000000000016,
    "cost_distance": -393.57000000000016,
    "cost_time": -184.1400000000001,
    "vehicle_cost": 0.0,
    "waiting_E": 168.96000000000004,
    "horizon_excess_E": 0.0,
    "makespan_E": -8.400000000000091,
    "sum_route_time_E": -184.1400000000001,
    "avg_route_time_E": -61.38000000000011
  },
  "process": {
    "runtime_seconds": 2.3851382732391357,
    "epochs": 13,
    "accepted_moves": 2887,
    "improving_moves": 374,
    "rejected_window_E_moves": 9685,
    "rejected_window_P_moves": 9858,
    "rejected_window_both_moves": 9639
  },
  "trace_improvements": [
    [
      0,
      5358.04
    ],
    [
      1,
      5316.9
    ],
    [
      2,
      5206.23
    ],
    [
      8,
      5151.469999999999
    ],
    [
      10,
      5144.54
    ]
  ]
}