{
  "parameters": {
    "dataset": "app_final_80_medium",
    "t_max": 1000.0,
    "t_min": 10.0,
    "alpha": 0.95,
    "iters_per_T": 1000,
    "neighborhood": "mixed",
    "day_horizon": 600,
    "time_weight": 1.0
  },
  "initial_cost": 9712.71,
  "best_cost": 8936.82,
  "improvement_pct": 0.0798839870643723,
  "best_routes": [
    [
      0,
      50,
      44,
      8,
      71,
      37,
      75,
      76,
      74,
      66,
      2,
      68,
      45,
      70,
      64,
      61,
      0
    ],
    [
      0,
      43,
      16,
      28,
      36,
      29,
      20,
      9,
      10,
      62,
      24,
      5,
      58,
      53,
      59,
      17,
      73,
      31,
      69,
      49,
      72,
      0
    ],
    [
      0,
      39,
      14,
      54,
      63,
      21,
      25,
      26,
      38,
      23,
      1,
      48,
      57,
      65,
      11,
      47,
      33,
      51,
      46,
      42,
      78,
      4,
      0
    ],
    [
      0,
      27,
      52,
      67,
      15,
      7,
      32,
      60,
      40,
      19,
      6,
      55,
      3,
      0
    ],
    [
      0,
      22,
      41,
      18,
      77,
      13,
      56,
      79,
      80,
      34,
      30,
      12,
      35,
      0
    ]
  ],
  "metrics_initial": {
    "vehicles_used": 5,
    "total_distance_km": 2720.8299999999995,
    "cost_distance": 2720.8299999999995,
    "cost_time": 2491.88,
    "vehicle_cost": 4500.0,
    "waiting_E": 97.90999999999991,
    "horizon_excess_E": 0.0,
    "makespan_E": 588.62,
    "sum_route_time_E": 2491.88,
    "avg_route_time_E": 498.37600000000003
  },
  "metrics_best": {
    "vehicles_used": 5,
    "total_distance_km": 2083.9700000000003,
    "cost_distance": 2083.9700000000003,
    "cost_time": 2352.85,
    "vehicle_cost": 4500.0,
    "waiting_E": 457.53999999999996,
    "horizon_excess_E": 0.0,
    "makespan_E": 565.3699999999999,
    "sum_route_time_E": 2352.85,
    "avg_route_time_E": 470.57
  },
  "metrics_delta": {
    "vehicles_used": 0,
    "total_distance_km": -636.8599999999992,
    "cost_distance": -636.8599999999992,
    "cost_time": -139.0300000000002,
    "vehicle_cost": 0.0,
    "waiting_E": 359.63000000000005,
    "horizon_excess_E": 0.0,
    "makespan_E": -23.250000000000114,
    "sum_route_time_E": -139.0300000000002,
    "avg_route_time_E": -27.80600000000004
  },
  "process": {
    "runtime_seconds": 37.52807331085205,
    "epochs": 90,
    "accepted_moves": 11821,
    "improving_moves": 2407,
    "rejected_window_E_moves": 75751,
    "rejected_window_P_moves": 75780,
    "rejected_window_both_moves": 74794
  },
  "trace_improvements": [
    [
      0,
      9712.71
    ],
    [
      68,
      9588.029999999999
    ],
    [
      69,
      9481.609999999999
    ],
    [
      74,
      9358.23
    ],
    [
      80,
      9331.619999999999
    ],
    [
      81,
      9292.710000000001
    ],
    [
      82,
      9246.609999999999
    ],
    [
      83,
      9234.46
    ],
    [
      84,
      9201.46
    ],
    [
      85,
      9106.62
    ],
    [
      87,
      9000.17
    ],
    [
      88,
      8936.82
    ]
  ]
}