{
  "parameters": {
    "dataset": "app_final_40_very_loose",
    "t_max": 1000.0,
    "t_min": 10.0,
    "alpha": 0.95,
    "iters_per_T": 1000,
    "neighborhood": "mixed",
    "day_horizon": 600,
    "time_weight": 1.0
  },
  "initial_cost": 4057.98,
  "best_cost": 3669.4700000000003,
  "improvement_pct": 0.09573975229054844,
  "best_routes": [
    [
      0,
      25,
      33,
      39,
      32,
      5,
      21,
      31,
      6,
      24,
      20,
      3,
      37,
      27,
      28,
      4,
      19,
      29,
      16,
      7,
      17,
      2,
      36,
      23,
      0
    ],
    [
      0,
      22,
      10,
      8,
      14,
      15,
      34,
      30,
      12,
      9,
      13,
      11,
      1,
      18,
      40,
      26,
      38,
      35,
      0
    ]
  ],
  "metrics_initial": {
    "vehicles_used": 2,
    "total_distance_km": 1132.81,
    "cost_distance": 1132.81,
    "cost_time": 1125.17,
    "vehicle_cost": 1800.0,
    "waiting_E": 120.92999999999999,
    "horizon_excess_E": 0.0,
    "makespan_E": 578.77,
    "sum_route_time_E": 1125.17,
    "avg_route_time_E": 562.585
  },
  "metrics_best": {
    "vehicles_used": 2,
    "total_distance_km": 907.7499999999999,
    "cost_distance": 907.7499999999999,
    "cost_time": 961.72,
    "vehicle_cost": 1800.0,
    "waiting_E": 131.14999999999995,
    "horizon_excess_E": 0.0,
    "makespan_E": 543.2,
    "sum_route_time_E": 961.72,
    "avg_route_time_E": 480.86
  },
  "metrics_delta": {
    "vehicles_used": 0,
    "total_distance_km": -225.06000000000006,
    "cost_distance": -225.06000000000006,
    "cost_time": -163.45000000000005,
    "vehicle_cost": 0.0,
    "waiting_E": 10.219999999999956,
    "horizon_excess_E": 0.0,
    "makespan_E": -35.569999999999936,
    "sum_route_time_E": -163.45000000000005,
    "avg_route_time_E": -81.72500000000002
  },
  "process": {
    "runtime_seconds": 20.680241346359253,
    "epochs": 90,
    "accepted_moves": 12383,
    "improving_moves": 2953,
    "rejected_window_E_moves": 75020,
    "rejected_window_P_moves": 71224,
    "rejected_window_both_moves": 69995
  },
  "trace_improvements": [
    [
      0,
      4024.23
    ],
    [
      17,
      4002.26
    ],
    [
      33,
      3997.05
    ],
    [
      42,
      3922.3599999999997
    ],
    [
      43,
      3882.14
    ],
    [
      75,
      3869.9
    ],
    [
      77,
      3850.24
    ],
    [
      78,
      3730.9500000000003
    ],
    [
      79,
      3713.3
    ],
    [
      81,
      3702.85
    ],
    [
      83,
      3700.94
    ],
    [
      84,
      3697.79
    ],
    [
      87,
      3696.9
    ],
    [
      89,
      3669.4700000000003
    ]
  ]
}