{
  "parameters": {
    "dataset": "app_final_120_medium",
    "t_max": 1000.0,
    "t_min": 10.0,
    "alpha": 0.7,
    "iters_per_T": 1000,
    "neighborhood": "mixed",
    "day_horizon": 600,
    "time_weight": 1.0
  },
  "initial_cost": 13892.869999999999,
  "best_cost": 13847.180000000002,
  "improvement_pct": 0.0032887373163354204,
  "best_routes": [
    [
      0,
      47,
      57,
      54,
      31,
      20,
      98,
      120,
      95,
      33,
      14,
      11,
      63,
      110,
      113,
      69,
      103,
      0
    ],
    [
      0,
      117,
      62,
      5,
      43,
      74,
      87,
      66,
      81,
      12,
      37,
      109,
      34,
      85,
      100,
      17,
      22,
      80,
      76,
      101,
      30,
      107,
      39,
      0
    ],
    [
      0,
      82,
      29,
      106,
      19,
      88,
      112,
      64,
      73,
      60,
      35,
      38,
      44,
      23,
      86,
      68,
      41,
      116,
      0
    ],
    [
      0,
      53,
      102,
      13,
      50,
      48,
      108,
      8,
      7,
      115,
      111,
      15,
      84,
      49,
      46,
      79,
      104,
      0
    ],
    [
      0,
      71,
      45,
      96,
      52,
      3,
      114,
      51,
      105,
      61,
      97,
      26,
      118,
      9,
      27,
      94,
      75,
      16,
      72,
      55,
      0
    ],
    [
      0,
      56,
      58,
      90,
      59,
      40,
      92,
      36,
      83,
      70,
      32,
      24,
      18,
      99,
      65,
      0
    ],
    [
      0,
      78,
      10,
      28,
      2,
      21,
      25,
      77,
      42,
      1,
      6,
      89,
      93,
      4,
      119,
      67,
      91,
      0
    ]
  ],
  "metrics_initial": {
    "vehicles_used": 7,
    "total_distance_km": 3814.1899999999996,
    "cost_distance": 3814.1899999999996,
    "cost_time": 3778.6800000000003,
    "vehicle_cost": 6300.0,
    "waiting_E": 367.19000000000005,
    "horizon_excess_E": 0.0,
    "makespan_E": 585.98,
    "sum_route_time_E": 3778.6800000000003,
    "avg_route_time_E": 539.8114285714286
  },
  "metrics_best": {
    "vehicles_used": 7,
    "total_distance_km": 3723.7400000000007,
    "cost_distance": 3723.7400000000007,
    "cost_time": 3823.4400000000005,
    "vehicle_cost": 6300.0,
    "waiting_E": 414.46999999999986,
    "horizon_excess_E": 0.0,
    "makespan_E": 586.77,
    "sum_route_time_E": 3823.4400000000005,
    "avg_route_time_E": 546.2057142857144
  },
  "metrics_delta": {
    "vehicles_used": 0,
    "total_distance_km": -90.44999999999891,
    "cost_distance": -90.44999999999891,
    "cost_time": 44.76000000000022,
    "vehicle_cost": 0.0,
    "waiting_E": 47.2799999999998,
    "horizon_excess_E": 0.0,
    "makespan_E": 0.7899999999999636,
    "sum_route_time_E": 44.76000000000022,
    "avg_route_time_E": 6.394285714285843
  },
  "process": {
    "runtime_seconds": 9.747802495956421,
    "epochs": 13,
    "accepted_moves": 1548,
    "improving_moves": 284,
    "rejected_window_E_moves": 11175,
    "rejected_window_P_moves": 11226,
    "rejected_window_both_moves": 11044
  },
  "trace_improvements": [
    [
      0,
      13892.869999999999
    ],
    [
      12,
      13847.180000000002
    ]
  ]
}