{
  "parameters": {
    "dataset": "app_final_20_medium",
    "t_max": 1000.0,
    "t_min": 10.0,
    "alpha": 0.5,
    "iters_per_T": 1000,
    "neighborhood": "mixed",
    "day_horizon": 600,
    "time_weight": 1.0
  },
  "initial_cost": 3758.7000000000003,
  "best_cost": 3645.38,
  "improvement_pct": 0.030148721632479357,
  "best_routes": [
    [
      0,
      15,
      5,
      3,
      13,
      2,
      4,
      7,
      0
    ],
    [
      0,
      17,
      1,
      11,
      20,
      9,
      10,
      16,
      8,
      6,
      19,
      18,
      12,
      14,
      0
    ]
  ],
  "metrics_initial": {
    "vehicles_used": 2,
    "total_distance_km": 917.1800000000001,
    "cost_distance": 917.1800000000001,
    "cost_time": 1041.52,
    "vehicle_cost": 1800.0,
    "waiting_E": 211.95,
    "horizon_excess_E": 0.0,
    "makespan_E": 585.08,
    "sum_route_time_E": 1041.52,
    "avg_route_time_E": 520.76
  },
  "metrics_best": {
    "vehicles_used": 2,
    "total_distance_km": 782.2700000000001,
    "cost_distance": 782.2700000000001,
    "cost_time": 1063.1100000000001,
    "vehicle_cost": 1800.0,
    "waiting_E": 357.52,
    "horizon_excess_E": 0.0,
    "makespan_E": 540.09,
    "sum_route_time_E": 1063.1100000000001,
    "avg_route_time_E": 531.5550000000001
  },
  "metrics_delta": {
    "vehicles_used": 0,
    "total_distance_km": -134.90999999999997,
    "cost_distance": -134.90999999999997,
    "cost_time": 21.590000000000146,
    "vehicle_cost": 0.0,
    "waiting_E": 145.57,
    "horizon_excess_E": 0.0,
    "makespan_E": -44.99000000000001,
    "sum_route_time_E": 21.590000000000146,
    "avg_route_time_E": 10.795000000000073
  },
  "process": {
    "runtime_seconds": 1.1952075958251953,
    "epochs": 7,
    "accepted_moves": 1451,
    "improving_moves": 260,
    "rejected_window_E_moves": 5259,
    "rejected_window_P_moves": 5234,
    "rejected_window_both_moves": 5098
  },
  "trace_improvements": [
    [
      0,
      3710.35
    ],
    [
      5,
      3658.62
    ],
    [
      6,
      3645.38
    ]
  ]
}