{
  "parameters": {
    "dataset": "app_final_200_tight",
    "t_max": 1000.0,
    "t_min": 10.0,
    "alpha": 0.95,
    "iters_per_T": 1000,
    "neighborhood": "mixed",
    "day_horizon": 600,
    "time_weight": 1.0
  },
  "initial_cost": 23984.11,
  "best_cost": 23979.079999999998,
  "improvement_pct": 0.0002097221868980118,
  "best_routes": [
    [
      0,
      175,
      54,
      200,
      177,
      42,
      28,
      24,
      96,
      152,
      25,
      185,
      16,
      105,
      45,
      146,
      189,
      113,
      133,
      0
    ],
    [
      0,
      129,
      171,
      27,
      6,
      148,
      71,
      157,
      99,
      37,
      141,
      87,
      156,
      195,
      70,
      186,
      0
    ],
    [
      0,
      57,
      50,
      176,
      167,
      130,
      92,
      61,
      198,
      76,
      140,
      80,
      32,
      100,
      123,
      196,
      60,
      3,
      33,
      8,
      0
    ],
    [
      0,
      172,
      112,
      138,
      23,
      188,
      53,
      72,
      88,
      197,
      114,
      44,
      115,
      168,
      81,
      118,
      62,
      158,
      136,
      0
    ],
    [
      0,
      143,
      190,
      52,
      165,
      159,
      83,
      191,
      68,
      69,
      10,
      79,
      170,
      30,
      125,
      154,
      51,
      84,
      55,
      38,
      0
    ],
    [
      0,
      163,
      164,
      49,
      169,
      75,
      59,
      43,
      36,
      41,
      194,
      20,
      103,
      110,
      40,
      178,
      63,
      26,
      116,
      0
    ],
    [
      0,
      13,
      137,
      89,
      94,
      166,
      98,
      155,
      95,
      19,
      14,
      126,
      97,
      153,
      131,
      145,
      135,
      1,
      111,
      0
    ],
    [
      0,
      73,
      31,
      2,
      181,
      121,
      91,
      101,
      161,
      48,
      77,
      7,
      78,
      86,
      0
    ],
    [
      0,
      142,
      82,
      182,
      147,
      183,
      65,
      58,
      22,
      132,
      66,
      102,
      12,
      107,
      122,
      29,
      179,
      47,
      15,
      0
    ],
    [
      0,
      184,
      11,
      85,
      106,
      0
    ],
    [
      0,
      67,
      56,
      18,
      108,
      74,
      149,
      173,
      4,
      46,
      17,
      35,
      120,
      193,
      9,
      151,
      90,
      0
    ],
    [
      0,
      162,
      180,
      5,
      174,
      144,
      128,
      93,
      21,
      109,
      192,
      127,
      139,
      39,
      117,
      0
    ],
    [
      0,
      64,
      134,
      160,
      124,
      119,
      187,
      199,
      104,
      34,
      150,
      0
    ]
  ],
  "metrics_initial": {
    "vehicles_used": 13,
    "total_distance_km": 6224.23,
    "cost_distance": 6224.23,
    "cost_time": 6059.88,
    "vehicle_cost": 11700.0,
    "waiting_E": 964.6600000000002,
    "horizon_excess_E": 0.0,
    "makespan_E": 582.22,
    "sum_route_time_E": 6059.88,
    "avg_route_time_E": 466.1446153846154
  },
  "metrics_best": {
    "vehicles_used": 13,
    "total_distance_km": 5713.549999999999,
    "cost_distance": 5713.549999999999,
    "cost_time": 6565.53,
    "vehicle_cost": 11700.0,
    "waiting_E": 1825.2700000000004,
    "horizon_excess_E": 0.0,
    "makespan_E": 578.7,
    "sum_route_time_E": 6565.53,
    "avg_route_time_E": 505.04076923076923
  },
  "metrics_delta": {
    "vehicles_used": 0,
    "total_distance_km": -510.6800000000003,
    "cost_distance": -510.6800000000003,
    "cost_time": 505.64999999999964,
    "vehicle_cost": 0.0,
    "waiting_E": 860.6100000000002,
    "horizon_excess_E": 0.0,
    "makespan_E": -3.519999999999982,
    "sum_route_time_E": 505.64999999999964,
    "avg_route_time_E": 38.89615384615382
  },
  "process": {
    "runtime_seconds": 110.54871654510498,
    "epochs": 90,
    "accepted_moves": 10571,
    "improving_moves": 1645,
    "rejected_window_E_moves": 77784,
    "rejected_window_P_moves": 78518,
    "rejected_window_both_moves": 77743
  },
  "trace_improvements": [
    [
      0,
      23984.11
    ],
    [
      89,
      23979.079999999998
    ]
  ]
}