{
  "parameters": {
    "dataset": "app_final_40_tight",
    "t_max": 1000.0,
    "t_min": 10.0,
    "alpha": 0.95,
    "iters_per_T": 1000,
    "neighborhood": "mixed",
    "day_horizon": 600,
    "time_weight": 1.0
  },
  "initial_cost": 9186.7,
  "best_cost": 7157.91,
  "improvement_pct": 0.220839909869703,
  "best_routes": [
    [
      0,
      5,
      25,
      7,
      11,
      15,
      0
    ],
    [
      0,
      30,
      22,
      35,
      3,
      36,
      24,
      14,
      39,
      16,
      26,
      10,
      37,
      23,
      34,
      38,
      0
    ],
    [
      0,
      21,
      18,
      2,
      33,
      31,
      29,
      27,
      8,
      13,
      0
    ],
    [
      0,
      20,
      9,
      12,
      6,
      1,
      32,
      17,
      40,
      28,
      4,
      19,
      0
    ]
  ],
  "metrics_initial": {
    "vehicles_used": 5,
    "total_distance_km": 1991.9199999999998,
    "cost_distance": 1991.9199999999998,
    "cost_time": 2694.78,
    "vehicle_cost": 4500.0,
    "waiting_E": 869.1899999999998,
    "horizon_excess_E": 0.0,
    "makespan_E": 582.24,
    "sum_route_time_E": 2694.78,
    "avg_route_time_E": 538.956
  },
  "metrics_best": {
    "vehicles_used": 4,
    "total_distance_km": 1402.3200000000002,
    "cost_distance": 1402.3200000000002,
    "cost_time": 2155.59,
    "vehicle_cost": 3600.0,
    "waiting_E": 857.3499999999999,
    "horizon_excess_E": 0.0,
    "makespan_E": 596.89,
    "sum_route_time_E": 2155.59,
    "avg_route_time_E": 538.8975
  },
  "metrics_delta": {
    "vehicles_used": -1,
    "total_distance_km": -589.5999999999997,
    "cost_distance": -589.5999999999997,
    "cost_time": -539.19,
    "vehicle_cost": -900.0,
    "waiting_E": -11.839999999999918,
    "horizon_excess_E": 0.0,
    "makespan_E": 14.649999999999977,
    "sum_route_time_E": -539.19,
    "avg_route_time_E": -0.0584999999999809
  },
  "process": {
    "runtime_seconds": 24.626285552978516,
    "epochs": 90,
    "accepted_moves": 16573,
    "improving_moves": 2147,
    "rejected_window_E_moves": 71096,
    "rejected_window_P_moves": 71777,
    "rejected_window_both_moves": 70635
  },
  "trace_improvements": [
    [
      0,
      9186.7
    ],
    [
      21,
      9064.68
    ],
    [
      28,
      9043.09
    ],
    [
      36,
      9036.91
    ],
    [
      55,
      8956.4
    ],
    [
      56,
      8916.8
    ],
    [
      57,
      8868.7
    ],
    [
      58,
      8715.24
    ],
    [
      63,
      8643.05
    ],
    [
      64,
      8642.64
    ],
    [
      78,
      8605.36
    ],
    [
      80,
      8541.4
    ],
    [
      82,
      7407.83
    ],
    [
      83,
      7366.42
    ],
    [
      84,
      7319.67
    ],
    [
      87,
      7296.41
    ],
    [
      88,
      7183.110000000001
    ],
    [
      89,
      7157.91
    ]
  ]
}