{
  "parameters": {
    "dataset": "app_final_200_medium",
    "t_max": 1000.0,
    "t_min": 10.0,
    "alpha": 0.9,
    "iters_per_T": 1000,
    "neighborhood": "mixed",
    "day_horizon": 600,
    "time_weight": 1.0
  },
  "initial_cost": 16855.43,
  "best_cost": 16854.82,
  "improvement_pct": 3.619011796202067e-05,
  "best_routes": [
    [
      0,
      192,
      65,
      94,
      182,
      26,
      165,
      135,
      100,
      76,
      139,
      117,
      81,
      137,
      183,
      12,
      66,
      136,
      169,
      96,
      39,
      55,
      191,
      19,
      147,
      20,
      193,
      45,
      0
    ],
    [
      0,
      197,
      179,
      52,
      30,
      4,
      143,
      158,
      118,
      101,
      71,
      198,
      120,
      194,
      47,
      24,
      48,
      98,
      112,
      128,
      153,
      160,
      29,
      181,
      46,
      154,
      97,
      0
    ],
    [
      0,
      36,
      28,
      171,
      174,
      102,
      133,
      2,
      43,
      115,
      127,
      148,
      14,
      157,
      125,
      23,
      35,
      172,
      22,
      124,
      5,
      51,
      186,
      168,
      106,
      149,
      53,
      25,
      199,
      0
    ],
    [
      0,
      180,
      88,
      162,
      176,
      134,
      166,
      122,
      79,
      140,
      74,
      6,
      108,
      159,
      56,
      105,
      49,
      129,
      60,
      50,
      38,
      0
    ],
    [
      0,
      184,
      8,
      61,
      67,
      82,
      175,
      33,
      58,
      173,
      187,
      152,
      116,
      190,
      32,
      189,
      200,
      132,
      1,
      156,
      85,
      119,
      75,
      91,
      92,
      0
    ],
    [
      0,
      73,
      34,
      145,
      188,
      123,
      138,
      114,
      64,
      27,
      161,
      44,
      80,
      18,
      40,
      84,
      113,
      57,
      31,
      62,
      95,
      144,
      89,
      90,
      69,
      0
    ],
    [
      0,
      177,
      130,
      10,
      195,
      142,
      77,
      41,
      196,
      141,
      99,
      121,
      163,
      150,
      16,
      7,
      70,
      63,
      68,
      107,
      17,
      178,
      167,
      110,
      11,
      9,
      0
    ],
    [
      0,
      111,
      15,
      83,
      185,
      86,
      170,
      3,
      104,
      146,
      155,
      87,
      126,
      54,
      78,
      93,
      103,
      72,
      59,
      37,
      131,
      21,
      109,
      164,
      151,
      42,
      13,
      0
    ]
  ],
  "metrics_initial": {
    "vehicles_used": 8,
    "total_distance_km": 5197.43,
    "cost_distance": 5197.43,
    "cost_time": 4458.0,
    "vehicle_cost": 7200.0,
    "waiting_E": 506.91999999999996,
    "horizon_excess_E": 0.0,
    "makespan_E": 597.09,
    "sum_route_time_E": 4458.0,
    "avg_route_time_E": 557.25
  },
  "metrics_best": {
    "vehicles_used": 8,
    "total_distance_km": 5255.71,
    "cost_distance": 5255.71,
    "cost_time": 4399.110000000001,
    "vehicle_cost": 7200.0,
    "waiting_E": 319.32999999999987,
    "horizon_excess_E": 0.0,
    "makespan_E": 579.0300000000001,
    "sum_route_time_E": 4399.110000000001,
    "avg_route_time_E": 549.8887500000001
  },
  "metrics_delta": {
    "vehicles_used": 0,
    "total_distance_km": 58.279999999999745,
    "cost_distance": 58.279999999999745,
    "cost_time": -58.88999999999942,
    "vehicle_cost": 0.0,
    "waiting_E": -187.5900000000001,
    "horizon_excess_E": 0.0,
    "makespan_E": -18.059999999999945,
    "sum_route_time_E": -58.88999999999942,
    "avg_route_time_E": -7.361249999999927
  },
  "process": {
    "runtime_seconds": 49.84077978134155,
    "epochs": 44,
    "accepted_moves": 3869,
    "improving_moves": 661,
    "rejected_window_E_moves": 39561,
    "rejected_window_P_moves": 39412,
    "rejected_window_both_moves": 39053
  },
  "trace_improvements": [
    [
      0,
      16855.04
    ],
    [
      43,
      16854.82
    ]
  ]
}