{
  "parameters": {
    "dataset": "app_final_80_tight",
    "t_max": 1000.0,
    "t_min": 10.0,
    "alpha": 0.5,
    "iters_per_T": 1000,
    "neighborhood": "mixed",
    "day_horizon": 600,
    "time_weight": 1.0
  },
  "initial_cost": 11626.3,
  "best_cost": 11525.58,
  "improvement_pct": 0.008663117242802899,
  "best_routes": [
    [
      0,
      6,
      33,
      62,
      43,
      13,
      60,
      7,
      61,
      41,
      46,
      64,
      27,
      69,
      0
    ],
    [
      0,
      31,
      15,
      10,
      55,
      51,
      8,
      58,
      3,
      25,
      19,
      32,
      67,
      63,
      0
    ],
    [
      0,
      21,
      4,
      48,
      16,
      23,
      56,
      17,
      52,
      35,
      77,
      49,
      76,
      9,
      80,
      65,
      0
    ],
    [
      0,
      26,
      36,
      72,
      14,
      24,
      42,
      79,
      74,
      59,
      44,
      47,
      75,
      37,
      53,
      38,
      0
    ],
    [
      0,
      18,
      50,
      40,
      45,
      73,
      5,
      78,
      71,
      30,
      1,
      70,
      0
    ],
    [
      0,
      34,
      20,
      28,
      66,
      2,
      29,
      54,
      22,
      68,
      39,
      57,
      12,
      11,
      0
    ]
  ],
  "metrics_initial": {
    "vehicles_used": 6,
    "total_distance_km": 2998.07,
    "cost_distance": 2998.07,
    "cost_time": 3228.2300000000005,
    "vehicle_cost": 5400.0,
    "waiting_E": 485.42,
    "horizon_excess_E": 0.0,
    "makespan_E": 597.35,
    "sum_route_time_E": 3228.2300000000005,
    "avg_route_time_E": 538.0383333333334
  },
  "metrics_best": {
    "vehicles_used": 6,
    "total_distance_km": 2972.2599999999998,
    "cost_distance": 2972.2599999999998,
    "cost_time": 3153.32,
    "vehicle_cost": 5400.0,
    "waiting_E": 415.34000000000015,
    "horizon_excess_E": 0.0,
    "makespan_E": 594.4799999999999,
    "sum_route_time_E": 3153.32,
    "avg_route_time_E": 525.5533333333334
  },
  "metrics_delta": {
    "vehicles_used": 0,
    "total_distance_km": -25.8100000000004,
    "cost_distance": -25.8100000000004,
    "cost_time": -74.91000000000031,
    "vehicle_cost": 0.0,
    "waiting_E": -70.07999999999987,
    "horizon_excess_E": 0.0,
    "makespan_E": -2.8700000000001182,
    "sum_route_time_E": -74.91000000000031,
    "avg_route_time_E": -12.485000000000014
  },
  "process": {
    "runtime_seconds": 3.0984628200531006,
    "epochs": 7,
    "accepted_moves": 805,
    "improving_moves": 89,
    "rejected_window_E_moves": 6123,
    "rejected_window_P_moves": 6152,
    "rejected_window_both_moves": 6089
  },
  "trace_improvements": [
    [
      0,
      11575.619999999999
    ],
    [
      2,
      11525.58
    ]
  ]
}