{
  "parameters": {
    "dataset": "app_final_20_tight",
    "t_max": 1000.0,
    "t_min": 10.0,
    "alpha": 0.6,
    "iters_per_T": 1000,
    "neighborhood": "mixed",
    "day_horizon": 600,
    "time_weight": 1.0
  },
  "initial_cost": 5722.25,
  "best_cost": 5154.29,
  "improvement_pct": 0.0992546638123116,
  "best_routes": [
    [
      0,
      15,
      8,
      17,
      20,
      11,
      12,
      16,
      3,
      14,
      0
    ],
    [
      0,
      2,
      5,
      19,
      10,
      4,
      18,
      9,
      0
    ],
    [
      0,
      1,
      13,
      7,
      6,
      0
    ]
  ],
  "metrics_initial": {
    "vehicles_used": 3,
    "total_distance_km": 1291.25,
    "cost_distance": 1291.25,
    "cost_time": 1731.0000000000002,
    "vehicle_cost": 2700.0,
    "waiting_E": 578.6700000000001,
    "horizon_excess_E": 0.0,
    "makespan_E": 596.1400000000001,
    "sum_route_time_E": 1731.0000000000002,
    "avg_route_time_E": 577.0000000000001
  },
  "metrics_best": {
    "vehicles_used": 3,
    "total_distance_km": 896.2299999999999,
    "cost_distance": 896.2299999999999,
    "cost_time": 1558.06,
    "vehicle_cost": 2700.0,
    "waiting_E": 751.5,
    "horizon_excess_E": 0.0,
    "makespan_E": 589.46,
    "sum_route_time_E": 1558.06,
    "avg_route_time_E": 519.3533333333334
  },
  "metrics_delta": {
    "vehicles_used": 0,
    "total_distance_km": -395.0200000000001,
    "cost_distance": -395.0200000000001,
    "cost_time": -172.94000000000028,
    "vehicle_cost": 0.0,
    "waiting_E": 172.82999999999993,
    "horizon_excess_E": 0.0,
    "makespan_E": -6.680000000000064,
    "sum_route_time_E": -172.94000000000028,
    "avg_route_time_E": -57.64666666666676
  },
  "process": {
    "runtime_seconds": 1.7428441047668457,
    "epochs": 10,
    "accepted_moves": 2116,
    "improving_moves": 221,
    "rejected_window_E_moves": 7575,
    "rejected_window_P_moves": 7693,
    "rejected_window_both_moves": 7515
  },
  "trace_improvements": [
    [
      0,
      5353.8099999999995
    ],
    [
      2,
      5203.5
    ],
    [
      6,
      5188.93
    ],
    [
      7,
      5169.219999999999
    ],
    [
      9,
      5154.29
    ]
  ]
}