{
  "parameters": {
    "dataset": "app_final_120_medium",
    "t_max": 1000.0,
    "t_min": 10.0,
    "alpha": 0.6,
    "iters_per_T": 1000,
    "neighborhood": "mixed",
    "day_horizon": 600,
    "time_weight": 1.0
  },
  "initial_cost": 13892.869999999999,
  "best_cost": 13892.869999999999,
  "improvement_pct": 0.0,
  "best_routes": [
    [
      0,
      43,
      52,
      114,
      71,
      13,
      102,
      73,
      57,
      77,
      31,
      1,
      93,
      92,
      6,
      120,
      95,
      16,
      72,
      11,
      110,
      113,
      91,
      67,
      0
    ],
    [
      0,
      96,
      54,
      58,
      90,
      105,
      78,
      26,
      66,
      74,
      7,
      34,
      85,
      100,
      17,
      101,
      23,
      107,
      24,
      39,
      41,
      103,
      55,
      0
    ],
    [
      0,
      82,
      29,
      106,
      25,
      88,
      19,
      47,
      2,
      28,
      60,
      37,
      38,
      35,
      104,
      119,
      44,
      49,
      22,
      80,
      76,
      68,
      116,
      0
    ],
    [
      0,
      40,
      51,
      45,
      8,
      108,
      50,
      48,
      111,
      9,
      15,
      70,
      118,
      81,
      98,
      42,
      33,
      99,
      18,
      94,
      75,
      63,
      79,
      0
    ],
    [
      0,
      10,
      117,
      59,
      62,
      64,
      5,
      3,
      115,
      87,
      97,
      61,
      36,
      89,
      84,
      65,
      27,
      20,
      14,
      69,
      0
    ],
    [
      0,
      53,
      83,
      112,
      21,
      12,
      109,
      32,
      86,
      4,
      46,
      0
    ],
    [
      0,
      56,
      30,
      0
    ]
  ],
  "metrics_initial": {
    "vehicles_used": 7,
    "total_distance_km": 3814.1899999999996,
    "cost_distance": 3814.1899999999996,
    "cost_time": 3778.6800000000003,
    "vehicle_cost": 6300.0,
    "waiting_E": 367.19000000000005,
    "horizon_excess_E": 0.0,
    "makespan_E": 585.98,
    "sum_route_time_E": 3778.6800000000003,
    "avg_route_time_E": 539.8114285714286
  },
  "metrics_best": {
    "vehicles_used": 7,
    "total_distance_km": 3814.1899999999996,
    "cost_distance": 3814.1899999999996,
    "cost_time": 3778.6800000000003,
    "vehicle_cost": 6300.0,
    "waiting_E": 367.19000000000005,
    "horizon_excess_E": 0.0,
    "makespan_E": 585.98,
    "sum_route_time_E": 3778.6800000000003,
    "avg_route_time_E": 539.8114285714286
  },
  "metrics_delta": {
    "vehicles_used": 0,
    "total_distance_km": 0.0,
    "cost_distance": 0.0,
    "cost_time": 0.0,
    "vehicle_cost": 0.0,
    "waiting_E": 0.0,
    "horizon_excess_E": 0.0,
    "makespan_E": 0.0,
    "sum_route_time_E": 0.0,
    "avg_route_time_E": 0.0
  },
  "process": {
    "runtime_seconds": 7.600792407989502,
    "epochs": 10,
    "accepted_moves": 1118,
    "improving_moves": 185,
    "rejected_window_E_moves": 8697,
    "rejected_window_P_moves": 8702,
    "rejected_window_both_moves": 8590
  },
  "trace_improvements": [
    [
      0,
      13892.869999999999
    ]
  ]
}