{
  "parameters": {
    "dataset": "app_final_20_very_loose",
    "t_max": 1000.0,
    "t_min": 10.0,
    "alpha": 0.95,
    "iters_per_T": 1000,
    "neighborhood": "mixed",
    "day_horizon": 600,
    "time_weight": 1.0
  },
  "initial_cost": 3222.19,
  "best_cost": 3069.58,
  "improvement_pct": 0.04736219775990867,
  "best_routes": [
    [
      0,
      2,
      4,
      18,
      5,
      1,
      3,
      8,
      14,
      16,
      0
    ],
    [
      0,
      15,
      10,
      9,
      19,
      13,
      7,
      17,
      11,
      12,
      6,
      20,
      0
    ]
  ],
  "metrics_initial": {
    "vehicles_used": 2,
    "total_distance_km": 649.4700000000001,
    "cost_distance": 649.4700000000001,
    "cost_time": 772.7199999999999,
    "vehicle_cost": 1800.0,
    "waiting_E": 192.59,
    "horizon_excess_E": 0.0,
    "makespan_E": 413.61999999999995,
    "sum_route_time_E": 772.7199999999999,
    "avg_route_time_E": 386.35999999999996
  },
  "metrics_best": {
    "vehicles_used": 2,
    "total_distance_km": 592.3,
    "cost_distance": 592.3,
    "cost_time": 677.28,
    "vehicle_cost": 1800.0,
    "waiting_E": 127.33000000000003,
    "horizon_excess_E": 0.0,
    "makespan_E": 342.14000000000004,
    "sum_route_time_E": 677.28,
    "avg_route_time_E": 338.64
  },
  "metrics_delta": {
    "vehicles_used": 0,
    "total_distance_km": -57.170000000000186,
    "cost_distance": -57.170000000000186,
    "cost_time": -95.43999999999994,
    "vehicle_cost": 0.0,
    "waiting_E": -65.25999999999998,
    "horizon_excess_E": 0.0,
    "makespan_E": -71.4799999999999,
    "sum_route_time_E": -95.43999999999994,
    "avg_route_time_E": -47.71999999999997
  },
  "process": {
    "runtime_seconds": 15.724966049194336,
    "epochs": 90,
    "accepted_moves": 26861,
    "improving_moves": 7907,
    "rejected_window_E_moves": 48403,
    "rejected_window_P_moves": 50227,
    "rejected_window_both_moves": 47105
  },
  "trace_improvements": [
    [
      0,
      3222.19
    ],
    [
      65,
      3192.0499999999997
    ],
    [
      70,
      3159.26
    ],
    [
      71,
      3115.58
    ],
    [
      72,
      3080.69
    ],
    [
      73,
      3075.1799999999994
    ],
    [
      84,
      3071.63
    ],
    [
      86,
      3069.58
    ]
  ]
}