{
  "parameters": {
    "dataset": "app_final_40_very_loose",
    "t_max": 1000.0,
    "t_min": 10.0,
    "alpha": 0.9,
    "iters_per_T": 1000,
    "neighborhood": "mixed",
    "day_horizon": 600,
    "time_weight": 1.0
  },
  "initial_cost": 4057.98,
  "best_cost": 3858.0400000000004,
  "improvement_pct": 0.04927081947175679,
  "best_routes": [
    [
      0,
      32,
      8,
      5,
      21,
      6,
      26,
      33,
      38,
      35,
      25,
      31,
      24,
      20,
      3,
      37,
      7,
      2,
      36,
      17,
      10,
      23,
      0
    ],
    [
      0,
      22,
      14,
      39,
      12,
      1,
      34,
      11,
      9,
      27,
      16,
      29,
      19,
      28,
      4,
      13,
      30,
      15,
      18,
      40,
      0
    ]
  ],
  "metrics_initial": {
    "vehicles_used": 2,
    "total_distance_km": 1132.81,
    "cost_distance": 1132.81,
    "cost_time": 1125.17,
    "vehicle_cost": 1800.0,
    "waiting_E": 120.92999999999999,
    "horizon_excess_E": 0.0,
    "makespan_E": 578.77,
    "sum_route_time_E": 1125.17,
    "avg_route_time_E": 562.585
  },
  "metrics_best": {
    "vehicles_used": 2,
    "total_distance_km": 1042.22,
    "cost_distance": 1042.22,
    "cost_time": 1015.8200000000002,
    "vehicle_cost": 1800.0,
    "waiting_E": 47.249999999999986,
    "horizon_excess_E": 0.0,
    "makespan_E": 557.6200000000001,
    "sum_route_time_E": 1015.8200000000002,
    "avg_route_time_E": 507.9100000000001
  },
  "metrics_delta": {
    "vehicles_used": 0,
    "total_distance_km": -90.58999999999992,
    "cost_distance": -90.58999999999992,
    "cost_time": -109.34999999999991,
    "vehicle_cost": 0.0,
    "waiting_E": -73.68,
    "horizon_excess_E": 0.0,
    "makespan_E": -21.149999999999864,
    "sum_route_time_E": -109.34999999999991,
    "avg_route_time_E": -54.674999999999955
  },
  "process": {
    "runtime_seconds": 9.273139953613281,
    "epochs": 44,
    "accepted_moves": 6247,
    "improving_moves": 1535,
    "rejected_window_E_moves": 36060,
    "rejected_window_P_moves": 35017,
    "rejected_window_both_moves": 34296
  },
  "trace_improvements": [
    [
      0,
      3923.52
    ],
    [
      37,
      3917.2599999999993
    ],
    [
      42,
      3886.4100000000008
    ],
    [
      43,
      3858.0400000000004
    ]
  ]
}