{
  "parameters": {
    "dataset": "app_final_20_very_loose",
    "t_max": 1000.0,
    "t_min": 10.0,
    "alpha": 0.6,
    "iters_per_T": 1000,
    "neighborhood": "mixed",
    "day_horizon": 600,
    "time_weight": 1.0
  },
  "initial_cost": 3222.19,
  "best_cost": 3099.1600000000003,
  "improvement_pct": 0.03818210595899055,
  "best_routes": [
    [
      0,
      10,
      9,
      2,
      4,
      3,
      5,
      1,
      8,
      14,
      16,
      0
    ],
    [
      0,
      20,
      19,
      18,
      13,
      7,
      17,
      11,
      12,
      6,
      15,
      0
    ]
  ],
  "metrics_initial": {
    "vehicles_used": 2,
    "total_distance_km": 649.4700000000001,
    "cost_distance": 649.4700000000001,
    "cost_time": 772.7199999999999,
    "vehicle_cost": 1800.0,
    "waiting_E": 192.59,
    "horizon_excess_E": 0.0,
    "makespan_E": 413.61999999999995,
    "sum_route_time_E": 772.7199999999999,
    "avg_route_time_E": 386.35999999999996
  },
  "metrics_best": {
    "vehicles_used": 2,
    "total_distance_km": 600.3000000000001,
    "cost_distance": 600.3000000000001,
    "cost_time": 698.86,
    "vehicle_cost": 1800.0,
    "waiting_E": 150.21,
    "horizon_excess_E": 0.0,
    "makespan_E": 359.09999999999997,
    "sum_route_time_E": 698.86,
    "avg_route_time_E": 349.43
  },
  "metrics_delta": {
    "vehicles_used": 0,
    "total_distance_km": -49.17000000000007,
    "cost_distance": -49.17000000000007,
    "cost_time": -73.8599999999999,
    "vehicle_cost": 0.0,
    "waiting_E": -42.379999999999995,
    "horizon_excess_E": 0.0,
    "makespan_E": -54.51999999999998,
    "sum_route_time_E": -73.8599999999999,
    "avg_route_time_E": -36.92999999999995
  },
  "process": {
    "runtime_seconds": 1.7570738792419434,
    "epochs": 10,
    "accepted_moves": 2861,
    "improving_moves": 814,
    "rejected_window_E_moves": 5627,
    "rejected_window_P_moves": 5786,
    "rejected_window_both_moves": 5479
  },
  "trace_improvements": [
    [
      0,
      3222.19
    ],
    [
      8,
      3176.7700000000004
    ],
    [
      9,
      3099.1600000000003
    ]
  ]
}