{
  "parameters": {
    "dataset": "app_final_120_medium",
    "t_max": 1000.0,
    "t_min": 10.0,
    "alpha": 0.95,
    "iters_per_T": 1000,
    "neighborhood": "mixed",
    "day_horizon": 600,
    "time_weight": 1.0
  },
  "initial_cost": 13892.869999999999,
  "best_cost": 12709.05,
  "improvement_pct": 0.08521061522925068,
  "best_routes": [
    [
      0,
      105,
      40,
      64,
      31,
      25,
      112,
      95,
      120,
      92,
      89,
      1,
      65,
      18,
      39,
      80,
      116,
      0
    ],
    [
      0,
      43,
      54,
      96,
      66,
      114,
      115,
      3,
      9,
      15,
      118,
      84,
      79,
      35,
      104,
      91,
      85,
      67,
      68,
      55,
      0
    ],
    [
      0,
      82,
      117,
      90,
      59,
      51,
      26,
      74,
      12,
      37,
      109,
      22,
      101,
      46,
      103,
      0
    ],
    [
      0,
      62,
      5,
      45,
      78,
      97,
      81,
      52,
      70,
      111,
      93,
      36,
      83,
      6,
      99,
      16,
      33,
      27,
      94,
      75,
      24,
      107,
      41,
      0
    ],
    [
      0,
      53,
      10,
      102,
      71,
      48,
      87,
      13,
      50,
      8,
      108,
      32,
      7,
      61,
      20,
      98,
      110,
      63,
      0
    ],
    [
      0,
      56,
      100,
      73,
      60,
      34,
      44,
      4,
      30,
      23,
      86,
      49,
      119,
      76,
      0
    ],
    [
      0,
      28,
      2,
      21,
      58,
      29,
      106,
      88,
      19,
      47,
      38,
      57,
      77,
      42,
      14,
      72,
      11,
      113,
      69,
      17,
      0
    ]
  ],
  "metrics_initial": {
    "vehicles_used": 7,
    "total_distance_km": 3814.1899999999996,
    "cost_distance": 3814.1899999999996,
    "cost_time": 3778.6800000000003,
    "vehicle_cost": 6300.0,
    "waiting_E": 367.19000000000005,
    "horizon_excess_E": 0.0,
    "makespan_E": 585.98,
    "sum_route_time_E": 3778.6800000000003,
    "avg_route_time_E": 539.8114285714286
  },
  "metrics_best": {
    "vehicles_used": 7,
    "total_distance_km": 2897.5699999999993,
    "cost_distance": 2897.5699999999993,
    "cost_time": 3511.48,
    "vehicle_cost": 6300.0,
    "waiting_E": 858.44,
    "horizon_excess_E": 0.0,
    "makespan_E": 546.4,
    "sum_route_time_E": 3511.48,
    "avg_route_time_E": 501.64
  },
  "metrics_delta": {
    "vehicles_used": 0,
    "total_distance_km": -916.6200000000003,
    "cost_distance": -916.6200000000003,
    "cost_time": -267.2000000000003,
    "vehicle_cost": 0.0,
    "waiting_E": 491.25,
    "horizon_excess_E": 0.0,
    "makespan_E": -39.58000000000004,
    "sum_route_time_E": -267.2000000000003,
    "avg_route_time_E": -38.17142857142858
  },
  "process": {
    "runtime_seconds": 58.862555265426636,
    "epochs": 90,
    "accepted_moves": 11119,
    "improving_moves": 2251,
    "rejected_window_E_moves": 76254,
    "rejected_window_P_moves": 76088,
    "rejected_window_both_moves": 75049
  },
  "trace_improvements": [
    [
      0,
      13892.869999999999
    ],
    [
      59,
      13683.36
    ],
    [
      67,
      13612.3
    ],
    [
      70,
      13591.489999999998
    ],
    [
      71,
      13589.37
    ],
    [
      72,
      13441.97
    ],
    [
      73,
      13360.59
    ],
    [
      74,
      13297.97
    ],
    [
      78,
      13173.600000000002
    ],
    [
      79,
      13080.649999999998
    ],
    [
      80,
      12946.069999999998
    ],
    [
      82,
      12930.289999999997
    ],
    [
      83,
      12895.329999999998
    ],
    [
      84,
      12889.11
    ],
    [
      86,
      12839.07
    ],
    [
      87,
      12830.509999999998
    ],
    [
      89,
      12709.05
    ]
  ]
}