{
  "parameters": {
    "dataset": "app_final_80_very_loose",
    "t_max": 1000.0,
    "t_min": 10.0,
    "alpha": 0.95,
    "iters_per_T": 1000,
    "neighborhood": "mixed",
    "day_horizon": 600,
    "time_weight": 1.0
  },
  "initial_cost": 6154.709999999999,
  "best_cost": 5749.89,
  "improvement_pct": 0.06577401697236732,
  "best_routes": [
    [
      0,
      11,
      47,
      7,
      29,
      1,
      37,
      46,
      41,
      58,
      49,
      34,
      61,
      60,
      54,
      39,
      51,
      18,
      56,
      13,
      26,
      21,
      57,
      73,
      38,
      72,
      9,
      6,
      0
    ],
    [
      0,
      5,
      63,
      70,
      17,
      19,
      27,
      42,
      23,
      33,
      66,
      78,
      55,
      28,
      20,
      16,
      59,
      14,
      45,
      48,
      2,
      68,
      75,
      74,
      15,
      62,
      22,
      67,
      8,
      32,
      76,
      0
    ],
    [
      0,
      40,
      35,
      25,
      52,
      36,
      43,
      4,
      44,
      24,
      53,
      50,
      65,
      3,
      10,
      31,
      30,
      12,
      69,
      64,
      71,
      79,
      77,
      80,
      0
    ]
  ],
  "metrics_initial": {
    "vehicles_used": 3,
    "total_distance_km": 1864.99,
    "cost_distance": 1864.99,
    "cost_time": 1589.7199999999998,
    "vehicle_cost": 2700.0,
    "waiting_E": 20.30000000000001,
    "horizon_excess_E": 0.0,
    "makespan_E": 596.4899999999999,
    "sum_route_time_E": 1589.7199999999998,
    "avg_route_time_E": 529.9066666666666
  },
  "metrics_best": {
    "vehicles_used": 3,
    "total_distance_km": 1610.7600000000002,
    "cost_distance": 1610.7600000000002,
    "cost_time": 1439.13,
    "vehicle_cost": 2700.0,
    "waiting_E": 61.03999999999999,
    "horizon_excess_E": 0.0,
    "makespan_E": 510.83000000000004,
    "sum_route_time_E": 1439.13,
    "avg_route_time_E": 479.71000000000004
  },
  "metrics_delta": {
    "vehicles_used": 0,
    "total_distance_km": -254.2299999999998,
    "cost_distance": -254.2299999999998,
    "cost_time": -150.5899999999997,
    "vehicle_cost": 0.0,
    "waiting_E": 40.73999999999998,
    "horizon_excess_E": 0.0,
    "makespan_E": -85.65999999999985,
    "sum_route_time_E": -150.5899999999997,
    "avg_route_time_E": -50.1966666666666
  },
  "process": {
    "runtime_seconds": 34.244794845581055,
    "epochs": 90,
    "accepted_moves": 9335,
    "improving_moves": 2218,
    "rejected_window_E_moves": 78217,
    "rejected_window_P_moves": 76050,
    "rejected_window_both_moves": 74960
  },
  "trace_improvements": [
    [
      0,
      6154.709999999999
    ],
    [
      63,
      6124.27
    ],
    [
      70,
      6007.72
    ],
    [
      78,
      5981.62
    ],
    [
      80,
      5968.780000000001
    ],
    [
      82,
      5915.7
    ],
    [
      85,
      5831.459999999999
    ],
    [
      88,
      5783.42
    ],
    [
      89,
      5749.89
    ]
  ]
}