{
  "parameters": {
    "dataset": "app_final_120_tight",
    "t_max": 1000.0,
    "t_min": 10.0,
    "alpha": 0.7,
    "iters_per_T": 1000,
    "neighborhood": "mixed",
    "day_horizon": 600,
    "time_weight": 1.0
  },
  "initial_cost": 15820.490000000003,
  "best_cost": 15648.96,
  "improvement_pct": 0.010842268475881864,
  "best_routes": [
    [
      0,
      38,
      102,
      11,
      29,
      92,
      14,
      26,
      13,
      51,
      116,
      8,
      65,
      103,
      2,
      7,
      110,
      63,
      12,
      101,
      117,
      22,
      94,
      0
    ],
    [
      0,
      74,
      109,
      36,
      48,
      86,
      1,
      33,
      75,
      40,
      30,
      10,
      47,
      16,
      105,
      27,
      72,
      106,
      97,
      77,
      44,
      5,
      0
    ],
    [
      0,
      53,
      67,
      91,
      21,
      45,
      81,
      52,
      35,
      0
    ],
    [
      0,
      32,
      69,
      3,
      62,
      73,
      100,
      49,
      20,
      112,
      37,
      114,
      120,
      24,
      23,
      9,
      83,
      46,
      119,
      0
    ],
    [
      0,
      41,
      93,
      70,
      79,
      76,
      43,
      19,
      115,
      107,
      17,
      15,
      98,
      84,
      89,
      39,
      90,
      0
    ],
    [
      0,
      118,
      88,
      61,
      25,
      56,
      71,
      80,
      113,
      108,
      34,
      66,
      28,
      58,
      50,
      55,
      95,
      6,
      31,
      0
    ],
    [
      0,
      59,
      82,
      18,
      68,
      54,
      104,
      111,
      4,
      57,
      96,
      42,
      0
    ],
    [
      0,
      85,
      64,
      60,
      78,
      87,
      99,
      0
    ]
  ],
  "metrics_initial": {
    "vehicles_used": 8,
    "total_distance_km": 4535.980000000002,
    "cost_distance": 4535.980000000002,
    "cost_time": 4084.5100000000007,
    "vehicle_cost": 7200.0,
    "waiting_E": 389.52,
    "horizon_excess_E": 0.0,
    "makespan_E": 599.3900000000001,
    "sum_route_time_E": 4084.5100000000007,
    "avg_route_time_E": 510.5637500000001
  },
  "metrics_best": {
    "vehicles_used": 8,
    "total_distance_km": 4278.089999999998,
    "cost_distance": 4278.089999999998,
    "cost_time": 4170.87,
    "vehicle_cost": 7200.0,
    "waiting_E": 668.37,
    "horizon_excess_E": 0.0,
    "makespan_E": 595.99,
    "sum_route_time_E": 4170.87,
    "avg_route_time_E": 521.35875
  },
  "metrics_delta": {
    "vehicles_used": 0,
    "total_distance_km": -257.89000000000397,
    "cost_distance": -257.89000000000397,
    "cost_time": 86.35999999999922,
    "vehicle_cost": 0.0,
    "waiting_E": 278.85,
    "horizon_excess_E": 0.0,
    "makespan_E": -3.400000000000091,
    "sum_route_time_E": 86.35999999999922,
    "avg_route_time_E": 10.794999999999902
  },
  "process": {
    "runtime_seconds": 9.571451663970947,
    "epochs": 13,
    "accepted_moves": 1594,
    "improving_moves": 237,
    "rejected_window_E_moves": 11208,
    "rejected_window_P_moves": 11283,
    "rejected_window_both_moves": 11169
  },
  "trace_improvements": [
    [
      0,
      15684.410000000003
    ],
    [
      2,
      15648.96
    ]
  ]
}