{
  "parameters": {
    "dataset": "app_final_80_very_loose",
    "t_max": 1000.0,
    "t_min": 10.0,
    "alpha": 0.6,
    "iters_per_T": 1000,
    "neighborhood": "mixed",
    "day_horizon": 600,
    "time_weight": 1.0
  },
  "initial_cost": 6154.709999999999,
  "best_cost": 5962.08,
  "improvement_pct": 0.031297981545840375,
  "best_routes": [
    [
      0,
      43,
      44,
      7,
      24,
      53,
      37,
      1,
      29,
      46,
      42,
      54,
      20,
      55,
      16,
      78,
      14,
      61,
      45,
      34,
      2,
      73,
      38,
      80,
      79,
      13,
      56,
      51,
      64,
      77,
      0
    ],
    [
      0,
      40,
      5,
      63,
      70,
      17,
      39,
      18,
      28,
      59,
      66,
      33,
      58,
      22,
      49,
      62,
      74,
      15,
      21,
      26,
      57,
      67,
      32,
      76,
      8,
      65,
      72,
      10,
      0
    ],
    [
      0,
      11,
      3,
      50,
      25,
      47,
      35,
      36,
      52,
      4,
      75,
      68,
      48,
      41,
      60,
      23,
      71,
      69,
      31,
      19,
      12,
      27,
      30,
      9,
      6,
      0
    ]
  ],
  "metrics_initial": {
    "vehicles_used": 3,
    "total_distance_km": 1864.99,
    "cost_distance": 1864.99,
    "cost_time": 1589.7199999999998,
    "vehicle_cost": 2700.0,
    "waiting_E": 20.30000000000001,
    "horizon_excess_E": 0.0,
    "makespan_E": 596.4899999999999,
    "sum_route_time_E": 1589.7199999999998,
    "avg_route_time_E": 529.9066666666666
  },
  "metrics_best": {
    "vehicles_used": 3,
    "total_distance_km": 1734.4300000000003,
    "cost_distance": 1734.4300000000003,
    "cost_time": 1527.6499999999999,
    "vehicle_cost": 2700.0,
    "waiting_E": 37.90000000000002,
    "horizon_excess_E": 0.0,
    "makespan_E": 549.1099999999999,
    "sum_route_time_E": 1527.6499999999999,
    "avg_route_time_E": 509.21666666666664
  },
  "metrics_delta": {
    "vehicles_used": 0,
    "total_distance_km": -130.55999999999972,
    "cost_distance": -130.55999999999972,
    "cost_time": -62.069999999999936,
    "vehicle_cost": 0.0,
    "waiting_E": 17.60000000000001,
    "horizon_excess_E": 0.0,
    "makespan_E": -47.379999999999995,
    "sum_route_time_E": -62.069999999999936,
    "avg_route_time_E": -20.689999999999998
  },
  "process": {
    "runtime_seconds": 3.7817535400390625,
    "epochs": 10,
    "accepted_moves": 939,
    "improving_moves": 184,
    "rejected_window_E_moves": 8826,
    "rejected_window_P_moves": 8699,
    "rejected_window_both_moves": 8613
  },
  "trace_improvements": [
    [
      0,
      6133.360000000001
    ],
    [
      7,
      6122.3099999999995
    ],
    [
      8,
      6031.780000000001
    ],
    [
      9,
      5962.08
    ]
  ]
}