{
  "parameters": {
    "dataset": "app_final_200_medium",
    "t_max": 1000.0,
    "t_min": 10.0,
    "alpha": 0.6,
    "iters_per_T": 1000,
    "neighborhood": "mixed",
    "day_horizon": 600,
    "time_weight": 1.0
  },
  "initial_cost": 16855.43,
  "best_cost": 16816.659999999996,
  "improvement_pct": 0.002300148972764508,
  "best_routes": [
    [
      0,
      184,
      73,
      130,
      4,
      94,
      182,
      26,
      61,
      64,
      100,
      76,
      145,
      142,
      117,
      104,
      183,
      137,
      81,
      12,
      136,
      66,
      169,
      106,
      126,
      72,
      56,
      63,
      31,
      96,
      113,
      84,
      9,
      55,
      39,
      132,
      120,
      85,
      124,
      193,
      147,
      151,
      47,
      20,
      164,
      154,
      0
    ],
    [
      0,
      111,
      195,
      166,
      179,
      115,
      139,
      27,
      165,
      159,
      7,
      70,
      119,
      24,
      150,
      98,
      29,
      153,
      112,
      160,
      128,
      38,
      45,
      0
    ],
    [
      0,
      28,
      171,
      177,
      10,
      86,
      83,
      192,
      34,
      6,
      140,
      190,
      23,
      125,
      35,
      49,
      11,
      68,
      51,
      186,
      21,
      181,
      131,
      37,
      199,
      103,
      92,
      0
    ],
    [
      0,
      77,
      138,
      162,
      88,
      15,
      157,
      198,
      122,
      108,
      155,
      127,
      129,
      105,
      89,
      60,
      50,
      40,
      57,
      19,
      22,
      42,
      13,
      0
    ],
    [
      0,
      174,
      102,
      30,
      114,
      143,
      8,
      135,
      173,
      33,
      187,
      152,
      58,
      14,
      116,
      74,
      189,
      79,
      194,
      172,
      5,
      168,
      156,
      200,
      32,
      0
    ],
    [
      0,
      36,
      65,
      133,
      67,
      118,
      2,
      188,
      141,
      41,
      123,
      82,
      158,
      161,
      80,
      44,
      18,
      78,
      109,
      46,
      93,
      53,
      95,
      62,
      110,
      144,
      90,
      69,
      75,
      191,
      0
    ],
    [
      0,
      197,
      43,
      54,
      52,
      196,
      146,
      134,
      16,
      48,
      163,
      1,
      59,
      167,
      178,
      17,
      91,
      0
    ],
    [
      0,
      180,
      176,
      3,
      99,
      121,
      170,
      185,
      101,
      175,
      148,
      71,
      107,
      87,
      97,
      25,
      149,
      0
    ]
  ],
  "metrics_initial": {
    "vehicles_used": 8,
    "total_distance_km": 5197.43,
    "cost_distance": 5197.43,
    "cost_time": 4458.0,
    "vehicle_cost": 7200.0,
    "waiting_E": 506.91999999999996,
    "horizon_excess_E": 0.0,
    "makespan_E": 597.09,
    "sum_route_time_E": 4458.0,
    "avg_route_time_E": 557.25
  },
  "metrics_best": {
    "vehicles_used": 8,
    "total_distance_km": 5140.449999999997,
    "cost_distance": 5140.449999999997,
    "cost_time": 4476.21,
    "vehicle_cost": 7200.0,
    "waiting_E": 460.34,
    "horizon_excess_E": 0.0,
    "makespan_E": 598.84,
    "sum_route_time_E": 4476.21,
    "avg_route_time_E": 559.52625
  },
  "metrics_delta": {
    "vehicles_used": 0,
    "total_distance_km": -56.9800000000032,
    "cost_distance": -56.9800000000032,
    "cost_time": 18.210000000000036,
    "vehicle_cost": 0.0,
    "waiting_E": -46.579999999999984,
    "horizon_excess_E": 0.0,
    "makespan_E": 1.75,
    "sum_route_time_E": 18.210000000000036,
    "avg_route_time_E": 2.2762500000000045
  },
  "process": {
    "runtime_seconds": 11.03423261642456,
    "epochs": 10,
    "accepted_moves": 889,
    "improving_moves": 139,
    "rejected_window_E_moves": 8990,
    "rejected_window_P_moves": 8896,
    "rejected_window_both_moves": 8805
  },
  "trace_improvements": [
    [
      0,
      16855.43
    ],
    [
      9,
      16816.659999999996
    ]
  ]
}