{
  "parameters": {
    "dataset": "app_final_120_loose",
    "t_max": 1000.0,
    "t_min": 10.0,
    "alpha": 0.95,
    "iters_per_T": 1000,
    "neighborhood": "mixed",
    "day_horizon": 600,
    "time_weight": 1.0
  },
  "initial_cost": 7944.5599999999995,
  "best_cost": 7882.969999999999,
  "improvement_pct": 0.007752474649319805,
  "best_routes": [
    [
      0,
      95,
      109,
      43,
      69,
      102,
      75,
      64,
      47,
      40,
      55,
      111,
      11,
      74,
      15,
      8,
      76,
      118,
      87,
      3,
      38,
      81,
      17,
      100,
      73,
      24,
      86,
      14,
      34,
      26,
      83,
      6,
      19,
      0
    ],
    [
      0,
      68,
      84,
      80,
      120,
      70,
      108,
      63,
      103,
      106,
      10,
      66,
      101,
      16,
      85,
      4,
      93,
      42,
      57,
      46,
      99,
      28,
      27,
      5,
      98,
      104,
      54,
      0
    ],
    [
      0,
      91,
      9,
      51,
      13,
      79,
      18,
      29,
      114,
      7,
      39,
      78,
      71,
      72,
      113,
      58,
      30,
      67,
      48,
      25,
      90,
      1,
      50,
      31,
      61,
      116,
      2,
      53,
      44,
      107,
      52,
      12,
      62,
      119,
      36,
      77,
      33,
      0
    ],
    [
      0,
      89,
      110,
      88,
      115,
      35,
      41,
      21,
      22,
      112,
      20,
      82,
      117,
      97,
      32,
      92,
      105,
      59,
      23,
      94,
      60,
      56,
      37,
      45,
      49,
      96,
      65,
      0
    ]
  ],
  "metrics_initial": {
    "vehicles_used": 4,
    "total_distance_km": 2222.48,
    "cost_distance": 2222.48,
    "cost_time": 2122.08,
    "vehicle_cost": 3600.0,
    "waiting_E": 105.83999999999997,
    "horizon_excess_E": 0.0,
    "makespan_E": 599.2300000000001,
    "sum_route_time_E": 2122.08,
    "avg_route_time_E": 530.52
  },
  "metrics_best": {
    "vehicles_used": 4,
    "total_distance_km": 2189.91,
    "cost_distance": 2189.91,
    "cost_time": 2093.06,
    "vehicle_cost": 3600.0,
    "waiting_E": 127.67,
    "horizon_excess_E": 0.0,
    "makespan_E": 561.7200000000001,
    "sum_route_time_E": 2093.06,
    "avg_route_time_E": 523.265
  },
  "metrics_delta": {
    "vehicles_used": 0,
    "total_distance_km": -32.570000000000164,
    "cost_distance": -32.570000000000164,
    "cost_time": -29.019999999999982,
    "vehicle_cost": 0.0,
    "waiting_E": 21.830000000000027,
    "horizon_excess_E": 0.0,
    "makespan_E": -37.50999999999999,
    "sum_route_time_E": -29.019999999999982,
    "avg_route_time_E": -7.2549999999999955
  },
  "process": {
    "runtime_seconds": 55.48050570487976,
    "epochs": 90,
    "accepted_moves": 6789,
    "improving_moves": 1198,
    "rejected_window_E_moves": 81802,
    "rejected_window_P_moves": 80708,
    "rejected_window_both_moves": 79911
  },
  "trace_improvements": [
    [
      0,
      7944.5599999999995
    ],
    [
      88,
      7886.860000000001
    ],
    [
      89,
      7882.969999999999
    ]
  ]
}