{
  "parameters": {
    "dataset": "app_final_40_medium",
    "t_max": 1000.0,
    "t_min": 10.0,
    "alpha": 0.7,
    "iters_per_T": 1000,
    "neighborhood": "mixed",
    "day_horizon": 600,
    "time_weight": 1.0
  },
  "initial_cost": 6085.45,
  "best_cost": 5699.01,
  "improvement_pct": 0.06350228824491198,
  "best_routes": [
    [
      0,
      11,
      5,
      17,
      39,
      12,
      35,
      32,
      7,
      23,
      29,
      18,
      10,
      9,
      0
    ],
    [
      0,
      30,
      13,
      16,
      37,
      36,
      3,
      40,
      31,
      24,
      6,
      4,
      34,
      2,
      25,
      38,
      21,
      0
    ],
    [
      0,
      33,
      27,
      28,
      1,
      14,
      26,
      22,
      19,
      20,
      15,
      8,
      0
    ]
  ],
  "metrics_initial": {
    "vehicles_used": 3,
    "total_distance_km": 1722.8400000000004,
    "cost_distance": 1722.8400000000004,
    "cost_time": 1662.61,
    "vehicle_cost": 2700.0,
    "waiting_E": 126.65,
    "horizon_excess_E": 0.0,
    "makespan_E": 589.23,
    "sum_route_time_E": 1662.61,
    "avg_route_time_E": 554.2033333333333
  },
  "metrics_best": {
    "vehicles_used": 3,
    "total_distance_km": 1443.2599999999998,
    "cost_distance": 1443.2599999999998,
    "cost_time": 1555.75,
    "vehicle_cost": 2700.0,
    "waiting_E": 193.04000000000002,
    "horizon_excess_E": 0.0,
    "makespan_E": 569.97,
    "sum_route_time_E": 1555.75,
    "avg_route_time_E": 518.5833333333334
  },
  "metrics_delta": {
    "vehicles_used": 0,
    "total_distance_km": -279.5800000000006,
    "cost_distance": -279.5800000000006,
    "cost_time": -106.8599999999999,
    "vehicle_cost": 0.0,
    "waiting_E": 66.39000000000001,
    "horizon_excess_E": 0.0,
    "makespan_E": -19.25999999999999,
    "sum_route_time_E": -106.8599999999999,
    "avg_route_time_E": -35.61999999999989
  },
  "process": {
    "runtime_seconds": 3.088958978652954,
    "epochs": 13,
    "accepted_moves": 1853,
    "improving_moves": 348,
    "rejected_window_E_moves": 10842,
    "rejected_window_P_moves": 10905,
    "rejected_window_both_moves": 10713
  },
  "trace_improvements": [
    [
      0,
      5972.65
    ],
    [
      4,
      5917.93
    ],
    [
      5,
      5887.03
    ],
    [
      6,
      5751.14
    ],
    [
      10,
      5699.01
    ]
  ]
}