{
  "parameters": {
    "dataset": "app_final_200_medium",
    "t_max": 1000.0,
    "t_min": 10.0,
    "alpha": 0.95,
    "iters_per_T": 1000,
    "neighborhood": "mixed",
    "day_horizon": 600,
    "time_weight": 1.0
  },
  "initial_cost": 16855.43,
  "best_cost": 16216.28,
  "improvement_pct": 0.03791953097607119,
  "best_routes": [
    [
      0,
      133,
      4,
      94,
      182,
      26,
      61,
      64,
      67,
      142,
      117,
      104,
      81,
      183,
      137,
      146,
      123,
      136,
      66,
      57,
      9,
      132,
      19,
      194,
      0
    ],
    [
      0,
      185,
      180,
      10,
      166,
      78,
      87,
      38,
      198,
      181,
      109,
      59,
      199,
      149,
      103,
      154,
      164,
      124,
      0
    ],
    [
      0,
      83,
      134,
      162,
      88,
      3,
      121,
      176,
      170,
      122,
      140,
      189,
      74,
      125,
      6,
      35,
      14,
      55,
      152,
      39,
      187,
      84,
      96,
      22,
      167,
      53,
      25,
      37,
      46,
      85,
      0
    ],
    [
      0,
      192,
      184,
      173,
      36,
      171,
      28,
      65,
      135,
      8,
      118,
      175,
      101,
      139,
      145,
      148,
      76,
      70,
      155,
      126,
      93,
      188,
      159,
      31,
      7,
      51,
      119,
      5,
      68,
      107,
      11,
      63,
      50,
      40,
      113,
      75,
      92,
      0
    ],
    [
      0,
      102,
      130,
      111,
      195,
      114,
      161,
      58,
      116,
      23,
      190,
      200,
      32,
      13,
      42,
      24,
      160,
      98,
      147,
      47,
      193,
      97,
      0
    ],
    [
      0,
      177,
      34,
      73,
      174,
      197,
      71,
      127,
      82,
      165,
      27,
      44,
      80,
      18,
      129,
      49,
      90,
      89,
      17,
      144,
      105,
      60,
      91,
      69,
      191,
      0
    ],
    [
      0,
      86,
      15,
      77,
      41,
      43,
      54,
      2,
      30,
      115,
      141,
      138,
      12,
      108,
      16,
      48,
      163,
      99,
      150,
      156,
      1,
      56,
      95,
      72,
      106,
      178,
      169,
      110,
      62,
      0
    ],
    [
      0,
      196,
      179,
      52,
      143,
      158,
      100,
      33,
      79,
      120,
      172,
      157,
      168,
      186,
      131,
      21,
      29,
      153,
      128,
      112,
      151,
      20,
      45,
      0
    ]
  ],
  "metrics_initial": {
    "vehicles_used": 8,
    "total_distance_km": 5197.43,
    "cost_distance": 5197.43,
    "cost_time": 4458.0,
    "vehicle_cost": 7200.0,
    "waiting_E": 506.91999999999996,
    "horizon_excess_E": 0.0,
    "makespan_E": 597.09,
    "sum_route_time_E": 4458.0,
    "avg_route_time_E": 557.25
  },
  "metrics_best": {
    "vehicles_used": 8,
    "total_distance_km": 4735.999999999999,
    "cost_distance": 4735.999999999999,
    "cost_time": 4280.280000000001,
    "vehicle_cost": 7200.0,
    "waiting_E": 515.7,
    "horizon_excess_E": 0.0,
    "makespan_E": 576.26,
    "sum_route_time_E": 4280.280000000001,
    "avg_route_time_E": 535.0350000000001
  },
  "metrics_delta": {
    "vehicles_used": 0,
    "total_distance_km": -461.4300000000012,
    "cost_distance": -461.4300000000012,
    "cost_time": -177.71999999999935,
    "vehicle_cost": 0.0,
    "waiting_E": 8.780000000000086,
    "horizon_excess_E": 0.0,
    "makespan_E": -20.83000000000004,
    "sum_route_time_E": -177.71999999999935,
    "avg_route_time_E": -22.214999999999918
  },
  "process": {
    "runtime_seconds": 100.268146276474,
    "epochs": 90,
    "accepted_moves": 7974,
    "improving_moves": 1503,
    "rejected_window_E_moves": 80813,
    "rejected_window_P_moves": 80340,
    "rejected_window_both_moves": 79578
  },
  "trace_improvements": [
    [
      0,
      16855.43
    ],
    [
      75,
      16799.98
    ],
    [
      76,
      16744.079999999998
    ],
    [
      77,
      16696.93
    ],
    [
      78,
      16645.85
    ],
    [
      79,
      16590.609999999997
    ],
    [
      82,
      16577.55
    ],
    [
      83,
      16506.319999999996
    ],
    [
      84,
      16437.739999999998
    ],
    [
      85,
      16433.64
    ],
    [
      87,
      16326.839999999997
    ],
    [
      88,
      16263.579999999996
    ],
    [
      89,
      16216.28
    ]
  ]
}