{
  "parameters": {
    "dataset": "app_final_20_medium",
    "t_max": 1000.0,
    "t_min": 10.0,
    "alpha": 0.9,
    "iters_per_T": 1000,
    "neighborhood": "mixed",
    "day_horizon": 600,
    "time_weight": 1.0
  },
  "initial_cost": 3758.7000000000003,
  "best_cost": 3623.6899999999996,
  "improvement_pct": 0.03591933381222249,
  "best_routes": [
    [
      0,
      15,
      5,
      3,
      9,
      16,
      8,
      6,
      19,
      18,
      12,
      14,
      4,
      0
    ],
    [
      0,
      17,
      13,
      1,
      20,
      11,
      2,
      10,
      7,
      0
    ]
  ],
  "metrics_initial": {
    "vehicles_used": 2,
    "total_distance_km": 917.1800000000001,
    "cost_distance": 917.1800000000001,
    "cost_time": 1041.52,
    "vehicle_cost": 1800.0,
    "waiting_E": 211.95,
    "horizon_excess_E": 0.0,
    "makespan_E": 585.08,
    "sum_route_time_E": 1041.52,
    "avg_route_time_E": 520.76
  },
  "metrics_best": {
    "vehicles_used": 2,
    "total_distance_km": 780.79,
    "cost_distance": 780.79,
    "cost_time": 1042.8999999999999,
    "vehicle_cost": 1800.0,
    "waiting_E": 348.49000000000007,
    "horizon_excess_E": 0.0,
    "makespan_E": 562.9499999999999,
    "sum_route_time_E": 1042.8999999999999,
    "avg_route_time_E": 521.4499999999999
  },
  "metrics_delta": {
    "vehicles_used": 0,
    "total_distance_km": -136.3900000000001,
    "cost_distance": -136.3900000000001,
    "cost_time": 1.3799999999998818,
    "vehicle_cost": 0.0,
    "waiting_E": 136.54000000000008,
    "horizon_excess_E": 0.0,
    "makespan_E": -22.13000000000011,
    "sum_route_time_E": 1.3799999999998818,
    "avg_route_time_E": 0.6899999999999409
  },
  "process": {
    "runtime_seconds": 6.650054216384888,
    "epochs": 44,
    "accepted_moves": 9024,
    "improving_moves": 1762,
    "rejected_window_E_moves": 33345,
    "rejected_window_P_moves": 32954,
    "rejected_window_both_moves": 32268
  },
  "trace_improvements": [
    [
      0,
      3758.7000000000003
    ],
    [
      24,
      3736.39
    ],
    [
      27,
      3722.39
    ],
    [
      31,
      3636.1
    ],
    [
      32,
      3623.6899999999996
    ]
  ]
}