{
  "parameters": {
    "dataset": "app_final_120_medium",
    "t_max": 1000.0,
    "t_min": 10.0,
    "alpha": 0.9,
    "iters_per_T": 1000,
    "neighborhood": "mixed",
    "day_horizon": 600,
    "time_weight": 1.0
  },
  "initial_cost": 13892.869999999999,
  "best_cost": 13427.000000000002,
  "improvement_pct": 0.03353302809282727,
  "best_routes": [
    [
      0,
      53,
      43,
      97,
      66,
      87,
      105,
      28,
      73,
      60,
      34,
      37,
      81,
      94,
      27,
      16,
      33,
      14,
      11,
      72,
      63,
      69,
      0
    ],
    [
      0,
      102,
      50,
      71,
      51,
      96,
      52,
      5,
      40,
      61,
      54,
      100,
      85,
      110,
      98,
      75,
      65,
      24,
      107,
      39,
      0
    ],
    [
      0,
      56,
      90,
      19,
      29,
      106,
      88,
      25,
      35,
      38,
      17,
      91,
      67,
      0
    ],
    [
      0,
      74,
      83,
      111,
      70,
      118,
      3,
      26,
      109,
      119,
      76,
      80,
      101,
      0
    ],
    [
      0,
      10,
      78,
      59,
      64,
      62,
      2,
      57,
      42,
      112,
      95,
      6,
      36,
      92,
      93,
      15,
      9,
      89,
      84,
      79,
      103,
      0
    ],
    [
      0,
      82,
      117,
      58,
      21,
      31,
      77,
      47,
      12,
      46,
      4,
      30,
      23,
      86,
      44,
      49,
      22,
      68,
      116,
      55,
      0
    ],
    [
      0,
      45,
      48,
      114,
      8,
      108,
      115,
      32,
      7,
      13,
      20,
      1,
      120,
      18,
      99,
      41,
      104,
      113,
      0
    ]
  ],
  "metrics_initial": {
    "vehicles_used": 7,
    "total_distance_km": 3814.1899999999996,
    "cost_distance": 3814.1899999999996,
    "cost_time": 3778.6800000000003,
    "vehicle_cost": 6300.0,
    "waiting_E": 367.19000000000005,
    "horizon_excess_E": 0.0,
    "makespan_E": 585.98,
    "sum_route_time_E": 3778.6800000000003,
    "avg_route_time_E": 539.8114285714286
  },
  "metrics_best": {
    "vehicles_used": 7,
    "total_distance_km": 3451.6500000000005,
    "cost_distance": 3451.6500000000005,
    "cost_time": 3675.35,
    "vehicle_cost": 6300.0,
    "waiting_E": 514.07,
    "horizon_excess_E": 0.0,
    "makespan_E": 560.7400000000001,
    "sum_route_time_E": 3675.35,
    "avg_route_time_E": 525.05
  },
  "metrics_delta": {
    "vehicles_used": 0,
    "total_distance_km": -362.53999999999905,
    "cost_distance": -362.53999999999905,
    "cost_time": -103.33000000000038,
    "vehicle_cost": 0.0,
    "waiting_E": 146.88,
    "horizon_excess_E": 0.0,
    "makespan_E": -25.239999999999895,
    "sum_route_time_E": -103.33000000000038,
    "avg_route_time_E": -14.76142857142861
  },
  "process": {
    "runtime_seconds": 28.65152645111084,
    "epochs": 44,
    "accepted_moves": 5212,
    "improving_moves": 1001,
    "rejected_window_E_moves": 37610,
    "rejected_window_P_moves": 37737,
    "rejected_window_both_moves": 37237
  },
  "trace_improvements": [
    [
      0,
      13844.619999999999
    ],
    [
      23,
      13841.340000000002
    ],
    [
      25,
      13798.39
    ],
    [
      29,
      13736.45
    ],
    [
      30,
      13653.979999999998
    ],
    [
      31,
      13652.380000000001
    ],
    [
      32,
      13636.729999999996
    ],
    [
      33,
      13616.269999999999
    ],
    [
      34,
      13459.199999999999
    ],
    [
      35,
      13427.000000000002
    ]
  ]
}