{
  "parameters": {
    "dataset": "app_final_120_tight",
    "t_max": 1000.0,
    "t_min": 10.0,
    "alpha": 0.9,
    "iters_per_T": 1000,
    "neighborhood": "mixed",
    "day_horizon": 600,
    "time_weight": 1.0
  },
  "initial_cost": 15820.490000000003,
  "best_cost": 15170.300000000001,
  "improvement_pct": 0.04109796852057061,
  "best_routes": [
    [
      0,
      11,
      26,
      29,
      64,
      14,
      20,
      37,
      54,
      30,
      34,
      17,
      2,
      110,
      55,
      63,
      42,
      117,
      22,
      0
    ],
    [
      0,
      85,
      38,
      102,
      118,
      61,
      75,
      33,
      1,
      86,
      40,
      8,
      10,
      16,
      105,
      81,
      52,
      35,
      15,
      0
    ],
    [
      0,
      32,
      18,
      91,
      67,
      53,
      21,
      78,
      71,
      120,
      83,
      7,
      0
    ],
    [
      0,
      59,
      74,
      69,
      108,
      43,
      4,
      116,
      28,
      66,
      111,
      44,
      5,
      0
    ],
    [
      0,
      76,
      79,
      93,
      70,
      68,
      88,
      49,
      47,
      87,
      73,
      107,
      65,
      114,
      12,
      77,
      101,
      95,
      6,
      94,
      0
    ],
    [
      0,
      25,
      36,
      41,
      80,
      113,
      27,
      72,
      97,
      103,
      46,
      119,
      0
    ],
    [
      0,
      82,
      109,
      48,
      45,
      56,
      104,
      100,
      96,
      99,
      39,
      24,
      90,
      84,
      89,
      0
    ],
    [
      0,
      60,
      62,
      92,
      3,
      51,
      13,
      112,
      115,
      19,
      57,
      106,
      9,
      23,
      98,
      50,
      58,
      31,
      0
    ]
  ],
  "metrics_initial": {
    "vehicles_used": 8,
    "total_distance_km": 4535.980000000002,
    "cost_distance": 4535.980000000002,
    "cost_time": 4084.5100000000007,
    "vehicle_cost": 7200.0,
    "waiting_E": 389.52,
    "horizon_excess_E": 0.0,
    "makespan_E": 599.3900000000001,
    "sum_route_time_E": 4084.5100000000007,
    "avg_route_time_E": 510.5637500000001
  },
  "metrics_best": {
    "vehicles_used": 8,
    "total_distance_km": 3915.060000000001,
    "cost_distance": 3915.060000000001,
    "cost_time": 4055.2400000000002,
    "vehicle_cost": 7200.0,
    "waiting_E": 879.4200000000001,
    "horizon_excess_E": 0.0,
    "makespan_E": 583.89,
    "sum_route_time_E": 4055.2400000000002,
    "avg_route_time_E": 506.90500000000003
  },
  "metrics_delta": {
    "vehicles_used": 0,
    "total_distance_km": -620.9200000000014,
    "cost_distance": -620.9200000000014,
    "cost_time": -29.270000000000437,
    "vehicle_cost": 0.0,
    "waiting_E": 489.9000000000001,
    "horizon_excess_E": 0.0,
    "makespan_E": -15.500000000000114,
    "sum_route_time_E": -29.270000000000437,
    "avg_route_time_E": -3.6587500000000546
  },
  "process": {
    "runtime_seconds": 30.032593965530396,
    "epochs": 44,
    "accepted_moves": 4889,
    "improving_moves": 674,
    "rejected_window_E_moves": 38375,
    "rejected_window_P_moves": 38651,
    "rejected_window_both_moves": 38227
  },
  "trace_improvements": [
    [
      0,
      15782.380000000001
    ],
    [
      1,
      15781.26
    ],
    [
      13,
      15779.920000000002
    ],
    [
      31,
      15646.48
    ],
    [
      32,
      15608.130000000001
    ],
    [
      34,
      15590.670000000002
    ],
    [
      35,
      15475.570000000002
    ],
    [
      36,
      15444.2
    ],
    [
      37,
      15435.79
    ],
    [
      38,
      15427.969999999998
    ],
    [
      39,
      15424.990000000002
    ],
    [
      40,
      15401.91
    ],
    [
      41,
      15231.880000000003
    ],
    [
      43,
      15170.300000000001
    ]
  ]
}