{
  "parameters": {
    "dataset": "app_final_80_loose",
    "t_max": 1000.0,
    "t_min": 10.0,
    "alpha": 0.95,
    "iters_per_T": 1000,
    "neighborhood": "mixed",
    "day_horizon": 600,
    "time_weight": 1.0
  },
  "initial_cost": 6387.089999999999,
  "best_cost": 6134.62,
  "improvement_pct": 0.03952817323695131,
  "best_routes": [
    [
      0,
      15,
      78,
      28,
      59,
      70,
      58,
      27,
      74,
      66,
      69,
      24,
      14,
      45,
      41,
      12,
      21,
      79,
      7,
      4,
      1,
      67,
      50,
      39,
      0
    ],
    [
      0,
      25,
      56,
      10,
      37,
      62,
      64,
      26,
      5,
      60,
      43,
      53,
      33,
      52,
      38,
      65,
      29,
      22,
      11,
      2,
      17,
      75,
      35,
      40,
      44,
      72,
      16,
      0
    ],
    [
      0,
      20,
      34,
      76,
      6,
      55,
      42,
      8,
      63,
      19,
      23,
      46,
      36,
      9,
      30,
      3,
      49,
      80,
      71,
      13,
      47,
      57,
      18,
      77,
      68,
      54,
      31,
      32,
      73,
      51,
      48,
      61,
      0
    ]
  ],
  "metrics_initial": {
    "vehicles_used": 3,
    "total_distance_km": 1987.2299999999998,
    "cost_distance": 1987.2299999999998,
    "cost_time": 1699.8599999999997,
    "vehicle_cost": 2700.0,
    "waiting_E": 61.810000000000045,
    "horizon_excess_E": 0.0,
    "makespan_E": 580.3,
    "sum_route_time_E": 1699.8599999999997,
    "avg_route_time_E": 566.6199999999999
  },
  "metrics_best": {
    "vehicles_used": 3,
    "total_distance_km": 1827.4199999999996,
    "cost_distance": 1827.4199999999996,
    "cost_time": 1607.1999999999998,
    "vehicle_cost": 2700.0,
    "waiting_E": 87.52999999999996,
    "horizon_excess_E": 0.0,
    "makespan_E": 556.0600000000001,
    "sum_route_time_E": 1607.1999999999998,
    "avg_route_time_E": 535.7333333333332
  },
  "metrics_delta": {
    "vehicles_used": 0,
    "total_distance_km": -159.81000000000017,
    "cost_distance": -159.81000000000017,
    "cost_time": -92.65999999999985,
    "vehicle_cost": 0.0,
    "waiting_E": 25.719999999999914,
    "horizon_excess_E": 0.0,
    "makespan_E": -24.239999999999895,
    "sum_route_time_E": -92.65999999999985,
    "avg_route_time_E": -30.886666666666656
  },
  "process": {
    "runtime_seconds": 32.78497314453125,
    "epochs": 90,
    "accepted_moves": 7511,
    "improving_moves": 1272,
    "rejected_window_E_moves": 81268,
    "rejected_window_P_moves": 80059,
    "rejected_window_both_moves": 79261
  },
  "trace_improvements": [
    [
      0,
      6370.719999999999
    ],
    [
      1,
      6365.68
    ],
    [
      3,
      6362.01
    ],
    [
      4,
      6334.67
    ],
    [
      6,
      6297.1
    ],
    [
      7,
      6264.09
    ],
    [
      75,
      6242.179999999999
    ],
    [
      84,
      6216.64
    ],
    [
      85,
      6181.14
    ],
    [
      87,
      6161.34
    ],
    [
      88,
      6134.62
    ]
  ]
}