{
  "parameters": {
    "dataset": "app_final_20_medium",
    "t_max": 1000.0,
    "t_min": 10.0,
    "alpha": 0.95,
    "iters_per_T": 1000,
    "neighborhood": "mixed",
    "day_horizon": 600,
    "time_weight": 1.0
  },
  "initial_cost": 3758.7000000000003,
  "best_cost": 3567.4700000000003,
  "improvement_pct": 0.050876632878388804,
  "best_routes": [
    [
      0,
      17,
      13,
      1,
      11,
      20,
      2,
      19,
      18,
      12,
      14,
      4,
      7,
      0
    ],
    [
      0,
      15,
      5,
      3,
      9,
      10,
      16,
      8,
      6,
      0
    ]
  ],
  "metrics_initial": {
    "vehicles_used": 2,
    "total_distance_km": 917.1800000000001,
    "cost_distance": 917.1800000000001,
    "cost_time": 1041.52,
    "vehicle_cost": 1800.0,
    "waiting_E": 211.95,
    "horizon_excess_E": 0.0,
    "makespan_E": 585.08,
    "sum_route_time_E": 1041.52,
    "avg_route_time_E": 520.76
  },
  "metrics_best": {
    "vehicles_used": 2,
    "total_distance_km": 780.1699999999998,
    "cost_distance": 780.1699999999998,
    "cost_time": 987.3,
    "vehicle_cost": 1800.0,
    "waiting_E": 286.18000000000006,
    "horizon_excess_E": 0.0,
    "makespan_E": 582.97,
    "sum_route_time_E": 987.3,
    "avg_route_time_E": 493.65
  },
  "metrics_delta": {
    "vehicles_used": 0,
    "total_distance_km": -137.01000000000022,
    "cost_distance": -137.01000000000022,
    "cost_time": -54.22000000000003,
    "vehicle_cost": 0.0,
    "waiting_E": 74.23000000000008,
    "horizon_excess_E": 0.0,
    "makespan_E": -2.1100000000000136,
    "sum_route_time_E": -54.22000000000003,
    "avg_route_time_E": -27.110000000000014
  },
  "process": {
    "runtime_seconds": 13.24554967880249,
    "epochs": 90,
    "accepted_moves": 18263,
    "improving_moves": 3541,
    "rejected_window_E_moves": 68273,
    "rejected_window_P_moves": 67234,
    "rejected_window_both_moves": 65870
  },
  "trace_improvements": [
    [
      0,
      3758.7000000000003
    ],
    [
      12,
      3743.79
    ],
    [
      27,
      3742.9700000000003
    ],
    [
      37,
      3703.77
    ],
    [
      44,
      3649.3
    ],
    [
      62,
      3645.9700000000003
    ],
    [
      64,
      3618.0299999999997
    ],
    [
      85,
      3594.96
    ],
    [
      88,
      3582.99
    ],
    [
      89,
      3567.4700000000003
    ]
  ]
}