{
  "parameters": {
    "dataset": "app_final_200_loose",
    "t_max": 1000.0,
    "t_min": 10.0,
    "alpha": 0.95,
    "iters_per_T": 1000,
    "neighborhood": "mixed",
    "day_horizon": 600,
    "time_weight": 1.0
  },
  "initial_cost": 16206.4,
  "best_cost": 15705.6,
  "improvement_pct": 0.03090137229736396,
  "best_routes": [
    [
      0,
      194,
      27,
      69,
      13,
      120,
      174,
      65,
      168,
      55,
      30,
      182,
      152,
      44,
      107,
      146,
      191,
      7,
      126,
      95,
      155,
      161,
      184,
      3,
      145,
      173,
      141,
      124,
      0
    ],
    [
      0,
      137,
      198,
      58,
      150,
      33,
      87,
      151,
      187,
      112,
      129,
      75,
      31,
      188,
      138,
      94,
      50,
      114,
      80,
      59,
      121,
      181,
      158,
      192,
      159,
      185,
      115,
      0
    ],
    [
      0,
      64,
      104,
      119,
      84,
      23,
      175,
      113,
      11,
      199,
      82,
      103,
      189,
      68,
      38,
      54,
      149,
      169,
      200,
      164,
      66,
      122,
      70,
      96,
      154,
      179,
      4,
      0
    ],
    [
      0,
      57,
      176,
      89,
      144,
      127,
      72,
      51,
      97,
      36,
      47,
      2,
      39,
      183,
      98,
      73,
      71,
      156,
      78,
      139,
      110,
      20,
      0
    ],
    [
      0,
      90,
      21,
      28,
      105,
      32,
      92,
      134,
      170,
      25,
      132,
      99,
      186,
      6,
      106,
      19,
      63,
      91,
      196,
      117,
      166,
      81,
      118,
      108,
      157,
      172,
      0
    ],
    [
      0,
      142,
      111,
      130,
      24,
      14,
      83,
      74,
      56,
      22,
      79,
      86,
      5,
      167,
      43,
      76,
      9,
      26,
      93,
      100,
      34,
      15,
      125,
      0
    ],
    [
      0,
      53,
      143,
      135,
      165,
      102,
      48,
      162,
      163,
      52,
      18,
      116,
      101,
      40,
      10,
      128,
      193,
      190,
      123,
      49,
      67,
      133,
      85,
      136,
      88,
      16,
      0
    ],
    [
      0,
      153,
      197,
      60,
      177,
      140,
      148,
      29,
      131,
      1,
      180,
      171,
      109,
      77,
      41,
      160,
      46,
      195,
      178,
      42,
      12,
      17,
      61,
      45,
      147,
      8,
      37,
      62,
      35,
      0
    ]
  ],
  "metrics_initial": {
    "vehicles_used": 8,
    "total_distance_km": 4567.41,
    "cost_distance": 4567.41,
    "cost_time": 4438.99,
    "vehicle_cost": 7200.0,
    "waiting_E": 554.7400000000001,
    "horizon_excess_E": 0.0,
    "makespan_E": 599.64,
    "sum_route_time_E": 4438.99,
    "avg_route_time_E": 554.87375
  },
  "metrics_best": {
    "vehicles_used": 8,
    "total_distance_km": 4332.85,
    "cost_distance": 4332.85,
    "cost_time": 4172.75,
    "vehicle_cost": 7200.0,
    "waiting_E": 389.81000000000006,
    "horizon_excess_E": 0.0,
    "makespan_E": 569.9,
    "sum_route_time_E": 4172.75,
    "avg_route_time_E": 521.59375
  },
  "metrics_delta": {
    "vehicles_used": 0,
    "total_distance_km": -234.5599999999995,
    "cost_distance": -234.5599999999995,
    "cost_time": -266.2399999999998,
    "vehicle_cost": 0.0,
    "waiting_E": -164.93000000000006,
    "horizon_excess_E": 0.0,
    "makespan_E": -29.74000000000001,
    "sum_route_time_E": -266.2399999999998,
    "avg_route_time_E": -33.27999999999997
  },
  "process": {
    "runtime_seconds": 107.114337682724,
    "epochs": 90,
    "accepted_moves": 7791,
    "improving_moves": 1352,
    "rejected_window_E_moves": 80691,
    "rejected_window_P_moves": 78950,
    "rejected_window_both_moves": 77948
  },
  "trace_improvements": [
    [
      0,
      16203.85
    ],
    [
      80,
      16143.869999999995
    ],
    [
      81,
      15997.549999999992
    ],
    [
      85,
      15882.609999999997
    ],
    [
      86,
      15749.98
    ],
    [
      89,
      15705.6
    ]
  ]
}