{
  "parameters": {
    "dataset": "app_final_40_medium",
    "t_max": 1000.0,
    "t_min": 10.0,
    "alpha": 0.95,
    "iters_per_T": 1000,
    "neighborhood": "mixed",
    "day_horizon": 600,
    "time_weight": 1.0
  },
  "initial_cost": 6085.45,
  "best_cost": 5359.05,
  "improvement_pct": 0.11936668611195551,
  "best_routes": [
    [
      0,
      32,
      30,
      29,
      20,
      18,
      10,
      14,
      0
    ],
    [
      0,
      11,
      5,
      17,
      37,
      39,
      12,
      23,
      35,
      7,
      4,
      34,
      24,
      15,
      2,
      25,
      8,
      38,
      21,
      9,
      0
    ],
    [
      0,
      33,
      27,
      40,
      13,
      16,
      3,
      1,
      28,
      36,
      31,
      6,
      19,
      22,
      26,
      0
    ]
  ],
  "metrics_initial": {
    "vehicles_used": 3,
    "total_distance_km": 1722.8400000000004,
    "cost_distance": 1722.8400000000004,
    "cost_time": 1662.61,
    "vehicle_cost": 2700.0,
    "waiting_E": 126.65,
    "horizon_excess_E": 0.0,
    "makespan_E": 589.23,
    "sum_route_time_E": 1662.61,
    "avg_route_time_E": 554.2033333333333
  },
  "metrics_best": {
    "vehicles_used": 3,
    "total_distance_km": 1259.77,
    "cost_distance": 1259.77,
    "cost_time": 1399.2800000000002,
    "vehicle_cost": 2700.0,
    "waiting_E": 262.71000000000004,
    "horizon_excess_E": 0.0,
    "makespan_E": 567.1600000000001,
    "sum_route_time_E": 1399.2800000000002,
    "avg_route_time_E": 466.42666666666673
  },
  "metrics_delta": {
    "vehicles_used": 0,
    "total_distance_km": -463.0700000000004,
    "cost_distance": -463.0700000000004,
    "cost_time": -263.3299999999997,
    "vehicle_cost": 0.0,
    "waiting_E": 136.06000000000003,
    "horizon_excess_E": 0.0,
    "makespan_E": -22.069999999999936,
    "sum_route_time_E": -263.3299999999997,
    "avg_route_time_E": -87.77666666666653
  },
  "process": {
    "runtime_seconds": 20.627319812774658,
    "epochs": 90,
    "accepted_moves": 13322,
    "improving_moves": 2430,
    "rejected_window_E_moves": 73425,
    "rejected_window_P_moves": 74039,
    "rejected_window_both_moves": 72821
  },
  "trace_improvements": [
    [
      0,
      5870.09
    ],
    [
      9,
      5814.26
    ],
    [
      10,
      5760.78
    ],
    [
      34,
      5683.160000000001
    ],
    [
      38,
      5636.890000000001
    ],
    [
      69,
      5566.73
    ],
    [
      70,
      5540.68
    ],
    [
      71,
      5518.85
    ],
    [
      73,
      5492.5
    ],
    [
      76,
      5479.59
    ],
    [
      77,
      5463.52
    ],
    [
      78,
      5418.23
    ],
    [
      85,
      5372.88
    ],
    [
      89,
      5359.05
    ]
  ]
}