{
  "parameters": {
    "dataset": "app_final_40_loose",
    "t_max": 1000.0,
    "t_min": 10.0,
    "alpha": 0.95,
    "iters_per_T": 1000,
    "neighborhood": "mixed",
    "day_horizon": 600,
    "time_weight": 1.0
  },
  "initial_cost": 3810.17,
  "best_cost": 3655.6899999999996,
  "improvement_pct": 0.040544122703186594,
  "best_routes": [
    [
      0,
      31,
      6,
      21,
      5,
      7,
      35,
      32,
      17,
      8,
      39,
      34,
      20,
      28,
      30,
      29,
      37,
      16,
      38,
      36,
      10,
      14,
      13,
      22,
      0
    ],
    [
      0,
      25,
      23,
      19,
      24,
      26,
      9,
      4,
      12,
      40,
      15,
      33,
      2,
      18,
      11,
      3,
      1,
      27,
      0
    ]
  ],
  "metrics_initial": {
    "vehicles_used": 2,
    "total_distance_km": 1018.9900000000001,
    "cost_distance": 1018.9900000000001,
    "cost_time": 991.1800000000001,
    "vehicle_cost": 1800.0,
    "waiting_E": 77.27999999999992,
    "horizon_excess_E": 0.0,
    "makespan_E": 504.1400000000001,
    "sum_route_time_E": 991.1800000000001,
    "avg_route_time_E": 495.59000000000003
  },
  "metrics_best": {
    "vehicles_used": 2,
    "total_distance_km": 901.03,
    "cost_distance": 901.03,
    "cost_time": 954.6600000000001,
    "vehicle_cost": 1800.0,
    "waiting_E": 116.85000000000007,
    "horizon_excess_E": 0.0,
    "makespan_E": 494.39000000000004,
    "sum_route_time_E": 954.6600000000001,
    "avg_route_time_E": 477.33000000000004
  },
  "metrics_delta": {
    "vehicles_used": 0,
    "total_distance_km": -117.96000000000015,
    "cost_distance": -117.96000000000015,
    "cost_time": -36.51999999999998,
    "vehicle_cost": 0.0,
    "waiting_E": 39.57000000000015,
    "horizon_excess_E": 0.0,
    "makespan_E": -9.750000000000057,
    "sum_route_time_E": -36.51999999999998,
    "avg_route_time_E": -18.25999999999999
  },
  "process": {
    "runtime_seconds": 19.351166009902954,
    "epochs": 90,
    "accepted_moves": 11146,
    "improving_moves": 2347,
    "rejected_window_E_moves": 75949,
    "rejected_window_P_moves": 75576,
    "rejected_window_both_moves": 74569
  },
  "trace_improvements": [
    [
      0,
      3810.17
    ],
    [
      62,
      3716.1299999999997
    ],
    [
      85,
      3680.9700000000003
    ],
    [
      86,
      3667.78
    ],
    [
      87,
      3655.6899999999996
    ]
  ]
}