{
  "parameters": {
    "dataset": "app_final_80_loose",
    "t_max": 1000.0,
    "t_min": 10.0,
    "alpha": 0.7,
    "iters_per_T": 1000,
    "neighborhood": "mixed",
    "day_horizon": 600,
    "time_weight": 1.0
  },
  "initial_cost": 6387.089999999999,
  "best_cost": 6188.9,
  "improvement_pct": 0.03102978038512055,
  "best_routes": [
    [
      0,
      66,
      65,
      20,
      25,
      70,
      28,
      35,
      74,
      24,
      14,
      55,
      45,
      41,
      12,
      21,
      36,
      46,
      18,
      77,
      68,
      13,
      57,
      47,
      31,
      50,
      72,
      16,
      39,
      0
    ],
    [
      0,
      27,
      76,
      6,
      56,
      10,
      54,
      37,
      58,
      59,
      33,
      52,
      38,
      69,
      29,
      2,
      75,
      7,
      51,
      73,
      53,
      32,
      40,
      67,
      0
    ],
    [
      0,
      78,
      15,
      34,
      42,
      63,
      19,
      8,
      23,
      80,
      49,
      30,
      3,
      9,
      62,
      64,
      26,
      5,
      4,
      71,
      44,
      43,
      60,
      1,
      79,
      17,
      11,
      22,
      48,
      61,
      0
    ]
  ],
  "metrics_initial": {
    "vehicles_used": 3,
    "total_distance_km": 1987.2299999999998,
    "cost_distance": 1987.2299999999998,
    "cost_time": 1699.8599999999997,
    "vehicle_cost": 2700.0,
    "waiting_E": 61.810000000000045,
    "horizon_excess_E": 0.0,
    "makespan_E": 580.3,
    "sum_route_time_E": 1699.8599999999997,
    "avg_route_time_E": 566.6199999999999
  },
  "metrics_best": {
    "vehicles_used": 3,
    "total_distance_km": 1868.4799999999993,
    "cost_distance": 1868.4799999999993,
    "cost_time": 1620.42,
    "vehicle_cost": 2700.0,
    "waiting_E": 73.09,
    "horizon_excess_E": 0.0,
    "makespan_E": 554.1999999999999,
    "sum_route_time_E": 1620.42,
    "avg_route_time_E": 540.14
  },
  "metrics_delta": {
    "vehicles_used": 0,
    "total_distance_km": -118.75000000000045,
    "cost_distance": -118.75000000000045,
    "cost_time": -79.4399999999996,
    "vehicle_cost": 0.0,
    "waiting_E": 11.279999999999959,
    "horizon_excess_E": 0.0,
    "makespan_E": -26.100000000000023,
    "sum_route_time_E": -79.4399999999996,
    "avg_route_time_E": -26.479999999999905
  },
  "process": {
    "runtime_seconds": 5.208958625793457,
    "epochs": 13,
    "accepted_moves": 953,
    "improving_moves": 142,
    "rejected_window_E_moves": 11876,
    "rejected_window_P_moves": 11869,
    "rejected_window_both_moves": 11759
  },
  "trace_improvements": [
    [
      0,
      6331.0599999999995
    ],
    [
      3,
      6318.36
    ],
    [
      9,
      6284.649999999999
    ],
    [
      11,
      6256.58
    ],
    [
      12,
      6188.9
    ]
  ]
}