{
  "parameters": {
    "dataset": "app_final_40_very_loose",
    "t_max": 1000.0,
    "t_min": 10.0,
    "alpha": 0.7,
    "iters_per_T": 1000,
    "neighborhood": "mixed",
    "day_horizon": 600,
    "time_weight": 1.0
  },
  "initial_cost": 4057.98,
  "best_cost": 3950.71,
  "improvement_pct": 0.026434334323973994,
  "best_routes": [
    [
      0,
      20,
      31,
      6,
      33,
      35,
      38,
      12,
      30,
      13,
      34,
      1,
      18,
      11,
      26,
      25,
      24,
      3,
      23,
      2,
      36,
      17,
      7,
      0
    ],
    [
      0,
      39,
      14,
      8,
      32,
      21,
      5,
      22,
      10,
      37,
      9,
      28,
      4,
      19,
      29,
      16,
      27,
      15,
      40,
      0
    ]
  ],
  "metrics_initial": {
    "vehicles_used": 2,
    "total_distance_km": 1132.81,
    "cost_distance": 1132.81,
    "cost_time": 1125.17,
    "vehicle_cost": 1800.0,
    "waiting_E": 120.92999999999999,
    "horizon_excess_E": 0.0,
    "makespan_E": 578.77,
    "sum_route_time_E": 1125.17,
    "avg_route_time_E": 562.585
  },
  "metrics_best": {
    "vehicles_used": 2,
    "total_distance_km": 1085.1200000000001,
    "cost_distance": 1085.1200000000001,
    "cost_time": 1065.59,
    "vehicle_cost": 1800.0,
    "waiting_E": 69.57999999999998,
    "horizon_excess_E": 0.0,
    "makespan_E": 573.0899999999999,
    "sum_route_time_E": 1065.59,
    "avg_route_time_E": 532.795
  },
  "metrics_delta": {
    "vehicles_used": 0,
    "total_distance_km": -47.68999999999983,
    "cost_distance": -47.68999999999983,
    "cost_time": -59.580000000000155,
    "vehicle_cost": 0.0,
    "waiting_E": -51.35000000000001,
    "horizon_excess_E": 0.0,
    "makespan_E": -5.680000000000064,
    "sum_route_time_E": -59.580000000000155,
    "avg_route_time_E": -29.790000000000077
  },
  "process": {
    "runtime_seconds": 2.8424429893493652,
    "epochs": 13,
    "accepted_moves": 1801,
    "improving_moves": 429,
    "rejected_window_E_moves": 10805,
    "rejected_window_P_moves": 10183,
    "rejected_window_both_moves": 9955
  },
  "trace_improvements": [
    [
      0,
      4057.98
    ],
    [
      9,
      4023.1900000000005
    ],
    [
      11,
      3966.85
    ],
    [
      12,
      3950.71
    ]
  ]
}