{
  "parameters": {
    "dataset": "app_final_40_tight",
    "t_max": 1000.0,
    "t_min": 10.0,
    "alpha": 0.9,
    "iters_per_T": 1000,
    "neighborhood": "mixed",
    "day_horizon": 600,
    "time_weight": 1.0
  },
  "initial_cost": 9186.7,
  "best_cost": 8690.439999999999,
  "improvement_pct": 0.05401939760741093,
  "best_routes": [
    [
      0,
      20,
      9,
      33,
      2,
      31,
      29,
      27,
      4,
      28,
      0
    ],
    [
      0,
      36,
      24,
      14,
      39,
      5,
      8,
      13,
      0
    ],
    [
      0,
      21,
      16,
      18,
      26,
      10,
      37,
      23,
      34,
      38,
      0
    ],
    [
      0,
      22,
      30,
      25,
      7,
      0
    ],
    [
      0,
      35,
      3,
      12,
      6,
      1,
      32,
      17,
      40,
      15,
      11,
      19,
      0
    ]
  ],
  "metrics_initial": {
    "vehicles_used": 5,
    "total_distance_km": 1991.9199999999998,
    "cost_distance": 1991.9199999999998,
    "cost_time": 2694.78,
    "vehicle_cost": 4500.0,
    "waiting_E": 869.1899999999998,
    "horizon_excess_E": 0.0,
    "makespan_E": 582.24,
    "sum_route_time_E": 2694.78,
    "avg_route_time_E": 538.956
  },
  "metrics_best": {
    "vehicles_used": 5,
    "total_distance_km": 1549.9199999999998,
    "cost_distance": 1549.9199999999998,
    "cost_time": 2640.5199999999995,
    "vehicle_cost": 4500.0,
    "waiting_E": 1244.25,
    "horizon_excess_E": 0.0,
    "makespan_E": 599.3599999999999,
    "sum_route_time_E": 2640.5199999999995,
    "avg_route_time_E": 528.1039999999999
  },
  "metrics_delta": {
    "vehicles_used": 0,
    "total_distance_km": -442.0,
    "cost_distance": -442.0,
    "cost_time": -54.26000000000067,
    "vehicle_cost": 0.0,
    "waiting_E": 375.0600000000002,
    "horizon_excess_E": 0.0,
    "makespan_E": 17.11999999999989,
    "sum_route_time_E": -54.26000000000067,
    "avg_route_time_E": -10.85200000000009
  },
  "process": {
    "runtime_seconds": 11.836221694946289,
    "epochs": 44,
    "accepted_moves": 8045,
    "improving_moves": 1026,
    "rejected_window_E_moves": 34865,
    "rejected_window_P_moves": 35002,
    "rejected_window_both_moves": 34557
  },
  "trace_improvements": [
    [
      0,
      9186.7
    ],
    [
      11,
      9144.12
    ],
    [
      16,
      8989.54
    ],
    [
      31,
      8932.31
    ],
    [
      32,
      8930.56
    ],
    [
      36,
      8838.97
    ],
    [
      39,
      8793.939999999999
    ],
    [
      40,
      8723.619999999999
    ],
    [
      41,
      8690.439999999999
    ]
  ]
}