{
  "parameters": {
    "dataset": "app_final_40_loose",
    "t_max": 1000.0,
    "t_min": 10.0,
    "alpha": 0.9,
    "iters_per_T": 1000,
    "neighborhood": "mixed",
    "day_horizon": 600,
    "time_weight": 1.0
  },
  "initial_cost": 3810.17,
  "best_cost": 3699.75,
  "improvement_pct": 0.02898033421080951,
  "best_routes": [
    [
      0,
      25,
      23,
      35,
      32,
      17,
      8,
      39,
      28,
      20,
      34,
      1,
      13,
      22,
      14,
      37,
      16,
      38,
      36,
      10,
      0
    ],
    [
      0,
      31,
      6,
      21,
      24,
      19,
      7,
      5,
      2,
      26,
      4,
      9,
      12,
      40,
      15,
      33,
      29,
      18,
      11,
      30,
      3,
      27,
      0
    ]
  ],
  "metrics_initial": {
    "vehicles_used": 2,
    "total_distance_km": 1018.9900000000001,
    "cost_distance": 1018.9900000000001,
    "cost_time": 991.1800000000001,
    "vehicle_cost": 1800.0,
    "waiting_E": 77.27999999999992,
    "horizon_excess_E": 0.0,
    "makespan_E": 504.1400000000001,
    "sum_route_time_E": 991.1800000000001,
    "avg_route_time_E": 495.59000000000003
  },
  "metrics_best": {
    "vehicles_used": 2,
    "total_distance_km": 948.77,
    "cost_distance": 948.77,
    "cost_time": 950.98,
    "vehicle_cost": 1800.0,
    "waiting_E": 79.29000000000003,
    "horizon_excess_E": 0.0,
    "makespan_E": 483.40000000000003,
    "sum_route_time_E": 950.98,
    "avg_route_time_E": 475.49
  },
  "metrics_delta": {
    "vehicles_used": 0,
    "total_distance_km": -70.22000000000014,
    "cost_distance": -70.22000000000014,
    "cost_time": -40.200000000000045,
    "vehicle_cost": 0.0,
    "waiting_E": 2.010000000000119,
    "horizon_excess_E": 0.0,
    "makespan_E": -20.740000000000066,
    "sum_route_time_E": -40.200000000000045,
    "avg_route_time_E": -20.100000000000023
  },
  "process": {
    "runtime_seconds": 9.553210258483887,
    "epochs": 44,
    "accepted_moves": 5365,
    "improving_moves": 1129,
    "rejected_window_E_moves": 37322,
    "rejected_window_P_moves": 37068,
    "rejected_window_both_moves": 36557
  },
  "trace_improvements": [
    [
      0,
      3810.17
    ],
    [
      33,
      3802.46
    ],
    [
      39,
      3793.55
    ],
    [
      40,
      3710.41
    ],
    [
      41,
      3708.54
    ],
    [
      43,
      3699.75
    ]
  ]
}