{
  "parameters": {
    "dataset": "app_final_40_medium",
    "t_max": 1000.0,
    "t_min": 10.0,
    "alpha": 0.5,
    "iters_per_T": 1000,
    "neighborhood": "mixed",
    "day_horizon": 600,
    "time_weight": 1.0
  },
  "initial_cost": 6085.45,
  "best_cost": 5728.5,
  "improvement_pct": 0.058656303149315143,
  "best_routes": [
    [
      0,
      11,
      5,
      17,
      37,
      16,
      18,
      10,
      14,
      26,
      22,
      20,
      19,
      15,
      25,
      38,
      0
    ],
    [
      0,
      30,
      33,
      27,
      13,
      40,
      31,
      24,
      29,
      4,
      34,
      2,
      8,
      0
    ],
    [
      0,
      39,
      12,
      7,
      35,
      32,
      23,
      6,
      36,
      3,
      1,
      28,
      9,
      21,
      0
    ]
  ],
  "metrics_initial": {
    "vehicles_used": 3,
    "total_distance_km": 1722.8400000000004,
    "cost_distance": 1722.8400000000004,
    "cost_time": 1662.61,
    "vehicle_cost": 2700.0,
    "waiting_E": 126.65,
    "horizon_excess_E": 0.0,
    "makespan_E": 589.23,
    "sum_route_time_E": 1662.61,
    "avg_route_time_E": 554.2033333333333
  },
  "metrics_best": {
    "vehicles_used": 3,
    "total_distance_km": 1487.8299999999997,
    "cost_distance": 1487.8299999999997,
    "cost_time": 1540.67,
    "vehicle_cost": 2700.0,
    "waiting_E": 146.21,
    "horizon_excess_E": 0.0,
    "makespan_E": 571.4,
    "sum_route_time_E": 1540.67,
    "avg_route_time_E": 513.5566666666667
  },
  "metrics_delta": {
    "vehicles_used": 0,
    "total_distance_km": -235.01000000000067,
    "cost_distance": -235.01000000000067,
    "cost_time": -121.93999999999983,
    "vehicle_cost": 0.0,
    "waiting_E": 19.560000000000002,
    "horizon_excess_E": 0.0,
    "makespan_E": -17.83000000000004,
    "sum_route_time_E": -121.93999999999983,
    "avg_route_time_E": -40.64666666666653
  },
  "process": {
    "runtime_seconds": 2.134477376937866,
    "epochs": 7,
    "accepted_moves": 1052,
    "improving_moves": 210,
    "rejected_window_E_moves": 5748,
    "rejected_window_P_moves": 5754,
    "rejected_window_both_moves": 5648
  },
  "trace_improvements": [
    [
      0,
      6015.84
    ],
    [
      2,
      6011.709999999999
    ],
    [
      5,
      5869.990000000001
    ],
    [
      6,
      5728.5
    ]
  ]
}