{
  "parameters": {
    "dataset": "app_final_20_very_loose",
    "t_max": 1000.0,
    "t_min": 10.0,
    "alpha": 0.7,
    "iters_per_T": 1000,
    "neighborhood": "mixed",
    "day_horizon": 600,
    "time_weight": 1.0
  },
  "initial_cost": 3222.19,
  "best_cost": 3089.5,
  "improvement_pct": 0.04118006697308354,
  "best_routes": [
    [
      0,
      9,
      2,
      18,
      5,
      1,
      3,
      4,
      8,
      14,
      16,
      0
    ],
    [
      0,
      10,
      17,
      7,
      13,
      19,
      11,
      12,
      6,
      20,
      15,
      0
    ]
  ],
  "metrics_initial": {
    "vehicles_used": 2,
    "total_distance_km": 649.4700000000001,
    "cost_distance": 649.4700000000001,
    "cost_time": 772.7199999999999,
    "vehicle_cost": 1800.0,
    "waiting_E": 192.59,
    "horizon_excess_E": 0.0,
    "makespan_E": 413.61999999999995,
    "sum_route_time_E": 772.7199999999999,
    "avg_route_time_E": 386.35999999999996
  },
  "metrics_best": {
    "vehicles_used": 2,
    "total_distance_km": 592.2700000000001,
    "cost_distance": 592.2700000000001,
    "cost_time": 697.23,
    "vehicle_cost": 1800.0,
    "waiting_E": 154.75000000000003,
    "horizon_excess_E": 0.0,
    "makespan_E": 362.09000000000003,
    "sum_route_time_E": 697.23,
    "avg_route_time_E": 348.615
  },
  "metrics_delta": {
    "vehicles_used": 0,
    "total_distance_km": -57.200000000000045,
    "cost_distance": -57.200000000000045,
    "cost_time": -75.4899999999999,
    "vehicle_cost": 0.0,
    "waiting_E": -37.839999999999975,
    "horizon_excess_E": 0.0,
    "makespan_E": -51.529999999999916,
    "sum_route_time_E": -75.4899999999999,
    "avg_route_time_E": -37.74499999999995
  },
  "process": {
    "runtime_seconds": 2.3807528018951416,
    "epochs": 13,
    "accepted_moves": 4061,
    "improving_moves": 1223,
    "rejected_window_E_moves": 7008,
    "rejected_window_P_moves": 7240,
    "rejected_window_both_moves": 6794
  },
  "trace_improvements": [
    [
      0,
      3222.19
    ],
    [
      9,
      3149.37
    ],
    [
      10,
      3117.21
    ],
    [
      12,
      3089.5
    ]
  ]
}