{
  "parameters": {
    "dataset": "app_final_80_very_loose",
    "t_max": 1000.0,
    "t_min": 10.0,
    "alpha": 0.9,
    "iters_per_T": 1000,
    "neighborhood": "mixed",
    "day_horizon": 600,
    "time_weight": 1.0
  },
  "initial_cost": 6154.709999999999,
  "best_cost": 5806.650000000001,
  "improvement_pct": 0.056551811539454926,
  "best_routes": [
    [
      0,
      25,
      50,
      29,
      37,
      46,
      24,
      7,
      22,
      41,
      56,
      39,
      51,
      18,
      13,
      71,
      1,
      69,
      77,
      79,
      64,
      26,
      57,
      21,
      10,
      0
    ],
    [
      0,
      40,
      5,
      31,
      63,
      19,
      42,
      66,
      59,
      28,
      78,
      23,
      33,
      20,
      55,
      16,
      54,
      14,
      60,
      61,
      45,
      2,
      75,
      15,
      74,
      62,
      49,
      67,
      65,
      38,
      72,
      9,
      6,
      0
    ],
    [
      0,
      3,
      47,
      11,
      35,
      36,
      52,
      44,
      4,
      43,
      68,
      48,
      34,
      58,
      17,
      27,
      30,
      70,
      12,
      80,
      53,
      73,
      8,
      32,
      76,
      0
    ]
  ],
  "metrics_initial": {
    "vehicles_used": 3,
    "total_distance_km": 1864.99,
    "cost_distance": 1864.99,
    "cost_time": 1589.7199999999998,
    "vehicle_cost": 2700.0,
    "waiting_E": 20.30000000000001,
    "horizon_excess_E": 0.0,
    "makespan_E": 596.4899999999999,
    "sum_route_time_E": 1589.7199999999998,
    "avg_route_time_E": 529.9066666666666
  },
  "metrics_best": {
    "vehicles_used": 3,
    "total_distance_km": 1616.6100000000008,
    "cost_distance": 1616.6100000000008,
    "cost_time": 1490.04,
    "vehicle_cost": 2700.0,
    "waiting_E": 67.28999999999999,
    "horizon_excess_E": 0.0,
    "makespan_E": 515.2999999999998,
    "sum_route_time_E": 1490.04,
    "avg_route_time_E": 496.68
  },
  "metrics_delta": {
    "vehicles_used": 0,
    "total_distance_km": -248.3799999999992,
    "cost_distance": -248.3799999999992,
    "cost_time": -99.67999999999984,
    "vehicle_cost": 0.0,
    "waiting_E": 46.98999999999998,
    "horizon_excess_E": 0.0,
    "makespan_E": -81.19000000000005,
    "sum_route_time_E": -99.67999999999984,
    "avg_route_time_E": -33.22666666666663
  },
  "process": {
    "runtime_seconds": 16.7602596282959,
    "epochs": 44,
    "accepted_moves": 4254,
    "improving_moves": 912,
    "rejected_window_E_moves": 38792,
    "rejected_window_P_moves": 38175,
    "rejected_window_both_moves": 37712
  },
  "trace_improvements": [
    [
      0,
      6146.650000000001
    ],
    [
      31,
      6146.49
    ],
    [
      33,
      6056.889999999999
    ],
    [
      36,
      6011.530000000001
    ],
    [
      39,
      5810.96
    ],
    [
      41,
      5806.650000000001
    ]
  ]
}