{
  "parameters": {
    "dataset": "app_final_80_tight",
    "t_max": 1000.0,
    "t_min": 10.0,
    "alpha": 0.6,
    "iters_per_T": 1000,
    "neighborhood": "mixed",
    "day_horizon": 600,
    "time_weight": 1.0
  },
  "initial_cost": 11626.3,
  "best_cost": 11433.330000000002,
  "improvement_pct": 0.01659771380404751,
  "best_routes": [
    [
      0,
      18,
      6,
      33,
      62,
      40,
      45,
      43,
      5,
      7,
      74,
      46,
      64,
      27,
      70,
      0
    ],
    [
      0,
      21,
      15,
      31,
      10,
      22,
      55,
      8,
      51,
      71,
      3,
      58,
      12,
      11,
      67,
      0
    ],
    [
      0,
      4,
      48,
      20,
      17,
      52,
      35,
      73,
      77,
      76,
      1,
      63,
      80,
      0
    ],
    [
      0,
      36,
      26,
      72,
      28,
      2,
      14,
      79,
      42,
      24,
      25,
      78,
      47,
      44,
      30,
      37,
      75,
      69,
      0
    ],
    [
      0,
      50,
      60,
      56,
      23,
      16,
      68,
      61,
      59,
      49,
      57,
      19,
      53,
      38,
      0
    ],
    [
      0,
      34,
      66,
      29,
      54,
      13,
      41,
      39,
      9,
      65,
      32,
      0
    ]
  ],
  "metrics_initial": {
    "vehicles_used": 6,
    "total_distance_km": 2998.07,
    "cost_distance": 2998.07,
    "cost_time": 3228.2300000000005,
    "vehicle_cost": 5400.0,
    "waiting_E": 485.42,
    "horizon_excess_E": 0.0,
    "makespan_E": 597.35,
    "sum_route_time_E": 3228.2300000000005,
    "avg_route_time_E": 538.0383333333334
  },
  "metrics_best": {
    "vehicles_used": 6,
    "total_distance_km": 2899.04,
    "cost_distance": 2899.04,
    "cost_time": 3134.29,
    "vehicle_cost": 5400.0,
    "waiting_E": 487.78,
    "horizon_excess_E": 0.0,
    "makespan_E": 574.5600000000001,
    "sum_route_time_E": 3134.29,
    "avg_route_time_E": 522.3816666666667
  },
  "metrics_delta": {
    "vehicles_used": 0,
    "total_distance_km": -99.0300000000002,
    "cost_distance": -99.0300000000002,
    "cost_time": -93.94000000000051,
    "vehicle_cost": 0.0,
    "waiting_E": 2.359999999999957,
    "horizon_excess_E": 0.0,
    "makespan_E": -22.789999999999964,
    "sum_route_time_E": -93.94000000000051,
    "avg_route_time_E": -15.656666666666752
  },
  "process": {
    "runtime_seconds": 4.368469476699829,
    "epochs": 10,
    "accepted_moves": 1186,
    "improving_moves": 146,
    "rejected_window_E_moves": 8619,
    "rejected_window_P_moves": 8712,
    "rejected_window_both_moves": 8594
  },
  "trace_improvements": [
    [
      0,
      11626.3
    ],
    [
      6,
      11555.77
    ],
    [
      7,
      11548.96
    ],
    [
      9,
      11433.330000000002
    ]
  ]
}