{
  "parameters": {
    "dataset": "app_final_120_tight",
    "t_max": 1000.0,
    "t_min": 10.0,
    "alpha": 0.5,
    "iters_per_T": 1000,
    "neighborhood": "mixed",
    "day_horizon": 600,
    "time_weight": 1.0
  },
  "initial_cost": 15820.490000000003,
  "best_cost": 15784.910000000003,
  "improvement_pct": 0.00224898217438271,
  "best_routes": [
    [
      0,
      85,
      38,
      11,
      51,
      8,
      65,
      103,
      2,
      7,
      42,
      22,
      55,
      6,
      0
    ],
    [
      0,
      74,
      109,
      18,
      48,
      86,
      33,
      1,
      75,
      40,
      30,
      47,
      87,
      105,
      16,
      15,
      35,
      44,
      89,
      0
    ],
    [
      0,
      67,
      53,
      91,
      21,
      80,
      113,
      28,
      4,
      72,
      27,
      81,
      97,
      119,
      0
    ],
    [
      0,
      69,
      43,
      62,
      60,
      100,
      49,
      73,
      114,
      17,
      83,
      24,
      5,
      46,
      0
    ],
    [
      0,
      41,
      79,
      70,
      93,
      68,
      76,
      61,
      20,
      54,
      19,
      115,
      37,
      112,
      13,
      111,
      57,
      106,
      9,
      39,
      84,
      0
    ],
    [
      0,
      118,
      14,
      88,
      25,
      71,
      78,
      56,
      45,
      34,
      66,
      110,
      52,
      63,
      12,
      101,
      50,
      58,
      95,
      94,
      0
    ],
    [
      0,
      59,
      32,
      82,
      36,
      107,
      104,
      96,
      99,
      77,
      98,
      31,
      0
    ],
    [
      0,
      102,
      92,
      26,
      64,
      29,
      3,
      108,
      116,
      10,
      120,
      23,
      90,
      117,
      0
    ]
  ],
  "metrics_initial": {
    "vehicles_used": 8,
    "total_distance_km": 4535.980000000002,
    "cost_distance": 4535.980000000002,
    "cost_time": 4084.5100000000007,
    "vehicle_cost": 7200.0,
    "waiting_E": 389.52,
    "horizon_excess_E": 0.0,
    "makespan_E": 599.3900000000001,
    "sum_route_time_E": 4084.5100000000007,
    "avg_route_time_E": 510.5637500000001
  },
  "metrics_best": {
    "vehicles_used": 8,
    "total_distance_km": 4269.950000000003,
    "cost_distance": 4269.950000000003,
    "cost_time": 4314.96,
    "vehicle_cost": 7200.0,
    "waiting_E": 800.3199999999999,
    "horizon_excess_E": 0.0,
    "makespan_E": 596.47,
    "sum_route_time_E": 4314.96,
    "avg_route_time_E": 539.37
  },
  "metrics_delta": {
    "vehicles_used": 0,
    "total_distance_km": -266.02999999999975,
    "cost_distance": -266.02999999999975,
    "cost_time": 230.44999999999936,
    "vehicle_cost": 0.0,
    "waiting_E": 410.79999999999995,
    "horizon_excess_E": 0.0,
    "makespan_E": -2.9200000000000728,
    "sum_route_time_E": 230.44999999999936,
    "avg_route_time_E": 28.80624999999992
  },
  "process": {
    "runtime_seconds": 5.0971081256866455,
    "epochs": 7,
    "accepted_moves": 855,
    "improving_moves": 116,
    "rejected_window_E_moves": 6045,
    "rejected_window_P_moves": 6090,
    "rejected_window_both_moves": 6026
  },
  "trace_improvements": [
    [
      0,
      15813.570000000003
    ],
    [
      6,
      15784.910000000003
    ]
  ]
}