{
  "parameters": {
    "dataset": "app_final_80_tight",
    "t_max": 1000.0,
    "t_min": 10.0,
    "alpha": 0.95,
    "iters_per_T": 1000,
    "neighborhood": "mixed",
    "day_horizon": 600,
    "time_weight": 1.0
  },
  "initial_cost": 11626.3,
  "best_cost": 10751.45,
  "improvement_pct": 0.07524749920438993,
  "best_routes": [
    [
      0,
      18,
      50,
      6,
      33,
      62,
      40,
      45,
      43,
      60,
      73,
      52,
      35,
      39,
      64,
      27,
      37,
      75,
      69,
      70,
      0
    ],
    [
      0,
      48,
      20,
      22,
      51,
      8,
      25,
      3,
      58,
      19,
      67,
      12,
      0
    ],
    [
      0,
      31,
      56,
      15,
      17,
      16,
      68,
      10,
      79,
      77,
      57,
      0
    ],
    [
      0,
      36,
      26,
      72,
      29,
      54,
      13,
      74,
      41,
      59,
      46,
      30,
      71,
      44,
      47,
      53,
      38,
      32,
      0
    ],
    [
      0,
      34,
      4,
      21,
      5,
      7,
      61,
      78,
      65,
      0
    ],
    [
      0,
      66,
      28,
      2,
      55,
      14,
      24,
      23,
      42,
      49,
      11,
      63,
      1,
      76,
      9,
      80,
      0
    ]
  ],
  "metrics_initial": {
    "vehicles_used": 6,
    "total_distance_km": 2998.07,
    "cost_distance": 2998.07,
    "cost_time": 3228.2300000000005,
    "vehicle_cost": 5400.0,
    "waiting_E": 485.42,
    "horizon_excess_E": 0.0,
    "makespan_E": 597.35,
    "sum_route_time_E": 3228.2300000000005,
    "avg_route_time_E": 538.0383333333334
  },
  "metrics_best": {
    "vehicles_used": 6,
    "total_distance_km": 2439.580000000001,
    "cost_distance": 2439.580000000001,
    "cost_time": 2911.87,
    "vehicle_cost": 5400.0,
    "waiting_E": 683.07,
    "horizon_excess_E": 0.0,
    "makespan_E": 599.6300000000001,
    "sum_route_time_E": 2911.87,
    "avg_route_time_E": 485.31166666666667
  },
  "metrics_delta": {
    "vehicles_used": 0,
    "total_distance_km": -558.4899999999993,
    "cost_distance": -558.4899999999993,
    "cost_time": -316.3600000000006,
    "vehicle_cost": 0.0,
    "waiting_E": 197.65000000000003,
    "horizon_excess_E": 0.0,
    "makespan_E": 2.2800000000000864,
    "sum_route_time_E": -316.3600000000006,
    "avg_route_time_E": -52.726666666666745
  },
  "process": {
    "runtime_seconds": 38.2951717376709,
    "epochs": 90,
    "accepted_moves": 10871,
    "improving_moves": 1360,
    "rejected_window_E_moves": 77800,
    "rejected_window_P_moves": 78316,
    "rejected_window_both_moves": 77497
  },
  "trace_improvements": [
    [
      0,
      11581.62
    ],
    [
      56,
      11426.45
    ],
    [
      57,
      11333.53
    ],
    [
      66,
      11192.57
    ],
    [
      67,
      11170.17
    ],
    [
      69,
      11163.170000000002
    ],
    [
      74,
      11084.52
    ],
    [
      75,
      11011.74
    ],
    [
      76,
      10964.05
    ],
    [
      77,
      10939.810000000001
    ],
    [
      78,
      10892.93
    ],
    [
      80,
      10867.470000000001
    ],
    [
      81,
      10840.5
    ],
    [
      82,
      10833.940000000002
    ],
    [
      83,
      10818.580000000002
    ],
    [
      84,
      10752.740000000002
    ],
    [
      85,
      10751.45
    ]
  ]
}