{
  "parameters": {
    "dataset": "app_final_200_loose",
    "t_max": 1000.0,
    "t_min": 10.0,
    "alpha": 0.9,
    "iters_per_T": 1000,
    "neighborhood": "mixed",
    "day_horizon": 600,
    "time_weight": 1.0
  },
  "initial_cost": 16206.4,
  "best_cost": 16206.4,
  "improvement_pct": 0.0,
  "best_routes": [
    [
      0,
      92,
      134,
      27,
      149,
      25,
      98,
      150,
      87,
      177,
      188,
      195,
      31,
      42,
      113,
      84,
      23,
      152,
      162,
      126,
      95,
      34,
      15,
      172,
      40,
      138,
      37,
      96,
      110,
      124,
      164,
      0
    ],
    [
      0,
      58,
      14,
      151,
      187,
      197,
      82,
      109,
      199,
      182,
      30,
      163,
      94,
      148,
      101,
      116,
      168,
      80,
      127,
      122,
      71,
      167,
      45,
      147,
      77,
      118,
      41,
      11,
      62,
      192,
      115,
      185,
      0
    ],
    [
      0,
      137,
      74,
      1,
      153,
      60,
      64,
      104,
      119,
      175,
      44,
      146,
      107,
      7,
      52,
      68,
      186,
      65,
      13,
      102,
      100,
      32,
      90,
      69,
      161,
      189,
      56,
      20,
      128,
      130,
      79,
      179,
      181,
      61,
      156,
      59,
      158,
      0
    ],
    [
      0,
      36,
      53,
      112,
      176,
      89,
      144,
      72,
      33,
      67,
      51,
      97,
      142,
      194,
      183,
      2,
      170,
      193,
      39,
      10,
      200,
      86,
      139,
      78,
      114,
      8,
      178,
      145,
      108,
      81,
      160,
      166,
      157,
      0
    ],
    [
      0,
      143,
      111,
      47,
      165,
      135,
      105,
      26,
      174,
      21,
      38,
      9,
      131,
      54,
      6,
      18,
      132,
      48,
      63,
      106,
      91,
      19,
      155,
      117,
      196,
      133,
      4,
      159,
      123,
      0
    ],
    [
      0,
      22,
      154,
      121,
      24,
      75,
      70,
      5,
      129,
      17,
      43,
      141,
      173,
      35,
      76,
      125,
      93,
      0
    ],
    [
      0,
      180,
      29,
      55,
      103,
      46,
      120,
      140,
      50,
      66,
      83,
      169,
      136,
      88,
      190,
      85,
      16,
      0
    ],
    [
      0,
      198,
      57,
      28,
      191,
      99,
      184,
      3,
      171,
      12,
      73,
      49,
      0
    ]
  ],
  "metrics_initial": {
    "vehicles_used": 8,
    "total_distance_km": 4567.41,
    "cost_distance": 4567.41,
    "cost_time": 4438.99,
    "vehicle_cost": 7200.0,
    "waiting_E": 554.7400000000001,
    "horizon_excess_E": 0.0,
    "makespan_E": 599.64,
    "sum_route_time_E": 4438.99,
    "avg_route_time_E": 554.87375
  },
  "metrics_best": {
    "vehicles_used": 8,
    "total_distance_km": 4567.41,
    "cost_distance": 4567.41,
    "cost_time": 4438.99,
    "vehicle_cost": 7200.0,
    "waiting_E": 554.7400000000001,
    "horizon_excess_E": 0.0,
    "makespan_E": 599.64,
    "sum_route_time_E": 4438.99,
    "avg_route_time_E": 554.87375
  },
  "metrics_delta": {
    "vehicles_used": 0,
    "total_distance_km": 0.0,
    "cost_distance": 0.0,
    "cost_time": 0.0,
    "vehicle_cost": 0.0,
    "waiting_E": 0.0,
    "horizon_excess_E": 0.0,
    "makespan_E": 0.0,
    "sum_route_time_E": 0.0,
    "avg_route_time_E": 0.0
  },
  "process": {
    "runtime_seconds": 48.89157319068909,
    "epochs": 44,
    "accepted_moves": 3626,
    "improving_moves": 619,
    "rejected_window_E_moves": 39764,
    "rejected_window_P_moves": 38883,
    "rejected_window_both_moves": 38391
  },
  "trace_improvements": [
    [
      0,
      16206.4
    ]
  ]
}